sample,phase,horizon,asset,n,mean_return,median_return,positive_rate,mean_excess_spy,excess_hit_rate
modern_2013_2025,election,apr_oct,DEF,3,0.08800144366825398,0.0973310650869963,1.0,-0.05078644513403008,0.3333333333333333
modern_2013_2025,election,apr_oct,QQQ,3,0.1957154248959423,0.09299346708063072,1.0,0.05692753609365823,0.6666666666666666
modern_2013_2025,election,apr_oct,SPY,3,0.13878788880228407,0.09397281926226997,1.0,0.0,0.0
modern_2013_2025,election,apr_oct,XLK,3,0.17857762482065245,0.07862883682488975,1.0,0.0397897360183684,0.6666666666666666
modern_2013_2025,election,apr_oct,XLP,3,0.07628239254319598,0.06277991664628235,1.0,-0.06250549625908808,0.0
modern_2013_2025,election,apr_oct,XLU,3,0.1310587473757685,0.1449515469159508,1.0,-0.007729141426515558,0.3333333333333333
modern_2013_2025,election,apr_oct,XLV,3,0.05352380707043358,0.0017966228873818046,1.0,-0.08526408173185047,0.0
modern_2013_2025,election,full_year,DEF,3,0.09144604100169278,0.08504158359544278,1.0,-0.09260750461214418,0.0
modern_2013_2025,election,full_year,QQQ,3,0.2702741748961315,0.2557825412930894,1.0,0.08622062928229453,0.6666666666666666
modern_2013_2025,election,full_year,SPY,3,0.18405354561383694,0.18331624006113123,1.0,0.0,0.0
modern_2013_2025,election,full_year,XLK,3,0.2675373039007214,0.21630625542000015,1.0,0.08348375828688444,0.6666666666666666
modern_2013_2025,election,full_year,XLP,3,0.09097844134001247,0.10110763648772103,1.0,-0.09307510427382448,0.0
modern_2013_2025,election,full_year,XLU,3,0.1329969248177989,0.16076330899885694,1.0,-0.051056620796038045,0.3333333333333333
modern_2013_2025,election,full_year,XLV,3,0.04335987180484269,0.024744469352987908,0.6666666666666666,-0.14069367380899425,0.0
modern_2013_2025,election,jul_dec,DEF,3,0.04777078136160806,0.038783418183645946,0.6666666666666666,-0.0806161349156479,0.0
modern_2013_2025,election,jul_dec,QQQ,3,0.1491469782472242,0.10775627654981434,1.0,0.02076006196996823,0.6666666666666666
modern_2013_2025,election,jul_dec,SPY,3,0.12838691627725596,0.08385628882945984,1.0,0.0,0.0
modern_2013_2025,election,jul_dec,XLK,3,0.1353123998474636,0.12461035718900493,1.0,0.006925483570207651,0.6666666666666666
modern_2013_2025,election,jul_dec,XLP,3,0.05234541552480321,0.03979333973534227,0.6666666666666666,-0.07604150075245275,0.0
modern_2013_2025,election,jul_dec,XLU,3,0.06677805887602943,0.1275936745983759,0.6666666666666666,-0.061608857401226534,0.3333333333333333
modern_2013_2025,election,jul_dec,XLV,3,0.021273812796842633,-0.030671906882789535,0.3333333333333333,-0.10711310348041332,0.0
modern_2013_2025,election,q2,DEF,3,0.05291140329696886,0.059027702087021794,1.0,-0.03708098763018793,0.3333333333333333
modern_2013_2025,election,q2,QQQ,3,0.12362337934674668,0.08076730412029676,0.6666666666666666,0.03363098841958989,0.6666666666666666
modern_2013_2025,election,q2,SPY,3,0.08999239092715679,0.04379105575825881,1.0,0.0,0.0
modern_2013_2025,election,q2,XLK,3,0.12475904060531635,0.08813982542226184,0.6666666666666666,0.03476664967815957,0.6666666666666666
modern_2013_2025,election,q2,XLP,3,0.047013508039727814,0.04564301982148078,1.0,-0.04297888288742898,0.3333333333333333
modern_2013_2025,election,q2,XLU,3,0.04643112471129185,0.046296829476891066,1.0,-0.043561266215864945,0.6666666666666666
modern_2013_2025,election,q2,XLV,3,0.06240086595612789,0.062240772358948426,0.6666666666666666,-0.027591524971028902,0.3333333333333333
modern_2013_2025,midterm,apr_oct,DEF,3,0.0545896995669957,0.08256251461014519,0.6666666666666666,0.058376539514635284,1.0
modern_2013_2025,midterm,apr_oct,QQQ,3,-0.0010997662529014611,0.06469568753966559,0.6666666666666666,0.0026870736947381215,0.6666666666666666
modern_2013_2025,midterm,apr_oct,SPY,3,-0.003786839947639583,0.03771947328184022,0.6666666666666666,0.0,0.0
modern_2013_2025,midterm,apr_oct,XLK,3,0.00018309612997731892,0.06666614596567388,0.6666666666666666,0.003969936077616902,0.6666666666666666
modern_2013_2025,midterm,apr_oct,XLP,3,0.04394866493957261,0.06075369820955312,0.6666666666666666,0.0477355048872122,1.0
modern_2013_2025,midterm,apr_oct,XLU,3,0.035968045043774856,0.08167898832307019,0.6666666666666666,0.03975488499141444,1.0
modern_2013_2025,midterm,apr_oct,XLV,3,0.07784858643123438,0.0979813795154052,0.6666666666666666,0.08163542637887396,1.0
modern_2013_2025,midterm,full_year,DEF,3,0.08084655322165997,0.009374540584333069,0.6666666666666666,0.111781722660883,1.0
modern_2013_2025,midterm,full_year,QQQ,3,-0.045072773738285554,-0.0012621730398721942,0.3333333333333333,-0.014137604299062523,0.6666666666666666
modern_2013_2025,midterm,full_year,SPY,3,-0.03093516943922303,-0.04568982995892401,0.3333333333333333,0.0,0.0
modern_2013_2025,midterm,full_year,XLK,3,-0.03853717556500328,-0.016772200295031348,0.3333333333333333,-0.007602006125780251,0.6666666666666666
modern_2013_2025,midterm,full_year,XLP,3,0.022797392704210846,-0.00809424895941524,0.3333333333333333,0.05373256214343388,0.6666666666666666
modern_2013_2025,midterm,full_year,XLU,3,0.11375111761020247,0.03935172540404541,1.0,0.14468628704942552,1.0
modern_2013_2025,midterm,full_year,XLV,3,0.09779017606641523,0.06279980339421876,0.6666666666666666,0.12872534550563827,1.0
modern_2013_2025,midterm,jul_dec,DEF,3,0.06157417017669994,0.04680808429033445,1.0,0.05680358342644698,1.0
modern_2013_2025,midterm,jul_dec,QQQ,3,-0.012301177780175735,-0.04596418565912863,0.3333333333333333,-0.01707176453042869,0.3333333333333333
modern_2013_2025,midterm,jul_dec,SPY,3,0.004770586750252955,0.022569162188641467,0.6666666666666666,0.0,0.0
modern_2013_2025,midterm,jul_dec,XLK,3,-0.009417589901050386,-0.0158475899123256,0.3333333333333333,-0.014188176651303341,0.3333333333333333
modern_2013_2025,midterm,jul_dec,XLP,3,0.04999150635356586,0.04700779563244106,1.0,0.045220919603312905,1.0
modern_2013_2025,midterm,jul_dec,XLU,3,0.047605016305494775,0.036360353976139015,1.0,0.042834429555241825,0.6666666666666666
modern_2013_2025,midterm,jul_dec,XLV,3,0.0818509336956954,0.06794548512149112,1.0,0.07708034694544245,1.0
modern_2013_2025,midterm,q2,DEF,3,0.008006513637720055,0.018511008322047884,0.6666666666666666,0.0326691913706371,0.6666666666666666
modern_2013_2025,midterm,q2,QQQ,3,-0.025707580547464432,0.0740542314132917,0.6666666666666666,-0.0010449028145473882,0.6666666666666666
modern_2013_2025,midterm,q2,SPY,3,-0.024662677732917044,0.03552438777206213,0.6666666666666666,0.0,0.0
modern_2013_2025,midterm,q2,XLK,3,-0.02417298653313919,0.059884769300571294,0.6666666666666666,0.0004896911997778567,0.6666666666666666
modern_2013_2025,midterm,q2,XLP,3,-0.00391023153883685,-0.013319849598500633,0.3333333333333333,0.020752446194080194,0.3333333333333333
modern_2013_2025,midterm,q2,XLU,3,0.02118213805882548,0.037497742486120034,0.6666666666666666,0.04584481579174252,1.0
modern_2013_2025,midterm,q2,XLV,3,0.004365810378554917,0.029105366068315375,0.6666666666666666,0.02902848811147196,0.3333333333333333
modern_2013_2025,post_election,apr_oct,DEF,4,0.06530446304676851,0.07055033506279484,1.0,-0.09159907996687766,0.0
modern_2013_2025,post_election,apr_oct,QQQ,4,0.23000215147771969,0.21020985951157356,1.0,0.07309860846407351,1.0
modern_2013_2025,post_election,apr_oct,SPY,4,0.15690354301364617,0.14987353236597822,1.0,0.0,0.0
modern_2013_2025,post_election,apr_oct,XLK,4,0.24840857527822757,0.20522204421297185,1.0,0.0915050322645814,0.75
modern_2013_2025,post_election,apr_oct,XLP,4,0.017043867489168835,0.0213552330450153,0.5,-0.13985967552447734,0.0
modern_2013_2025,post_election,apr_oct,XLU,4,0.07731193562315858,0.07606673549184306,1.0,-0.0795916073904876,0.0
modern_2013_2025,post_election,apr_oct,XLV,4,0.10238900407235221,0.12698683400293587,0.75,-0.05451453894129396,0.25
modern_2013_2025,post_election,full_year,DEF,4,0.18456776627952554,0.1813792528689231,1.0,-0.06658448422554308,0.0
modern_2013_2025,post_election,full_year,QQQ,4,0.2937249074924969,0.30041629465392494,1.0,0.04257265698742829,0.75
modern_2013_2025,post_election,full_year,SPY,4,0.2511522505050686,0.2521705476381412,1.0,0.0,0.0
modern_2013_2025,post_election,full_year,XLK,4,0.2996193488771933,0.30248827536811496,1.0,0.048467098372124706,0.75
modern_2013_2025,post_election,full_year,XLP,4,0.145031394684776,0.1509375573864009,1.0,-0.10612085582029263,0.0
modern_2013_2025,post_election,full_year,XLU,4,0.14710552465300764,0.14545053076188597,1.0,-0.10404672585206098,0.0
modern_2013_2025,post_election,full_year,XLV,4,0.25931112865266,0.23905728749473631,1.0,0.008158878147591364,0.5
modern_2013_2025,post_election,jul_dec,DEF,4,0.08529908330322783,0.0819537379375741,1.0,-0.04095753908332539,0.25
modern_2013_2025,post_election,jul_dec,QQQ,4,0.15495885339158938,0.13084135231672878,1.0,0.02870223100503616,1.0
modern_2013_2025,post_election,jul_dec,SPY,4,0.12625662238655322,0.11590749890491991,1.0,0.0,0.0
modern_2013_2025,post_election,jul_dec,XLK,4,0.16977152560490555,0.17851168473960788,1.0,0.04351490321835233,1.0
modern_2013_2025,post_election,jul_dec,XLP,4,0.0596327629840924,0.07415807013174958,0.75,-0.06662385940246082,0.0
modern_2013_2025,post_election,jul_dec,XLU,4,0.06769790987902902,0.045795477341884494,1.0,-0.0585587125075242,0.25
modern_2013_2025,post_election,jul_dec,XLV,4,0.12775304048760888,0.14274640624956103,1.0,0.0014964181010556632,0.75
modern_2013_2025,post_election,q2,DEF,4,0.016633338791618768,0.020451748302785844,0.75,-0.04622336647585773,0.25
modern_2013_2025,post_election,q2,QQQ,4,0.09220264540269701,0.07723397292146295,1.0,0.029345940135220516,1.0
modern_2013_2025,post_election,q2,SPY,4,0.0628567052674765,0.05715071185825793,1.0,0.0,0.0
modern_2013_2025,post_election,q2,XLK,4,0.09713956830286385,0.07221836867588816,1.0,0.034282863035387356,0.5
modern_2013_2025,post_election,q2,XLP,4,0.011884452677778129,0.00917685946799518,0.75,-0.05097225258969837,0.0
modern_2013_2025,post_election,q2,XLU,4,0.007758836652699053,0.007951935450359882,0.5,-0.055097868614777445,0.0
modern_2013_2025,post_election,q2,XLV,4,0.030335613044076337,0.05533800261452526,0.75,-0.03252109222340016,0.5
modern_2013_2025,pre_election,apr_oct,DEF,3,0.01089391272717514,0.01212459626481599,0.6666666666666666,-0.032564373054861186,0.3333333333333333
modern_2013_2025,pre_election,apr_oct,QQQ,3,0.09208835783232112,0.09637609642013034,1.0,0.0486300720502848,1.0
modern_2013_2025,pre_election,apr_oct,SPY,3,0.04345828578203633,0.028931082643968598,1.0,0.0,0.0
modern_2013_2025,pre_election,apr_oct,XLK,3,0.09724415036855298,0.09068682773125714,1.0,0.05378586458651665,1.0
modern_2013_2025,pre_election,apr_oct,XLP,3,0.020712507673098585,0.03637512038873392,0.6666666666666666,-0.022745778108937742,0.6666666666666666
modern_2013_2025,pre_election,apr_oct,XLU,3,0.007030935968581435,0.0030336868473723744,0.6666666666666666,-0.03642734981345489,0.3333333333333333
modern_2013_2025,pre_election,apr_oct,XLV,3,0.0007657895785334231,-0.009031615957205474,0.3333333333333333,-0.042692496203502905,0.0
modern_2013_2025,pre_election,full_year,DEF,3,0.08749352839270574,0.03149402532704104,0.6666666666666666,-0.10795286099099044,0.3333333333333333
modern_2013_2025,pre_election,full_year,QQQ,3,0.34417712791892363,0.3896158246288872,1.0,0.14873073853522745,1.0
modern_2013_2025,pre_election,full_year,SPY,3,0.19544638938369618,0.2617579498645455,1.0,0.0,0.0
modern_2013_2025,pre_election,full_year,XLK,3,0.3711450900141074,0.4985586155451527,1.0,0.17569870063041124,1.0
modern_2013_2025,pre_election,full_year,XLP,3,0.11162941832122646,0.06873069080352234,0.6666666666666666,-0.08381697106246973,0.3333333333333333
modern_2013_2025,pre_election,full_year,XLU,3,0.04609184608850159,-0.049289997174031486,0.3333333333333333,-0.1493545432951946,0.0
modern_2013_2025,pre_election,full_year,XLV,3,0.09783173455675838,0.06831188759328555,1.0,-0.0976146548269378,0.3333333333333333
modern_2013_2025,pre_election,jul_dec,DEF,3,0.05003224843611435,0.04010974878094764,1.0,-0.013585465904357571,0.3333333333333333
modern_2013_2025,pre_election,jul_dec,QQQ,3,0.10224585022194987,0.11295579670057254,1.0,0.038628135881477954,1.0
modern_2013_2025,pre_election,jul_dec,SPY,3,0.06361771434047192,0.08040171634663351,1.0,0.0,0.0
modern_2013_2025,pre_election,jul_dec,XLK,3,0.11283109603707515,0.11191014105263863,1.0,0.04921338169660324,1.0
modern_2013_2025,pre_election,jul_dec,XLP,3,0.05348948736220612,0.07542139349005139,0.6666666666666666,-0.0101282269782658,0.3333333333333333
modern_2013_2025,pre_election,jul_dec,XLU,3,0.05001003885051688,0.06464830135403399,0.6666666666666666,-0.013607675489955043,0.3333333333333333
modern_2013_2025,pre_election,jul_dec,XLV,3,0.0427051090112861,0.03633305188236058,0.6666666666666666,-0.02091260532918582,0.3333333333333333
modern_2013_2025,pre_election,q2,DEF,3,0.00558347547871374,0.0015502407121235073,0.6666666666666666,-0.03812693250064558,0.0
modern_2013_2025,pre_election,q2,QQQ,3,0.07020977245528666,0.04170590623763282,1.0,0.02649936447592734,0.6666666666666666
modern_2013_2025,pre_election,q2,SPY,3,0.04371040797935932,0.042286582146470186,1.0,0.0,0.0
modern_2013_2025,pre_election,q2,XLK,3,0.07185894056253221,0.05832076845259215,1.0,0.028148532583172885,1.0
modern_2013_2025,pre_election,q2,XLP,3,0.008432523448135868,-0.0001850501219889944,0.3333333333333333,-0.035277884531223457,0.3333333333333333
modern_2013_2025,pre_election,q2,XLU,3,-0.016846882241421317,-0.02546371315237217,0.3333333333333333,-0.06055729022078064,0.0
modern_2013_2025,pre_election,q2,XLV,3,0.024363272277534282,0.02947907517827053,1.0,-0.01934713570182504,0.3333333333333333
expanded_1999_2025,election,apr_oct,DEF,7,0.04975344108435193,0.06811938998994482,0.8571428571428571,0.03026099113550443,0.5714285714285714
expanded_1999_2025,election,apr_oct,QQQ,7,0.011808180740130538,0.029575549001051193,0.5714285714285714,-0.007684269208716962,0.5714285714285714
expanded_1999_2025,election,apr_oct,SPY,7,0.0194924499488475,0.014422746619416671,0.7142857142857143,0.0,0.0
expanded_1999_2025,election,apr_oct,XLK,7,-0.005630610722824733,-0.009921055371789222,0.42857142857142855,-0.02512306067167223,0.42857142857142855
expanded_1999_2025,election,apr_oct,XLP,7,0.05494000340142448,0.05296962402862415,0.7142857142857143,0.03544755345257698,0.42857142857142855
expanded_1999_2025,election,apr_oct,XLU,7,0.09120816227612095,0.09874352568052602,0.8571428571428571,0.07171571232727346,0.7142857142857143
expanded_1999_2025,election,apr_oct,XLV,7,0.0007143922409186107,0.0016670780322214362,0.5714285714285714,-0.01877805770792889,0.42857142857142855
expanded_1999_2025,election,full_year,DEF,7,0.05485820654323429,0.09640593912056472,0.8571428571428571,0.0043328651868916246,0.42857142857142855
expanded_1999_2025,election,full_year,QQQ,7,0.045559025599202,0.10538539394123103,0.7142857142857143,-0.004966315757140667,0.42857142857142855
expanded_1999_2025,election,full_year,SPY,7,0.050525341356342665,0.11997971835036791,0.7142857142857143,0.0,0.0
expanded_1999_2025,election,full_year,XLK,7,0.02544078757335298,0.15011786236063673,0.7142857142857143,-0.025084553782989683,0.2857142857142857
expanded_1999_2025,election,full_year,XLP,7,0.08026237087586867,0.10110763648772103,0.8571428571428571,0.02973702951952601,0.2857142857142857
expanded_1999_2025,election,full_year,XLU,7,0.08298715565974166,0.16076330899885694,0.8571428571428571,0.03246181430339899,0.5714285714285714
expanded_1999_2025,election,full_year,XLV,7,-0.004895526789636577,0.012730053967478394,0.5714285714285714,-0.05542086814597924,0.2857142857142857
expanded_1999_2025,election,jul_dec,DEF,7,0.023184039185439875,0.038783418183645946,0.7142857142857143,0.0038319430747060235,0.2857142857142857
expanded_1999_2025,election,jul_dec,QQQ,7,-0.025204294350257155,0.06789462393693801,0.7142857142857143,-0.04455639046099101,0.2857142857142857
expanded_1999_2025,election,jul_dec,SPY,7,0.019352096110733852,0.06791036886698443,0.7142857142857143,0.0,0.0
expanded_1999_2025,election,jul_dec,XLK,7,-0.04049794614200627,0.031336845881347664,0.7142857142857143,-0.05985004225274012,0.2857142857142857
expanded_1999_2025,election,jul_dec,XLP,7,0.033249121741328325,0.022165372224921542,0.7142857142857143,0.013897025630594473,0.2857142857142857
expanded_1999_2025,election,jul_dec,XLU,7,0.0475770603723773,0.1275936745983759,0.5714285714285714,0.028224964261643448,0.5714285714285714
expanded_1999_2025,election,jul_dec,XLV,7,-0.011823264830280416,-0.030671906882789535,0.2857142857142857,-0.03117536094101427,0.42857142857142855
expanded_1999_2025,election,q2,DEF,7,0.03911510402583326,0.03634628069874002,1.0,0.010416030586525928,0.5714285714285714
expanded_1999_2025,election,q2,QQQ,7,0.03758266580578224,0.03388647768446518,0.5714285714285714,0.00888359236647491,0.5714285714285714
expanded_1999_2025,election,q2,SPY,7,0.028699073439307332,0.01634056227437397,0.5714285714285714,0.0,0.0
expanded_1999_2025,election,q2,XLK,7,0.039681523549201056,0.025686521151591757,0.5714285714285714,0.010982450109893722,0.5714285714285714
expanded_1999_2025,election,q2,XLP,7,0.04822776124858189,0.027271361477282152,0.8571428571428571,0.019528687809274557,0.42857142857142855
expanded_1999_2025,election,q2,XLU,7,0.042571968247109404,0.046296829476891066,0.8571428571428571,0.013872894807802072,0.7142857142857143
expanded_1999_2025,election,q2,XLV,7,0.025237066665466563,0.01608276037953238,0.5714285714285714,-0.0034620067738407707,0.5714285714285714
expanded_1999_2025,midterm,apr_oct,DEF,6,0.017298755390494136,0.060767364454834216,0.6666666666666666,0.04038561042150851,1.0
expanded_1999_2025,midterm,apr_oct,QQQ,6,-0.03591861584866366,0.04073312345481839,0.6666666666666666,-0.012831760817649288,0.5
expanded_1999_2025,midterm,apr_oct,SPY,6,-0.023086855031014375,0.03036017529512136,0.6666666666666666,0.0,0.0
expanded_1999_2025,midterm,apr_oct,XLK,6,-0.03693116133720936,0.04836856483045793,0.6666666666666666,-0.013844306306194987,0.5
expanded_1999_2025,midterm,apr_oct,XLP,6,0.012971209273552184,0.05280947091800947,0.6666666666666666,0.03605806430456656,1.0
expanded_1999_2025,midterm,apr_oct,XLU,6,0.0068768518814612545,0.08674980681024036,0.6666666666666666,0.02996370691247563,0.8333333333333334
expanded_1999_2025,midterm,apr_oct,XLV,6,0.02884235438702722,0.014359935553125203,0.5,0.0519292094180416,0.6666666666666666
expanded_1999_2025,midterm,full_year,DEF,6,0.04937537208750279,0.042341563030167895,0.6666666666666666,0.04931508044662397,0.6666666666666666
expanded_1999_2025,midterm,full_year,QQQ,6,-0.03933723617739876,0.03508901662857605,0.5,-0.03939752781827758,0.5
expanded_1999_2025,midterm,full_year,SPY,6,6.0291640878821586e-05,0.04447409193061963,0.5,0.0,0.0
expanded_1999_2025,midterm,full_year,XLK,6,-0.04362692784228722,0.04858697520307392,0.5,-0.04368721948316604,0.3333333333333333
expanded_1999_2025,midterm,full_year,XLP,6,0.025024946353633098,0.06485251612828108,0.5,0.024964654712754275,0.5
expanded_1999_2025,midterm,full_year,XLU,6,0.052585362392750225,0.046218975602714596,0.8333333333333334,0.052525070751871406,0.6666666666666666
expanded_1999_2025,midterm,full_year,XLV,6,0.0649146155028356,0.04789631011303008,0.6666666666666666,0.06485432386195678,0.6666666666666666
expanded_1999_2025,midterm,jul_dec,DEF,6,0.05826120089821546,0.07752281599073851,0.8333333333333334,0.013377468763395794,0.5
expanded_1999_2025,midterm,jul_dec,QQQ,6,0.04877897029555239,0.030107234721737486,0.5,0.003895238160732728,0.5
expanded_1999_2025,midterm,jul_dec,SPY,6,0.044883732134819665,0.0417375694023947,0.6666666666666666,0.0,0.0
expanded_1999_2025,midterm,jul_dec,XLK,6,0.05108983453106045,0.03632630051932462,0.5,0.006206102396240791,0.6666666666666666
expanded_1999_2025,midterm,jul_dec,XLP,6,0.05253097867375258,0.06885378124868569,0.8333333333333334,0.007647246538932913,0.6666666666666666
expanded_1999_2025,midterm,jul_dec,XLU,6,0.040369408661055595,0.061224622607555346,0.8333333333333334,-0.00451432347376407,0.5
expanded_1999_2025,midterm,jul_dec,XLV,6,0.07584343883150584,0.09155261359238343,0.8333333333333334,0.030959706696686167,0.6666666666666666
expanded_1999_2025,midterm,q2,DEF,6,-0.025980257067369505,-0.01921872450660206,0.5,0.029973634683813328,0.8333333333333334
expanded_1999_2025,midterm,q2,QQQ,6,-0.08963440752226078,-0.09223887282286614,0.3333333333333333,-0.033680515771077946,0.5
expanded_1999_2025,midterm,q2,SPY,6,-0.05595389175118284,-0.0644440374082767,0.3333333333333333,0.0,0.0
expanded_1999_2025,midterm,q2,XLK,6,-0.0896647947366732,-0.09775595226201528,0.3333333333333333,-0.033710902985490364,0.3333333333333333
expanded_1999_2025,midterm,q2,XLP,6,-0.03443460894016701,-0.02753215322155078,0.3333333333333333,0.02151928281101582,0.5
expanded_1999_2025,midterm,q2,XLU,6,-0.0081033686004644,0.00017306850926346318,0.5,0.04785052315071844,1.0
expanded_1999_2025,midterm,q2,XLV,6,-0.03667027659450419,-0.05543577561415569,0.3333333333333333,0.019283615156678646,0.3333333333333333
expanded_1999_2025,post_election,apr_oct,DEF,7,0.06102634889240593,0.05866029126531136,0.8571428571428571,-0.06512320287277933,0.2857142857142857
expanded_1999_2025,post_election,apr_oct,QQQ,7,0.17195408227071438,0.20779031462237274,0.8571428571428571,0.04580453050552913,0.8571428571428571
expanded_1999_2025,post_election,apr_oct,SPY,7,0.12614955176518525,0.13347469586180605,0.8571428571428571,0.0,0.0
expanded_1999_2025,post_election,apr_oct,XLK,7,0.1755482567436886,0.1898222560160805,0.8571428571428571,0.04939870497850334,0.7142857142857143
expanded_1999_2025,post_election,apr_oct,XLP,7,0.04866304003914842,0.01642066752506799,0.7142857142857143,-0.07748651172603684,0.14285714285714285
expanded_1999_2025,post_election,apr_oct,XLU,7,0.06281483711082866,0.09123043165582057,0.8571428571428571,-0.0633347146543566,0.14285714285714285
expanded_1999_2025,post_election,apr_oct,XLV,7,0.06932784934731206,0.09913734153785336,0.7142857142857143,-0.056821702417873196,0.14285714285714285
expanded_1999_2025,post_election,full_year,DEF,7,0.13008659021527383,0.1560635050111574,0.8571428571428571,-0.04117411144811868,0.2857142857142857
expanded_1999_2025,post_election,full_year,QQQ,7,0.20056395730358048,0.2741974397960669,0.8571428571428571,0.029303255640188004,0.5714285714285714
expanded_1999_2025,post_election,full_year,SPY,7,0.1712607016633925,0.21705344779138724,0.8571428571428571,0.0,0.0
expanded_1999_2025,post_election,full_year,XLK,7,0.21071840116027,0.26241196558630175,0.7142857142857143,0.03945769949687748,0.5714285714285714
expanded_1999_2025,post_election,full_year,XLP,7,0.0931497509480138,0.12981996478527424,0.8571428571428571,-0.0781109507153787,0.14285714285714285
expanded_1999_2025,post_election,full_year,XLU,7,0.10561199916686408,0.13065731202098663,0.8571428571428571,-0.06564870249652842,0.14285714285714285
expanded_1999_2025,post_election,full_year,XLV,7,0.1840478245236583,0.1951874928383872,0.8571428571428571,0.012787122860265811,0.5714285714285714
expanded_1999_2025,post_election,jul_dec,DEF,7,0.0710843391203607,0.06372509488604838,0.8571428571428571,-0.032210919580551924,0.2857142857142857
expanded_1999_2025,post_election,jul_dec,QQQ,7,0.11906866278440782,0.12518642080213316,0.8571428571428571,0.015773404083495195,0.8571428571428571
expanded_1999_2025,post_election,jul_dec,SPY,7,0.10329525870091262,0.11478563941292208,0.8571428571428571,0.0,0.0
expanded_1999_2025,post_election,jul_dec,XLK,7,0.12226389976493342,0.17722527747841577,0.8571428571428571,0.01896864106402079,0.8571428571428571
expanded_1999_2025,post_election,jul_dec,XLP,7,0.07071384356756014,0.05185861660161506,0.8571428571428571,-0.03258141513335249,0.14285714285714285
expanded_1999_2025,post_election,jul_dec,XLU,7,0.04752605575239975,0.031112589884089603,0.8571428571428571,-0.055769202948512876,0.14285714285714285
expanded_1999_2025,post_election,jul_dec,XLV,7,0.09234003906436147,0.12687448437148996,0.8571428571428571,-0.010955219636551152,0.42857142857142855
expanded_1999_2025,post_election,q2,DEF,7,0.03417938707895279,0.03509276268102912,0.8571428571428571,-0.03472439471703183,0.2857142857142857
expanded_1999_2025,post_election,q2,QQQ,7,0.10630447401059073,0.11190149971935437,1.0,0.03740069221460612,0.8571428571428571
expanded_1999_2025,post_election,q2,SPY,7,0.06890378179598462,0.05363455362982883,1.0,0.0,0.0
expanded_1999_2025,post_election,q2,XLK,7,0.10199123938682379,0.1138521715673051,1.0,0.033087457590839184,0.7142857142857143
expanded_1999_2025,post_election,q2,XLP,7,0.01786097786953254,0.003996387704632287,0.5714285714285714,-0.05104280392645207,0.0
expanded_1999_2025,post_election,q2,XLU,7,0.03274704572123859,0.02088403186361565,0.7142857142857143,-0.036156736074746024,0.14285714285714285
expanded_1999_2025,post_election,q2,XLV,7,0.051162901354637524,0.0698585562816445,0.8571428571428571,-0.01774088044134709,0.5714285714285714
expanded_1999_2025,pre_election,apr_oct,DEF,7,0.05030726190957984,0.06449410944143841,0.8571428571428571,-0.022664969236831225,0.2857142857142857
expanded_1999_2025,pre_election,apr_oct,QQQ,7,0.1716692066676365,0.10160324505412888,1.0,0.09869697552122544,1.0
expanded_1999_2025,pre_election,apr_oct,SPY,7,0.07297223114641106,0.07342245344039577,0.8571428571428571,0.0,0.0
expanded_1999_2025,pre_election,apr_oct,XLK,7,0.1503115349585193,0.13820574820242437,1.0,0.07733930381210821,1.0
expanded_1999_2025,pre_election,apr_oct,XLP,7,0.04154338375468135,0.05217534111436528,0.7142857142857143,-0.03142884739172972,0.42857142857142855
expanded_1999_2025,pre_election,apr_oct,XLU,7,0.08257918051657176,0.11592917362266308,0.8571428571428571,0.009606949370160696,0.42857142857142855
expanded_1999_2025,pre_election,apr_oct,XLV,7,0.023737363521042245,0.024047462362235095,0.7142857142857143,-0.04923486762536882,0.14285714285714285
expanded_1999_2025,pre_election,full_year,DEF,7,0.10345566132171728,0.12917711285709998,0.7142857142857143,-0.05975298946849109,0.42857142857142855
expanded_1999_2025,pre_election,full_year,QQQ,6,0.29237599561955313,0.2899481922817294,0.8571428571428571,0.1359481897213806,0.8571428571428571
expanded_1999_2025,pre_election,full_year,SPY,7,0.16320865079020838,0.20389372014242335,1.0,0.0,0.0
expanded_1999_2025,pre_election,full_year,XLK,7,0.33318167858955344,0.38675448898459996,1.0,0.169973027799345,1.0
expanded_1999_2025,pre_election,full_year,XLP,7,0.08168192908124829,0.11173347253799792,0.7142857142857143,-0.0815267217089601,0.42857142857142855
expanded_1999_2025,pre_election,full_year,XLU,7,0.10563666177715995,0.18420581623810195,0.5714285714285714,-0.05757198901304842,0.2857142857142857
expanded_1999_2025,pre_election,full_year,XLV,7,0.11905905915550886,0.12396830467809972,1.0,-0.04414959163469951,0.42857142857142855
expanded_1999_2025,pre_election,jul_dec,DEF,7,0.041031791711486756,0.047440561185092545,0.8571428571428571,-0.010666004908683588,0.42857142857142855
expanded_1999_2025,pre_election,jul_dec,QQQ,7,0.16745328248085256,0.11295579670057254,0.8571428571428571,0.1157554858606822,1.0
expanded_1999_2025,pre_election,jul_dec,SPY,7,0.05169779662017034,0.07773860973714042,0.7142857142857143,0.0,0.0
expanded_1999_2025,pre_election,jul_dec,XLK,7,0.13118722752858203,0.11191014105263863,0.8571428571428571,0.07948943090841168,1.0
expanded_1999_2025,pre_election,jul_dec,XLP,7,0.04100570498392196,0.07542139349005139,0.7142857142857143,-0.010692091636248386,0.42857142857142855
expanded_1999_2025,pre_election,jul_dec,XLU,7,0.04836341743293877,0.07411638397709108,0.7142857142857143,-0.003334379187231578,0.42857142857142855
expanded_1999_2025,pre_election,jul_dec,XLV,7,0.030836929798437107,0.034595386940274864,0.7142857142857143,-0.02086086682173324,0.42857142857142855
expanded_1999_2025,pre_election,q2,DEF,7,0.04282463870678567,0.030757383303914088,0.8571428571428571,-0.017461571664638513,0.14285714285714285
expanded_1999_2025,pre_election,q2,QQQ,7,0.08357222522601826,0.09435418854354105,0.8571428571428571,0.023286014854594077,0.7142857142857143
expanded_1999_2025,pre_election,q2,SPY,7,0.06028621037142418,0.06393164378886018,1.0,0.0,0.0
expanded_1999_2025,pre_election,q2,XLK,7,0.08632548186464518,0.09854094716890982,0.8571428571428571,0.026039271493221,0.8571428571428571
expanded_1999_2025,pre_election,q2,XLP,7,0.022879597804796186,0.021262541339801322,0.5714285714285714,-0.03740661256662799,0.2857142857142857
expanded_1999_2025,pre_election,q2,XLU,7,0.05459388129673935,0.03328222354803567,0.7142857142857143,-0.005692329074684833,0.42857142857142855
expanded_1999_2025,pre_election,q2,XLV,7,0.050749300874623975,0.04799109228390619,1.0,-0.00953690949680021,0.2857142857142857
pre_modern_1999_2012,election,apr_oct,DEF,4,0.021067439146425393,0.03446886075852296,0.75,0.09104656833765531,0.75
pre_modern_1999_2012,election,apr_oct,QQQ,4,-0.12612225237672828,-0.14010598394311818,0.25,-0.056143123185498356,0.5
pre_modern_1999_2012,election,apr_oct,SPY,4,-0.06997912919122992,-0.018002398101525874,0.5,0.0,0.0
pre_modern_1999_2012,election,apr_oct,XLK,4,-0.14378678738043263,-0.14355192230857255,0.0,-0.07380765818920271,0.25
pre_modern_1999_2012,election,apr_oct,XLP,4,0.03893321154509585,0.006689950342619155,0.5,0.10891234073632577,0.75
pre_modern_1999_2012,election,apr_oct,XLU,4,0.0613202234513853,0.08643628579270202,0.75,0.13129935264261522,1.0
pre_modern_1999_2012,election,apr_oct,XLV,4,-0.03889266888121762,-0.04611942383742401,0.25,0.031086460310012304,0.75
pre_modern_1999_2012,election,full_year,DEF,4,0.027417330699390424,0.10188362480916535,0.75,0.07703814253616847,0.75
pre_modern_1999_2012,election,full_year,QQQ,4,-0.12297733637349512,-0.12788168948356932,0.5,-0.07335652453671707,0.25
pre_modern_1999_2012,election,full_year,SPY,4,-0.04962081183677805,0.00478151641469482,0.5,0.0,0.0
pre_modern_1999_2012,election,full_year,XLK,4,-0.15613159967217333,-0.17934778411007657,0.5,-0.10651078783539528,0.0
pre_modern_1999_2012,election,full_year,XLP,4,0.07222531802776083,0.09185675995187681,0.75,0.12184612986453888,0.5
pre_modern_1999_2012,election,full_year,XLU,4,0.04547982879119872,0.11758148855247608,0.75,0.09510064062797677,0.75
pre_modern_1999_2012,election,full_year,XLV,4,-0.041087075735496026,-0.05248288378881383,0.5,0.008533736101282025,0.5
pre_modern_1999_2012,election,jul_dec,DEF,4,0.004743982553313736,0.03923781866915943,0.75,0.06716800156747146,0.5
pre_modern_1999_2012,election,jul_dec,QQQ,4,-0.15596774879836817,-0.1582573392390222,0.5,-0.09354372978421044,0.0
pre_modern_1999_2012,election,jul_dec,SPY,4,-0.06242401901415773,-0.016277493405761845,0.5,0.0,0.0
pre_modern_1999_2012,election,jul_dec,XLK,4,-0.17235570563410868,-0.15366171190550126,0.5,-0.10993168661995095,0.0
pre_modern_1999_2012,election,jul_dec,XLP,4,0.018926901403722163,0.01505256078218642,0.75,0.08135092041787989,0.5
pre_modern_1999_2012,election,jul_dec,XLU,4,0.033176311494638205,0.07900498327786931,0.5,0.09560033050879593,0.75
pre_modern_1999_2012,election,jul_dec,XLV,4,-0.0366460730506227,-0.04208492266494118,0.25,0.025777945963535026,0.75
pre_modern_1999_2012,election,q2,DEF,4,0.02876787957248156,0.02308087141129167,1.0,0.04603879424906132,0.75
pre_modern_1999_2012,election,q2,QQQ,4,-0.02694786934994109,-0.007057719566451959,0.5,-0.009676954673361327,0.5
pre_modern_1999_2012,election,q2,SPY,4,-0.017270914676579763,-0.026912310832466757,0.25,0.0,0.0
pre_modern_1999_2012,election,q2,XLK,4,-0.024126614242885425,-0.009014218932105189,0.5,-0.006855699566305662,0.5
pre_modern_1999_2012,election,q2,XLP,4,0.049138451155222446,0.02011444474720281,0.75,0.06640936583180221,0.5
pre_modern_1999_2012,election,q2,XLU,4,0.03967760089897257,0.04624221947259877,0.75,0.05694851557555233,0.75
pre_modern_1999_2012,election,q2,XLV,4,-0.002635782802529435,0.000866516524386074,0.5,0.014635131874050328,0.75
pre_modern_1999_2012,midterm,apr_oct,DEF,3,-0.01999218878600743,0.038972214299523245,0.6666666666666666,0.022394681328381738,1.0
pre_modern_1999_2012,midterm,apr_oct,QQQ,3,-0.07073746544442587,0.016770559369971183,0.6666666666666666,-0.0283505953300367,0.3333333333333333
pre_modern_1999_2012,midterm,apr_oct,SPY,3,-0.042386870114389165,0.0230008773084025,0.6666666666666666,0.0,0.0
pre_modern_1999_2012,midterm,apr_oct,XLK,3,-0.07404541880439604,0.03507169202742322,0.6666666666666666,-0.03165854869000687,0.3333333333333333
pre_modern_1999_2012,midterm,apr_oct,XLP,3,-0.018006246392468245,0.04486524362646582,0.6666666666666666,0.02438062372192092,1.0
pre_modern_1999_2012,midterm,apr_oct,XLU,3,-0.02221434128085235,0.09182062529741053,0.6666666666666666,0.020172528833536818,0.6666666666666666
pre_modern_1999_2012,midterm,apr_oct,XLV,3,-0.020163877657179936,-0.019933534093018013,0.3333333333333333,0.02222299245720923,0.3333333333333333
pre_modern_1999_2012,midterm,full_year,DEF,3,0.01790419095334561,0.07530858547600272,0.6666666666666666,-0.013151561767635064,0.3333333333333333
pre_modern_1999_2012,midterm,full_year,QQQ,3,-0.033601698616511966,0.0714402062970243,0.6666666666666666,-0.06465745133749264,0.3333333333333333
pre_modern_1999_2012,midterm,full_year,SPY,3,0.031055752720980673,0.1505614792539205,0.6666666666666666,0.0,0.0
pre_modern_1999_2012,midterm,full_year,XLK,3,-0.048716680119571164,0.1139461507011792,0.6666666666666666,-0.07977243284055184,0.0
pre_modern_1999_2012,midterm,full_year,XLP,3,0.027252500003055347,0.1377992812159774,0.6666666666666666,-0.003803252717925328,0.3333333333333333
pre_modern_1999_2012,midterm,full_year,XLU,3,-0.008580392824702021,0.05308622580138378,0.6666666666666666,-0.0396361455456827,0.3333333333333333
pre_modern_1999_2012,midterm,full_year,XLV,3,0.03203905493925596,0.03299281683184141,0.6666666666666666,0.0009833022182752875,0.3333333333333333
pre_modern_1999_2012,midterm,jul_dec,DEF,3,0.05494823161973098,0.12146470316919866,0.6666666666666666,-0.03004864589965539,0.0
pre_modern_1999_2012,midterm,jul_dec,QQQ,3,0.10985911837128053,0.11522994665929476,0.6666666666666666,0.024862240851894146,0.6666666666666666
pre_modern_1999_2012,midterm,jul_dec,SPY,3,0.08499687751938638,0.12378470312486778,0.6666666666666666,0.0,0.0
pre_modern_1999_2012,midterm,jul_dec,XLK,3,0.1115972589631713,0.15301834058130015,0.6666666666666666,0.02660038144378492,1.0
pre_modern_1999_2012,midterm,jul_dec,XLP,3,0.05507045099393929,0.09069976686493031,0.6666666666666666,-0.02992642652544708,0.3333333333333333
pre_modern_1999_2012,midterm,jul_dec,XLU,3,0.033133801016616414,0.13377718385722082,0.6666666666666666,-0.051863076502769966,0.3333333333333333
pre_modern_1999_2012,midterm,jul_dec,XLV,3,0.06983594396731625,0.11515974206327573,0.6666666666666666,-0.015160933552070118,0.3333333333333333
pre_modern_1999_2012,midterm,q2,DEF,3,-0.05996702777245907,-0.07861394836192237,0.3333333333333333,0.027278077996989558,1.0
pre_modern_1999_2012,midterm,q2,QQQ,3,-0.15356123449705714,-0.10973647235096962,0.0,-0.0663161287276085,0.3333333333333333
pre_modern_1999_2012,midterm,q2,SPY,3,-0.08724510576944862,-0.11358027927361503,0.0,0.0,0.0
pre_modern_1999_2012,midterm,q2,XLK,3,-0.1551566029402072,-0.11375922208837075,0.0,-0.06791149717075858,0.0
pre_modern_1999_2012,midterm,q2,XLP,3,-0.06495898634149717,-0.08045211235103367,0.3333333333333333,0.022286119427951445,0.6666666666666666
pre_modern_1999_2012,midterm,q2,XLU,3,-0.03738887525975428,-0.03715160546759311,0.3333333333333333,0.049856230509694344,1.0
pre_modern_1999_2012,midterm,q2,XLV,3,-0.07770636356756329,-0.06431419865475863,0.0,0.00953874220188533,0.3333333333333333
pre_modern_1999_2012,post_election,apr_oct,DEF,3,0.055322196686589144,0.046194557483310916,0.6666666666666666,-0.02982203341398156,0.6666666666666666
pre_modern_1999_2012,post_election,apr_oct,QQQ,3,0.09455665666137399,0.06387582837120731,0.6666666666666666,0.009412426560803286,0.6666666666666666
pre_modern_1999_2012,post_election,apr_oct,SPY,3,0.0851442301005707,0.026858341087561355,0.6666666666666666,0.0,0.0
pre_modern_1999_2012,post_election,apr_oct,XLK,3,0.0784011653643033,0.04396723403965619,0.6666666666666666,-0.006743064736267401,0.6666666666666666
pre_modern_1999_2012,post_election,apr_oct,XLP,3,0.09082193677245454,0.01642066752506799,1.0,0.005677706671883831,0.3333333333333333
pre_modern_1999_2012,post_election,apr_oct,XLU,3,0.0434853724277221,0.09591652322477073,0.6666666666666666,-0.041658857672848604,0.3333333333333333
pre_modern_1999_2012,post_election,apr_oct,XLV,3,0.0252463097139252,0.023937155889701467,0.6666666666666666,-0.05989792038664551,0.0
pre_modern_1999_2012,post_election,full_year,DEF,3,0.05744502212960486,0.08628853135578707,0.6666666666666666,-0.007293614411552814,0.6666666666666666
pre_modern_1999_2012,post_election,full_year,QQQ,3,0.07634935705169195,0.015654367009831915,0.6666666666666666,0.011610720510534281,0.3333333333333333
pre_modern_1999_2012,post_election,full_year,SPY,3,0.06473863654115768,0.048283269110712235,0.6666666666666666,0.0,0.0
pre_modern_1999_2012,post_election,full_year,XLK,3,0.09218380420437218,-0.0031650237288350924,0.3333333333333333,0.027445167663214514,0.3333333333333333
pre_modern_1999_2012,post_election,full_year,XLP,3,0.023974225965664193,0.028417653267138743,0.6666666666666666,-0.04076441057549348,0.3333333333333333
pre_modern_1999_2012,post_election,full_year,XLU,3,0.050287298518672675,0.11705740173466728,0.6666666666666666,-0.014451338022484994,0.3333333333333333
pre_modern_1999_2012,post_election,full_year,XLV,3,0.08369675235165608,0.06416057143953813,0.6666666666666666,0.018958115810498406,0.6666666666666666
pre_modern_1999_2012,post_election,jul_dec,DEF,3,0.052131346876537865,0.025772657121932552,0.6666666666666666,-0.02054876024352063,0.3333333333333333
pre_modern_1999_2012,post_election,jul_dec,QQQ,3,0.07121507530816573,0.1013460372619952,0.6666666666666666,-0.0014650318118927623,0.6666666666666666
pre_modern_1999_2012,post_election,jul_dec,SPY,3,0.0726801071200585,0.05473132406665515,0.6666666666666666,0.0,0.0
pre_modern_1999_2012,post_election,jul_dec,XLK,3,0.05892039864497056,0.05638449025904113,0.6666666666666666,-0.013759708475087932,0.6666666666666666
pre_modern_1999_2012,post_election,jul_dec,XLP,3,0.08548861767885045,0.05185861660161506,1.0,0.012808510558791952,0.3333333333333333
pre_modern_1999_2012,post_election,jul_dec,XLU,3,0.020630250250227394,0.011044530621971305,0.6666666666666666,-0.0520498568698311,0.0
pre_modern_1999_2012,post_election,jul_dec,XLV,3,0.04512270383336492,0.028698504420964,0.6666666666666666,-0.027557403286693576,0.0
pre_modern_1999_2012,post_election,q2,DEF,3,0.05757411812873148,0.04194925188196841,1.0,-0.01939243237193063,0.3333333333333333
pre_modern_1999_2012,post_election,q2,QQQ,3,0.12510691215444902,0.1673056180517647,1.0,0.04814036165378691,0.6666666666666666
pre_modern_1999_2012,post_election,q2,SPY,3,0.0769665505006621,0.05363455362982883,1.0,0.0,0.0
pre_modern_1999_2012,post_election,q2,XLK,3,0.10846013416543705,0.135887013007147,1.0,0.03149358366477495,1.0
pre_modern_1999_2012,post_election,q2,XLP,3,0.02582967812520509,-0.00696626345599094,0.3333333333333333,-0.05113687237545702,0.0
pre_modern_1999_2012,post_election,q2,XLU,3,0.06606465781262465,0.09151990938438503,1.0,-0.010901892688037465,0.3333333333333333
pre_modern_1999_2012,post_election,q2,XLV,3,0.07893261910205245,0.09220204820370359,1.0,0.0019660686013903326,0.6666666666666666
pre_modern_1999_2012,pre_election,apr_oct,DEF,4,0.07986727379638336,0.07343888436625723,1.0,-0.015240416373308752,0.25
pre_modern_1999_2012,pre_election,apr_oct,QQQ,4,0.23135484329412304,0.25947965273234064,1.0,0.13624715312443092,1.0
pre_modern_1999_2012,pre_election,apr_oct,SPY,4,0.09510769016969212,0.08619485037911234,0.75,0.0,0.0
pre_modern_1999_2012,pre_election,apr_oct,XLK,4,0.190112073400994,0.1912648960237272,1.0,0.09500438323130189,1.0
pre_modern_1999_2012,pre_election,apr_oct,XLP,4,0.057166540815868416,0.06537963807194858,0.75,-0.0379411493538237,0.25
pre_modern_1999_2012,pre_election,apr_oct,XLU,4,0.1392403639275645,0.12662839874035114,1.0,0.04413267375787239,0.5
pre_modern_1999_2012,pre_election,apr_oct,XLV,4,0.04096604397792386,0.03903549661422312,1.0,-0.054141646191768256,0.25
pre_modern_1999_2012,pre_election,full_year,DEF,4,0.11542726101847595,0.14212737904805794,0.75,-0.023603085826616577,0.5
pre_modern_1999_2012,pre_election,full_year,QQQ,3,0.24057486332018266,0.1902805599345716,0.75,0.12316564090753375,0.75
pre_modern_1999_2012,pre_election,full_year,SPY,4,0.13903034684509252,0.12767799508225242,1.0,0.0,0.0
pre_modern_1999_2012,pre_election,full_year,XLK,4,0.30470912002113787,0.2706623218424976,1.0,0.16567877317604535,1.0
pre_modern_1999_2012,pre_election,full_year,XLP,4,0.059221312151264666,0.11929806351598327,0.75,-0.07980903469382786,0.5
pre_modern_1999_2012,pre_election,full_year,XLU,4,0.15029527354365374,0.19030342916138887,0.75,0.011264926698561217,0.5
pre_modern_1999_2012,pre_election,full_year,XLV,4,0.13497955260457173,0.13663464403357495,1.0,-0.004050794240520794,0.5
pre_modern_1999_2012,pre_election,jul_dec,DEF,4,0.034281449168016065,0.05221648194880657,0.75,-0.0084764091619281,0.5
pre_modern_1999_2012,pre_election,jul_dec,QQQ,4,0.21635885667502955,0.14778521722671178,0.75,0.17360099834508538,1.0
pre_modern_1999_2012,pre_election,jul_dec,SPY,4,0.042757858329944165,0.029739702521778044,0.5,0.0,0.0
pre_modern_1999_2012,pre_election,jul_dec,XLK,4,0.14495432614721218,0.1253202167377988,0.75,0.10219646781726802,1.0
pre_modern_1999_2012,pre_election,jul_dec,XLP,4,0.03164286820020884,0.06668667272372808,0.75,-0.011114990129735325,0.5
pre_modern_1999_2012,pre_election,jul_dec,XLU,4,0.04712845136975519,0.07967373674983591,0.75,0.0043705930398110215,0.5
pre_modern_1999_2012,pre_election,jul_dec,XLV,4,0.02193579538880036,0.020870816896021993,0.75,-0.020822062941143804,0.5
pre_modern_1999_2012,pre_election,q2,DEF,4,0.07075551112783962,0.0606672675070683,1.0,-0.001962551037633209,0.25
pre_modern_1999_2012,pre_election,q2,QQQ,4,0.09359406480406696,0.09631351116008924,0.75,0.020876002638594127,0.75
pre_modern_1999_2012,pre_election,q2,SPY,4,0.07271806216547283,0.06716979037664594,1.0,0.0,0.0
pre_modern_1999_2012,pre_election,q2,XLK,4,0.09717538784122992,0.10242996765185353,0.75,0.02445732567575709,0.75
pre_modern_1999_2012,pre_election,q2,XLP,4,0.03371490357229143,0.03618281546837454,0.75,-0.0390031585931814,0.25
pre_modern_1999_2012,pre_election,q2,XLU,4,0.10817445395035985,0.10819796866893228,1.0,0.03545639178488702,0.75
pre_modern_1999_2012,pre_election,q2,XLV,4,0.07053882232244124,0.06666815895135425,1.0,-0.0021792398430315885,0.25
