month_end,SPY,QQQ,RSP,IWM,SMH,HYG,TLT,_VIX,XLB,XLE,XLF,XLI,XLK,XLP,XLU,XLV,XLY,XLRE,XLC,DEF,CYCLICAL
2012-12-31,0.008934577726182669,-0.00466966047789541,0.02267108306049992,0.03618828724042911,0.03095304293644685,0.014013522869332329,-0.024876315873263777,0.13547577742334993,0.03193076155365482,0.010187715758336324,0.0464922326646422,0.028225756874329377,-0.003914172414513861,-0.02076672236265331,-0.0001663799919698894,-0.0035939529969110096,0.004507947172033289,,,-0.008142543678887781,0.029282516139848003
2013-01-31,0.05119003353725371,0.02671559455364325,0.06507878059479522,0.06238117559027856,0.06093401152331834,0.003427712953932849,-0.031854299959609644,-0.2075472047605389,0.03942442650997102,0.08303026010726189,0.060402340540212984,0.05751988950873299,0.01906419846930163,0.05644749191196241,0.04753777454310537,0.07597808374286208,0.05670351583793054,,,0.05999057792311291,0.060089628259734296
2013-02-28,0.012758752595303235,0.003440165725402178,0.009684760797466607,0.010046974325782054,0.02390677718253742,0.009327142942174182,0.01238701151691557,0.08613449011982044,-0.013582739758638995,0.0043955694742068285,0.012082851623984814,0.022205826359061653,0.00782295496170815,0.03308897946930123,0.02323636154565123,0.012584097957194507,0.015958561970094154,,,0.022999514494308038,0.006280355698924822
2013-03-31,0.037971466538994525,0.030247307844371685,0.043643972171459655,0.046590829052977734,0.011674356446867762,0.00872384526578096,-0.004193481319234249,-0.1811734608735902,0.0221194347078435,0.025426549573333235,0.038737743387970314,0.023705955201709594,0.025777027454581214,0.04926426266054529,0.053689301834416,0.06211412033495112,0.04375826920565884,,,0.05506427400035352,0.027568001579045376
2013-04-30,0.019212179642492888,0.025373503696898503,0.01693471451238171,-0.003494800781421614,0.042780670574778634,0.021180345863357264,0.04684797930283113,0.06456698116643378,0.009443410802382424,-0.013113085409059533,0.02690843734941817,-0.007423649217579653,0.017509179604525693,0.029419510252828962,0.059590717129799575,0.030032730218165105,0.030377697634589085,,,0.03974454283994411,0.00404705563408414
2013-05-31,0.023609779482262727,0.03577493954454214,0.02687568309223165,0.039319734452353705,0.033468221270014586,-0.025812411229261256,-0.06760910678522336,0.20562120452447918,0.018963768257041158,0.028491464186866988,0.060962514175231464,0.05018102094766608,0.027921732956008416,-0.021738923188116765,-0.0905141180049649,0.016480075310618902,0.02765072136982627,,,-0.03269405673869996,0.039620908723391635
2013-06-30,-0.013344581639696318,-0.023953429606701326,-0.012307151133382987,-0.008179864022943573,-0.01566971016088725,-0.016885875373546688,-0.032712383562317204,0.0343559140799079,-0.04110165866090543,-0.02266783617798329,-0.01570570108124847,-0.015440400479878713,-0.02891718281483313,-0.003023363269009427,0.008945502076325385,-0.0059123709961104165,0.008209127030321728,,,5.9317025255190003e-05,-0.023695989094306147
2013-07-31,0.05167726436753051,0.06314064608258829,0.056308340258189205,0.07334180957313086,0.023082780208866893,0.028539501699430314,-0.022579925408510282,-0.2022538954709635,0.05554171640991323,0.05261847849922785,0.053470680571370055,0.05909897066722514,0.037267020295807196,0.04335741741685051,0.043316354732503504,0.07162329090563158,0.052659458246706814,,,0.05285101162078232,0.05531484621133953
2013-08-31,-0.02999281029332901,-0.003959244447074406,-0.029203037544648036,-0.03164211144329532,-0.03682561590015332,-0.012719903747206218,-0.013404419004416135,0.2646840498216487,-0.0012353450464149818,-0.010313408440686511,-0.051244732479154065,-0.024800594640979945,-0.010400486489956617,-0.04542107123266248,-0.04992365121133613,-0.035280265220661966,-0.028465637337916627,,,-0.04344629295681135,-0.021940757584295256
2013-09-30,0.031646898203859575,0.04832194987625282,0.04109946580263335,0.06489141561699574,0.07377497493183949,0.007812782159956067,0.0065178373110752474,-0.024103459253101978,0.04428412712156904,0.021142511034299982,0.028216074843596006,0.05866923765719023,0.025321111983440003,0.01371061966058118,0.011473369032294567,0.032073957628561134,0.054229238183478135,,,0.019260517166480584,0.03808024149277123
2013-10-31,0.04630614849557002,0.049569017695438644,0.04279134455329281,0.02420064076888906,0.03234689191848639,0.025182261513296833,0.01430416349532071,-0.17168676602267607,0.04189504237327224,0.041973137550472606,0.03314927111629795,0.04761899857881402,0.05025017074240945,0.064069890662801,0.03773095623987044,0.043091540244796,0.045851864956850896,,,0.0483981340051407,0.041259245548763035
2013-11-30,0.029637897158490967,0.035511437432348414,0.022209261861324547,0.03956374220122627,0.00024317736376522348,0.004732348296655919,-0.027032264120108285,-0.003636377507990063,0.013022600177749144,0.0005791265285708391,0.044239204273509136,0.036610440408981315,0.03090613136368603,0.015584905191533993,-0.01933968977329814,0.04718597712074257,0.03453708812816747,,,0.014242313957863573,0.023549353981669352
2013-12-31,0.025926417917503164,0.029270929477487106,0.028849333518326192,0.02021098824555967,0.04675899465428146,0.004066534597336302,-0.018696114135294706,0.0014598874483302549,0.048962523743467434,0.028716477718612188,0.02247658218301951,0.042185818073434245,0.03534684226232265,0.006898936249746246,0.009110224053566762,0.007389045471309252,0.022831960576544352,,,0.007941302747533241,0.03563681250646833
2014-01-31,-0.03524795666046254,-0.019213163358334118,-0.029613970468520767,-0.027738865836276494,-0.029696088710553514,0.003983949813734844,0.06302678555495289,0.3418366974564908,-0.04716526761924256,-0.05795956854280215,-0.03659671861823721,-0.0426712325713251,-0.025741246821814667,-0.051652161277606634,0.029760177103479224,0.009379466305067252,-0.06000266396051257,,,-0.0045757567134291355,-0.04598507272165808
2014-02-28,0.04551538771500452,0.05152430897635063,0.05337008367121587,0.04778863096242736,0.06023821417788766,0.02308486263007592,0.005241093999278634,-0.23954371993283974,0.0690279694028233,0.051211534343560405,0.03038928011835096,0.04057575997213925,0.043940263996567364,0.039008784627923454,0.034526609107082606,0.06218733923987796,0.06399213670655168,,,0.0452927603614417,0.04783165180716309
2014-03-31,0.008295460538529253,-0.027335541691977605,0.006070772652099876,-0.007484734810005111,0.04490255897519235,-0.0008148992240776254,0.007320994915382961,-0.008571420397077256,0.008258860543796764,0.021083840665439668,0.03330835364715634,0.009565569576223787,0.0043019922449003545,0.02192974862859276,0.03350993715589401,-0.01257861980013264,-0.028670561126478256,,,0.01432493648202593,0.018135583248335196
2014-04-30,0.006951986161034096,-0.0031941769159118394,0.003836424456244769,-0.03747628719924656,-0.020609649751245684,0.004204639772722452,0.020952569858575965,-0.03386169042893705,0.00824872653293629,0.05254900643158611,-0.01700968063468844,0.013376668215633547,0.0027509441038082727,0.027404041247959476,0.042208977472314446,-0.006325527682511711,-0.013597335403525257,,,0.02126783549456679,0.014078410195374147
2014-05-31,0.02320657462671294,0.04485641006977903,0.021564235464924142,0.007858771655249175,0.037385449431588835,0.012063365555482708,0.02949561450918381,-0.14988816195025756,0.029578499957979787,0.016748037698836704,0.015027144007500048,0.019234357709840832,0.03758558280113311,0.018083177920766635,-0.010876545839885288,0.028733957801466925,0.028822107487388005,,,0.01208593767659849,0.020235925654374043
2014-06-30,0.020644267398886917,0.03123829619126095,0.028600694298680507,0.052720026546674514,0.0679759623026861,0.006119395530705285,-0.002513207686637542,0.014912287893204645,0.016145499460823887,0.05513368720268996,0.024226000690498184,0.0047486791559001595,0.01868906232181433,-0.0025326989778434728,0.04441881877527942,0.021214998875327185,0.01938674788654926,,,0.020984249632596708,0.02501193723833639
2014-07-31,-0.013437550256242048,0.011819602252905348,-0.023334652723700167,-0.06054302756050478,-0.014750660974325092,-0.024318610065864776,0.006641581052401868,0.46499578306142486,-0.019943676278128097,-0.03466536349825844,-0.014511674801207297,-0.04125016041825924,0.016948632068007674,-0.03316936928159886,-0.06800695756168462,0.0013149601082420581,-0.012735873349905225,,,-0.033352458687805564,-0.027538775315872788
2014-08-31,0.039463467202078606,0.05009489009544876,0.04204480653147513,0.04829559302054465,0.059885114410280105,0.023802866799633504,0.0472377154417809,-0.2867256868198952,0.03864349379053844,0.021835558597093296,0.04239152518004108,0.04225354546145654,0.0328210194418479,0.04612927045765103,0.04921225565379683,0.04843240984107733,0.04446777321921669,,,0.048143694665337744,0.03639248798888084
2014-09-30,-0.013795858756966761,-0.007566529621436779,-0.025857436619197927,-0.059279259721581545,-0.011416189146241651,-0.01982780944877871,-0.021123359714234513,0.34904873946185955,-0.01405148640621523,-0.07751365687184741,-0.004034055563180039,-0.01146399875130144,-0.005170955723527992,0.005887443627510702,-0.018730342936424615,0.004350226999517259,-0.02770853760562708,,,-0.0027212590592806674,-0.02706673551576666
2014-10-31,0.023550650703307197,0.026419834735265102,0.030215233433749322,0.06593525109320164,0.006458950601387459,0.01060610430095621,0.028185120341895464,-0.1397915271384379,-0.02399667815020312,-0.035312180311995345,0.028916773282479546,0.03875830991643703,0.016040689605561154,0.035468569444469855,0.08030427087658687,0.05257341512243219,0.0211425905836069,,,0.05628448829009747,0.0020145031121316936
2014-11-30,0.027472229643493495,0.045463134712874886,0.026639454250699135,0.0011150894044158477,0.08031925056498013,-0.010811145845223358,0.029673839360569776,-0.0498930735985762,0.01570242791270604,-0.08693674145685393,0.023489727864473453,0.030791361405014372,0.048100569620813216,0.05544882002223073,0.011655690501320537,0.03478528223929289,0.05447808405455734,,,0.03406778921445186,-0.0048742967041938146
2014-12-31,-0.002536917052058052,-0.022406110657477774,0.002816959730800761,0.028929430870998418,-0.0053329047209867975,-0.00803141314159328,0.03251422636039836,0.44036015550114116,-0.005568727672658036,-0.0021076482129375185,0.018702427464101445,-0.000215634009736676,-0.02176789615550645,-0.009356829839651137,0.035671809258347675,-0.014033674228668636,0.008900441673601156,,,0.004147265278943824,0.003118730432051242
2015-01-31,-0.029628926425071644,-0.02082295625908026,-0.02923166446458958,-0.03277065713187821,-0.03460280086505829,0.007031761990788921,0.09815761719098304,0.09218742083758436,-0.01832051648072952,-0.04560414874330854,-0.06955126743928075,-0.03552536797808836,-0.03506630967462809,-0.009693056224434948,0.023295845246018798,0.013015737492922508,-0.029937998323949055,,,0.008953796653198065,-0.04204256760409997
2015-02-28,0.05620456135663776,0.07220571213807792,0.0572638384698656,0.05946433837316256,0.08040971021185883,0.022311244834792188,-0.061383332820967196,-0.36385309540318045,0.07968102886876416,0.045930027172578214,0.05823576967934563,0.05350960261962512,0.07995026304122432,0.04144146903463852,-0.06394917731663086,0.04287548915820483,0.08544105550760284,,,0.005935760872394891,0.05947740984229921
2015-03-31,-0.01570580249752407,-0.023589581101884916,-0.009557259213965885,0.017699807791605515,-0.02931363901047568,-0.009478225648578698,0.010921686217127968,0.1461768955742364,-0.04904847734834206,-0.011552487408752032,-0.006160340365158112,-0.025460791296680996,-0.03435588350035523,-0.019426525855366306,-0.009952639452268652,0.006406574535450904,-0.004829666734691207,,,-0.0074428200285656665,-0.022893260184997932
2015-04-30,0.009834012168199457,0.019223157019815806,0.004071449554271522,-0.02564919600539184,0.0028933028989042153,0.008713523175460258,-0.03425158490337743,-0.04839763067131375,0.03362056246996947,0.06573861711312001,0.0008293603380244985,-0.002510252828728299,0.02750990857995994,-0.007590992070283575,-0.004726819185643105,-0.010896746324788209,-0.0005308816130575877,,,-0.0075651357174728595,0.024261343623551257
2015-05-31,0.012855913942161123,0.02248458212387705,0.007250254994628946,0.022363549701687413,0.07843488175291258,0.0035550592238804413,-0.023724855963591196,-0.04879725284121206,0.003768475263364879,-0.0518868967536078,0.019477646379413738,0.0032355900717808694,0.018553261585543934,0.008682723632863043,0.006332152553761405,0.04504271409015592,0.013145813266105089,,,0.01996718854270574,-0.006545540685344187
2015-06-30,-0.02031204578969803,-0.024841116781469053,-0.022705790686233573,0.007829320736898904,-0.08761068593627841,-0.01887154103726374,-0.04071952011504054,0.3171964841942265,-0.03949567621367922,-0.03483504069439569,-0.004610128079067577,-0.026547143271488216,-0.04112825221420491,-0.018343610714009584,-0.059840287014417015,-0.003920438244061297,0.005544733670693303,,,-0.027471640887166138,-0.026357523764561464
2015-07-31,0.022589329745242415,0.045577991456040357,0.009648856959836971,-0.011039282248943572,-0.044346787524096265,-0.004920090405175381,0.04545963023910726,-0.3351618107571117,-0.05042329189053396,-0.07690269675175687,0.03404460753232197,0.0029596861987322143,0.028502257082799298,0.05693286283338561,0.0610223424802927,0.02957418143771795,0.048901179226945146,,,0.0493882773998382,-0.023240074643213426
2015-08-31,-0.06095005998026415,-0.06824487260725975,-0.05461060910416349,-0.06310984108041684,-0.04985619926498652,-0.015232888791875676,-0.006894621240757348,1.3457096182855564,-0.056366122874259905,-0.04251891749209702,-0.0706071080711872,-0.05403886670410041,-0.055190455924815196,-0.059630076701758794,-0.034780526359466934,-0.07964451717901833,-0.065320151212096,,,-0.05781693882187944,-0.05549580998305392
2015-09-30,-0.025516186050463352,-0.02207295953004418,-0.030212650346150838,-0.049363100569974505,0.006659892772384879,-0.029899097566011057,0.019668387884433036,-0.13823426883538625,-0.07421404898040407,-0.07193416818089937,-0.02813430392756422,-0.02204047296686773,-0.013718591708815064,0.0038982658482877852,0.029174377416136155,-0.05702887109361254,-0.005869950811753122,,,-0.008196219240380387,-0.04915881048223236
2015-10-31,0.08505965461665244,0.11369878916841514,0.0698748276031842,0.05622685389132309,0.08680846851889612,0.032307563142297324,-0.00408853597922465,-0.38489797163982775,0.13426883886187357,0.11160109808523067,0.06266558702040803,0.0877931939962815,0.10506337952799472,0.05700335348447294,0.010626453208691489,0.07715562680234545,0.09035762540534331,,,0.048446395501805295,0.0992732444474369
2015-11-30,0.0036549359015005667,0.006088496146467559,0.0030493954066763695,0.032599427868608366,0.029330425261334225,-0.024960424413264293,-0.00867644372824794,0.07033838668931347,0.009938272768366119,-0.00014712126596438946,0.019933732834111817,0.008660406532450926,0.007102290203160333,-0.009222028807886473,-0.0212570481493215,-0.003224450749555796,-0.0023463613187386656,-0.006462013959995572,,-0.010850700515086742,0.009940545910949838
2015-12-31,-0.017282494907136292,-0.015947711171591217,-0.024829362056833393,-0.05030416715458441,-0.024448686617419724,-0.019923190033677818,-0.002971354045179453,0.12895226484358968,-0.04340136222756996,-0.10516947854124514,-0.023643862038341346,-0.02572430952455318,-0.020811525270607256,0.029177134501209956,0.02119172341507425,0.01722908219135455,-0.028431033594184085,0.02532697190901234,,0.022760220722050528,-0.049437994065416824
2016-01-31,-0.049786473297938394,-0.06910383935427344,-0.055584418293118776,-0.08577531910225289,-0.06681668582774769,-0.01600894337088765,0.055730319351816826,0.109280712713689,-0.10709307667119572,-0.034979616928583646,-0.08854367284888698,-0.056970369844400515,-0.03712379909442898,0.005347025773352998,0.04944525670587696,-0.0771901709737235,-0.05181680691399071,-0.06394327454740756,,-0.00838571048224701,-0.07168929617346831
2016-02-29,-0.0008259456719160729,-0.015653945489457866,0.009947594312419428,-0.0022337465844795013,0.014279720171352261,0.014968754067391732,0.030859856282751563,0.017326656480292302,0.07815300578571605,-0.028002146547405182,-0.02900542469914924,0.04260832553116711,-0.006547491391167282,0.0031523804879916018,0.019374764230585262,-0.0036108117982952548,0.004453029464962066,0.004796106335415606,,0.006634583841812258,0.01551736261912895
2016-03-31,0.06726617668359447,0.06852621839572559,0.07982131142652671,0.08013458739774859,0.09220729906569769,0.0254704529542924,-0.0009336700785086416,-0.3211678672908539,0.0757306289055315,0.10165893867040432,0.07159141079400344,0.0697353194105994,0.08821733869507842,0.047382808106770646,0.07976468077798438,0.027075189954024692,0.06697405227377562,0.10697141242614427,,0.05159041801068365,0.07994654542654867
2016-04-30,0.003941157131913453,-0.031868428859430975,0.0124795580947068,0.016722467032201038,-0.0475672564814178,0.03122623632968624,-0.007364950977098439,0.1254480303890546,0.05110464806463866,0.09064487322283488,0.03599999194864645,0.012439478084299127,-0.05027064575775775,-0.014322898929716499,-0.024184072879407492,0.029654767527248715,0.0012644890486694926,-0.0242534775295683,,-0.002822248235472169,0.0474727347668662
2016-05-31,0.017011651535904004,0.043700531485413974,0.01358330206280911,0.022403789713882682,0.08463590744679506,0.0017012977792492112,0.008054707214562029,-0.09617835969594923,-0.0033970192337017258,-0.00933359659862154,0.018876067271254904,-0.004273740127920922,0.048896367205774505,0.0068831774605317975,0.015076157843767257,0.02235259289728808,0.0005047500566572882,0.017208090349911442,,0.015040547036493379,0.0006399257605125275
2016-06-30,0.0034756357148959527,-0.022780282277168773,-0.00063448240911812,-0.0001740217312182768,0.001933148589639666,0.017931083524576064,0.06934197747161441,0.10147995607049332,-0.00784542945089739,0.027207379764712325,-0.03232707043991212,0.007131691670227758,-0.013778145021302368,0.053585270648250916,0.0762811042556899,0.009091689680316817,-0.011395497439966595,0.061005845224663124,,0.046288252593202905,-0.0014250536046157558
2016-07-31,0.036471661327579286,0.07150814526562255,0.04144345460138643,0.0587487809945757,0.11383974527676921,0.013130629960997897,0.021024981266844822,-0.24056303271603208,0.05071181522546131,-0.012602714573099805,0.034557977057497746,0.036243653904782125,0.07101717219547932,-0.00815971518756764,-0.00667055917270043,0.04866810338701222,0.045606079136573774,0.0323908224273779,,0.011132897187372759,0.027096805328136186
2016-08-31,0.0011971861352875202,0.010500922599586016,0.0015532986994799547,0.017840925116043183,0.042677124541605105,0.019676239562807174,-0.010135330660630215,0.13058131471598222,-0.002669963058553493,0.016770737595377172,0.03847782522923704,0.009476064421912733,0.011625217805396382,-0.005850035037526791,-0.05544890164322647,-0.03244695904917372,-0.012986957870977367,-0.03743020355829796,,-0.031239876099211195,0.015727502470206156
2016-09-30,5.802878359184582e-05,0.022135406072607333,0.0010093313674461868,0.010738378325927833,0.049237453752015936,0.010784683794334837,-0.015083559161138793,-0.009687042749765618,-0.011611899009447924,0.03688201095696719,-0.02801754872672002,0.0018614384699700004,0.021017987674818217,-0.015455384550902451,0.0036107300225201033,-0.005096283566757953,-0.0026665950736525224,-0.013087701998089951,,-0.0054661745240007775,-0.00019027388613990226
2016-10-31,-0.01733702460458475,-0.01457201786918949,-0.024404220304067192,-0.045970435208443794,-0.017273760643297664,-0.009830942858060965,-0.04380651069415464,0.28367189728446807,-0.020941516941906047,-0.028182978842258066,0.022797847651637726,-0.020041235913174082,-0.007534343135104704,-0.007705230733522139,0.008981347549536611,-0.06587167971241925,-0.02423797212899237,-0.05553873016488342,,-0.02173829132470717,-0.011641081738590464
2016-11-30,0.03683847488918035,0.004359198514697127,0.05236000148466213,0.11063312139137516,0.04086706577247523,0.00018731857671006047,-0.08213760246111845,-0.21864007379851846,0.06823453266553181,0.08466918288632441,0.1403239100944691,0.09089339050233813,0.0016868805811751653,-0.042045474364279745,-0.05421795609376723,0.020635769916165225,0.04801544315332418,-0.03037181487370655,,-0.024870463613067106,0.09632680703107876
2016-12-31,0.020272273328134638,0.011322441222161306,0.011248038966353402,0.028844387562656726,0.016283474329570558,0.018388667205211373,-0.0046261185035184615,0.05326331899554693,0.0017665520304532834,0.017307116898506614,0.037564933718814864,0.003060703104596163,0.02259845292320284,0.02996550002570264,0.04898765992133658,0.0071625805665891384,0.0003905394843335408,0.04346623641936409,,0.028704314264784703,0.015005782125401268
2017-01-31,0.017894125298646646,0.051401029812683685,0.020082931914111368,0.002818001073929599,0.039084321124969845,0.009127087746117368,0.008142536887183027,-0.14601140999321627,0.045472658100707664,-0.032129491457876025,0.0025804044615385102,0.018643592897202854,0.03556652416232997,0.01701856027976678,0.012559380839687773,0.02291813578414592,0.04213754060492714,-0.0013005312333714825,,0.017701916451862143,0.0084642271020261
2017-02-28,0.03929186528392359,0.04375057666244242,0.03134217013396223,0.01930036295179849,0.026195506988355488,0.015317884966382644,0.015846331179262707,0.07756466413085272,0.005581085954973197,-0.020850547889391335,0.05276729598266061,0.03912901481453335,0.04532767675230498,0.047727429465074245,0.052663677729928526,0.06338670401945334,0.018153905484450616,0.04656452309020276,,0.054794507803284764,0.01895154568723667
2017-03-31,0.001249769339754625,0.020268808921664494,0.00020825637668342445,0.00026014105674820875,0.0434610535281994,-0.0014330793994836721,-0.006551336409045927,-0.04256967395410638,0.0062186375492157,-0.014859738395901378,-0.029561038382063254,-0.00765547882747819,0.02226036333552317,-0.004226781223641951,-0.001353200934404275,-0.0048062248616791425,0.021339338414829268,-0.010530091561056443,,-0.0032682308530058712,-0.01127800078116925
2017-04-30,0.009926332358249024,0.027269935122929967,0.006606066876800876,0.011493007132722832,-0.00012517751286555967,0.008156980845984041,0.015731714081380632,-0.12530316936739472,0.012593245253226693,-0.02947069601622887,-0.00842851891854246,0.0196739876690728,0.02007116785802565,0.010993321423604874,0.00760093871341172,0.01533084645452698,0.023990962805513938,0.0015821240898497013,,0.011408666992162697,-0.001452939037124401
2017-05-31,0.01411280249216329,0.038973023618661395,0.005578799603972451,-0.01970374315149792,0.0789206992388547,0.010314430591646273,0.018878779722312222,-0.037892778093906454,0.0001885003256971718,-0.03537732294103413,-0.011899556058899252,0.01778727249932799,0.039536606126431506,0.026458714829944663,0.04139277689953946,0.007682027666018998,0.010992647855684767,0.006634914247417134,,0.025165600527270238,-0.007250701954535255
2017-06-30,0.006374813557456838,-0.02317921029704706,0.011643516701166812,0.03374368875401945,-0.04802877682271989,0.001325699949864978,0.007918789710695151,0.07396738415467818,0.01850228194868131,-0.0011166897211264404,0.06513351692128522,0.013512236151509205,-0.028118367546461687,-0.02253503643036736,-0.027088613172829956,0.045671498896336926,-0.012593737021529883,0.019141403628903042,,-0.00170573505747329,0.024024443656938343
2017-07-31,0.02055419026197658,0.04061309441725447,0.015968872315870186,0.008524666653571211,0.04861941287280036,0.010191231293002811,-0.006582963256167251,-0.0822898077979507,0.015424547158802815,0.02618606326616768,0.017024613294552626,0.002936956721662387,0.04459073555416504,0.00691699517958555,0.024249263831390477,0.008202728397730619,0.019301948344170095,0.01211201580588206,,0.013232692655646083,0.015561824214605169
2017-08-31,0.002917755168571512,0.020735874594808967,-0.009982955859846099,-0.012578344512667927,0.03192015499479406,0.0006552941439712523,0.03408700483024085,0.032163734536487354,0.007869966856240085,-0.05478808012391856,-0.01554404237980267,0.002195700178414084,0.029216255991384443,-0.011026857937729284,0.032882453519908816,0.017523979466181894,-0.018607816499103036,0.010125384277247518,,0.013132237400369284,-0.015231893933502216
2017-09-30,0.02014941504402956,-0.0029524067345572114,0.0293464687705991,0.06304072156541296,0.05351094688963376,0.006006484113124655,-0.023229289478333026,-0.10198299415908263,0.03696989689849284,0.10182275525663598,0.05133027216317365,0.04184448556704656,0.008178336153672916,-0.00714971494450678,-0.027567208277462507,0.009113658243904865,0.00823913556464495,-0.013638210857171873,,-0.008480989908134062,0.057910244609824524
2017-10-31,0.023564198614651533,0.04606362799677988,0.010885608068756936,0.007289000741304896,0.0888339869837318,0.0008488131217987416,-0.0003853058838756418,0.07045216195254733,0.03873241933940208,-0.008323495159298422,0.02861517675340841,0.007464740681316195,0.06514390432662132,-0.016488137120498347,0.03901998811678076,-0.00758574750106733,0.02120299854025265,0.00806498615823159,,0.0048494002405077286,0.016566199954105354
2017-11-30,0.03056573766731585,0.019717628587375247,0.03799944497956109,0.02941158076088657,-0.013384362496312474,-0.0036775991041139156,0.0074315451804318755,0.10805495037521173,0.009491510392144686,0.01752318894502669,0.03458670929966701,0.04166058588076926,0.014138431852987798,0.055754644700014344,0.026850122631226325,0.029096448032075894,0.05065792300812988,0.029230608663867397,,0.03730964132163073,0.026022252033081283
2017-12-31,0.012127916412125073,0.006031168802540954,0.012421832535700839,-0.0039849373235359975,-0.010420333784823987,0.002457787575549375,0.018126342592934996,-0.02127657595741339,0.02126942292463685,0.05269392907811765,0.018881282582564163,0.021085458511260313,0.0054578831186336,0.022530100217997617,-0.06058179458376611,-0.005504874635279378,0.024582185420412683,-0.0043828886275145695,,-0.014903643672215972,0.028590784636878253
2018-01-31,0.056359177122986326,0.08757095459949515,0.043848412540742565,0.025580238588895243,0.08894797963010848,0.00045833267480932527,-0.032555598585343626,0.2264492761447785,0.03998008080193527,0.035842857169749776,0.06556789028511822,0.05365434102317734,0.07036721462451623,0.0163474092185929,-0.031131439538352956,0.06555410907886494,0.09241077133545539,-0.01912557521065128,,0.016559309210931072,0.04889904581532911
2018-02-28,-0.036360407163057884,-0.012928006124687696,-0.043903160921174855,-0.038436899561996585,0.00028162556243405135,-0.008673694087009798,-0.03041450937314738,0.46602662019159546,-0.05274022729399819,-0.1083498748716768,-0.029253495911066074,-0.03863037424240079,-0.00409033051759522,-0.07627124992395784,-0.038793190300820846,-0.044949163072438125,-0.03469091170952532,-0.06809026228032578,,-0.053105304214000726,-0.05743972533339725
2018-03-31,-0.027410639407361992,-0.04078852585566317,-0.009240162771201876,0.012175586658260684,-0.021212612565651545,-0.002318312773823328,0.028596354860365603,0.006045286124870097,-0.04146321307835743,0.017230203002873035,-0.04155335657869896,-0.026883154798818643,-0.0373381742013974,-0.009068796989734063,0.03796542675150505,-0.02916564502623742,-0.023847122301587365,0.03828936584785647,,-0.00011223849879604675,-0.023189438409781715
2018-04-30,0.0051683230256680535,0.005058533266244947,0.003719443595400884,0.009813294958056051,-0.0682776841992152,0.004795785671706909,-0.020881136591125227,-0.20230341247318184,0.0012291982739842666,0.09494163280671386,-0.00435262893808086,-0.02786367485520369,0.0006115507185233682,-0.041421475830450305,0.020383942425142854,0.01056488021074986,0.023793037258571514,-0.006113471075144705,,-0.003523009436158686,0.01530462842418534
2018-05-31,0.024309279666875572,0.056729481048578556,0.014521726850509564,0.06163582991850958,0.10323182261016295,0.0005032467431924648,0.020044032219502572,-0.0313873189216165,0.02052274782627861,0.029941527162596016,-0.009835479950767945,0.03073921075920727,0.06782754826135617,-0.015658813914763536,-0.01105532439111212,0.0018234978218121256,0.019865041124935257,0.02233756247597074,,-0.008061806166746788,0.0180345536105182
2018-06-30,0.005750901545812148,0.011450261203177048,0.009716436409308749,0.006143806104464078,-0.0421681816712528,0.0009882417934938825,0.006457749616921138,0.04277380650412055,0.002755686737110352,0.0056954194653444645,-0.017469801968261423,-0.03388988191120168,-0.0026315736728032,0.04569020386245848,0.02813832486552581,0.016493082716256824,0.03618643170379232,0.044615887053197634,,0.030418956149892207,-0.010527666331444974
2018-07-31,0.037046403465154976,0.027963823295658274,0.031013813053725192,0.016490588917083215,0.03136262611611906,0.01677740886615564,-0.014368357070891014,-0.2026103292707242,0.028586075069731542,0.015538707023995624,0.051147341658931644,0.07385214857528744,0.02087253822628532,0.03958862718258338,0.015973979532484694,0.06554069176867583,0.01802411220400235,0.010394447401960383,-0.021603238309507833,0.040495084338579845,0.04248354449643443
2018-08-31,0.03191992415977407,0.05780648241120612,0.01960966613981885,0.0431060122639455,0.02880333926647216,0.00707843162828925,0.01312008269848941,0.002338248881495364,-0.007701308972774212,-0.03475128432244623,0.013595466705751624,0.0023400076304596062,0.06598980715768565,0.003920284795355,0.012881303847312786,0.04329219765689096,0.0510468518268643,0.024205629369991932,0.01485766620819673,0.019977346688124786,-0.006550975103446266
2018-09-30,0.005945505982632104,-0.002815985987780212,0.0016825924522987368,-0.02325023354571354,-0.02285645841851669,0.005244785511967054,-0.02864305837964709,-0.057542752011967346,-0.01795397684109934,0.02445981852015988,-0.02215467523245085,0.02177352096156171,-0.00019259716461783594,0.009872129802337426,-0.006483474189061034,0.029542489991232435,0.005304574074979307,-0.02646062742482147,-0.0009634394915328803,0.01110019301515841,0.0015552063684001194
2018-10-31,-0.06910436737247305,-0.08595743067469652,-0.0724650259453018,-0.10987847619722058,-0.12202913612496757,-0.019767510710169134,-0.029305288660238737,0.751650143786863,-0.09183503088996492,-0.11328214418788107,-0.047135541470726405,-0.10867332009770103,-0.08004763161983364,0.020025495610823674,0.019753014319010775,-0.06778763698583923,-0.10100677883028786,-0.015946148900735868,-0.060407808094918636,-0.009481696531586037,-0.09021881533789056
2018-11-30,0.01854914853153966,-0.002649721971037966,0.02614328791043663,0.017263341805385135,0.03520224899508295,-0.003990598371154341,0.017871791361518063,-0.1488459687022321,0.03801537506894648,-0.01563430862788362,0.026255622625483532,0.038065059720860495,-0.019625050223131213,0.022723370884157656,0.03538840196632953,0.08083411889922387,0.0247673113111071,0.05484558972658693,-0.02237194601210024,0.04630329196721328,0.021842507288661883
2018-12-31,-0.08804830251424944,-0.08660738616981023,-0.09551889167448913,-0.11972168481653456,-0.08055852110857598,-0.020888349350268842,0.05853518933282609,0.40675154983953776,-0.0688770198513885,-0.12439197408615421,-0.11128961574706475,-0.10659003747775253,-0.08376488043161312,-0.08914553827151284,-0.03994467322428019,-0.0935365222806982,-0.0795622706763166,-0.07344332353813621,-0.0798846388295279,-0.07411699727454224,-0.10270527557670395
2019-01-31,0.08006554456777382,0.09010795117334736,0.09813996748467901,0.11321893998816579,0.1066683155265975,0.049445051552849284,0.003785832952413415,-0.3481510761175416,0.05601730358171442,0.11211867787737129,0.08900104475792192,0.11426797825426727,0.06937749454899556,0.05139830870201734,0.03476941010012791,0.04808683800366498,0.09867700296205406,0.10741940335876721,0.1174907707547923,0.04500793433726957,0.09293271764881239
2019-02-28,0.03241541048492169,0.029911828418990094,0.03666451731530751,0.051791433129690034,0.06977946407398616,0.012146082503450284,-0.013764129974474848,-0.10802655370067082,0.03186500904567802,0.023047789643902084,0.02235951867178465,0.06367531525133985,0.06910090874346286,0.017793942398922846,0.0410883780014184,0.01080845757876836,0.013145661290650423,0.011069123700083061,-0.004552535278358416,0.023327887058109287,0.03526008638719791
2019-03-31,0.01810082180393935,0.03924580566598834,0.008374320028152749,-0.02093320639953522,0.029033161544862685,0.012908761787877143,0.05571688551204135,-0.07239510921216497,0.0125293578478467,0.021281007051209944,-0.02559435886106709,-0.011494944367254178,0.04768626435342749,0.03822967195698079,0.027914702765014843,0.004819500518838282,0.03655282120428516,0.049481901100326686,0.020306995770863923,0.02380114363315089,-0.0007517260877404341
2019-04-30,0.04085249432999838,0.0549927546116733,0.035905826795545215,0.03396689541517883,0.09329449744160656,0.009861878019142623,-0.01991095777093277,-0.04303429255625546,0.035135212227337176,-0.00015126785281582844,0.08984864761219469,0.03971802207901609,0.06364851206052924,0.028515514925128604,0.009283186484443817,-0.027139095989856976,0.05463342611828903,-0.005245865062185939,0.07055787853524587,0.0036014389831076077,0.040988462822341365
2019-05-31,-0.06377094901905123,-0.08225165509465149,-0.06932256942045723,-0.07852650127166061,-0.15501074547446358,-0.019336721672384982,0.06839207249824164,0.4260670158287405,-0.08181034507833462,-0.11102695503257265,-0.07173461715043461,-0.07640097855899974,-0.08664670978171163,-0.03638879406701623,-0.007835200217318095,-0.022182459451998593,-0.07603891134725627,0.01221182363942308,-0.05951668878444416,-0.02194056872761818,-0.08518762029600035
2019-06-30,0.06958633696692229,0.07590032704855121,0.07549537978296206,0.06984894678143938,0.12165323475675338,0.03154542334908972,0.00950159802669548,-0.19401386095091377,0.1156372285032603,0.09395130185133627,0.06653699103990807,0.079204601195066,0.089382474612137,0.052195259719151066,0.031863153083923956,0.06594008866086454,0.078158880635818,0.01622402401012768,0.04773997886202963,0.05009824757445824,0.08900858501357067
2019-07-31,0.015119426938475788,0.0233480136453168,0.008441736107622777,0.006816618607337732,0.0627156409764702,0.0015665667948832063,0.002564825287368233,0.06896557830165784,-0.0027350295019581417,-0.01585297896521276,0.023550651974762582,0.0051668427328015465,0.03498222707953946,0.023419992584632565,-0.0013419238134849687,-0.01619163821193692,0.01275188557372986,0.0174053838152477,0.03169421777209935,0.0019631374001807256,0.002659989829480569
2019-08-31,-0.016743163175310327,-0.018995351106446012,-0.03265557118120854,-0.049310156729192256,-0.02280301463071377,0.006897476562516269,0.11049107761477095,0.17741926514309903,-0.028282710062416117,-0.08325352250996443,-0.04707952179835284,-0.02647120831731886,-0.015352209206294765,0.021706242577789636,0.05088175613413792,-0.0059251345363200425,-0.009443441522111962,0.04811568234439889,-0.024615838686535052,0.022140988815950946,-0.046331016413189374
2019-09-30,0.019457520797280248,0.009178607730795596,0.032699057477017845,0.020370529453699993,0.04116396216279394,0.004389366936258243,-0.026798675514094983,-0.14436247825089898,0.031797866324260404,0.0393429177771063,0.045421477238561714,0.030113710561432194,0.015728565707268993,0.01751268831515085,0.042516647928738216,-0.0010555487368874017,0.01271468108763174,0.0100317475268199,0.0021302514703192,0.01971835126601862,0.037033795282694904
2019-10-31,0.02210442043177574,0.04380080575713219,0.012305867298135542,0.02715750823394636,0.07017567175646722,-0.00011491242067784846,-0.011131792145434027,-0.1859605632175093,-0.00017181103327257308,-0.020945918758337068,0.02500008467715986,0.011335821615236163,0.03899148043958034,-0.004233269018830588,-0.007568593762319331,0.05125933100279734,0.0012425401765137067,-0.00025415381125326597,0.022213056093589145,0.01300760443571769,0.003864522114792379
2019-11-30,0.0361986334711073,0.0406943143931191,0.034000410126902914,0.04065651724475994,0.04251314042636878,0.005679847816387973,-0.004071809222335077,-0.045385807061301686,0.031792446505003014,0.016045372041795236,0.050522407339537834,0.044962335775242224,0.05366333790106759,0.013734516434367183,-0.01867735396362713,0.05002628332214698,0.013239808367537576,-0.017289450449005428,0.03832478160194719,0.014819594416688897,0.03602675668149424
2019-12-31,0.029055350123284196,0.03886359827896979,0.027048964924906604,0.027864930127472487,0.07992238561968001,0.019112628837925305,-0.03197507835148339,0.09191757986776872,0.028624121288708393,0.060262474318293124,0.026092793823277116,-0.002011071889651883,0.04320606285267092,0.02412743156225594,0.032905436884718364,0.03475276613475353,0.027631521336032083,0.011406258798753788,0.022578080337488426,0.030672919143177824,0.028133312802801846
2020-01-31,-0.0004037021070635305,0.030384223754284623,-0.018838572493552475,-0.03102544712415578,-0.027155132880828048,-0.0046622884453948465,0.07691214981986727,0.36719887646367044,-0.06170608804048128,-0.10992699175785692,-0.026640658605812106,-0.004418771430932833,0.03992586158489497,0.0031755821620911284,0.06747139370839417,-0.026703112799643436,-0.0007972828855929981,0.014481905231494618,0.005221047029264181,0.01408332734249984,-0.05124989550865966
2020-02-29,-0.07916545745849979,-0.06057405383847991,-0.08869144136112583,-0.08845724119239351,-0.04070658621425571,-0.012895109274573047,0.06626440275494838,1.1289809068734002,-0.08519890751135484,-0.1528815953087519,-0.1124833963978531,-0.09900147277700289,-0.07300944032895906,-0.08214622704305707,-0.09857931081274895,-0.0658664478755997,-0.07572614647481934,-0.06219736547654464,-0.058430689111271916,-0.08203349153156358,-0.11243640661168619
2020-03-31,-0.12487161411825387,-0.07285846932689011,-0.17999889677795866,-0.21477077338231831,-0.11237410046907215,-0.10028059123513722,0.06376651798194732,0.33482922215936783,-0.13996699834335324,-0.3437093539092483,-0.21035932218262365,-0.18625950175614847,-0.08577937643114053,-0.055320569824346966,-0.09995599400087563,-0.038873692720067465,-0.14913317055485453,-0.1510658685174977,-0.12599196325355877,-0.06346668000255751,-0.2208810192199544
2020-04-30,0.1269835228425722,0.14973718293833316,0.14425127090318446,0.1384761771390126,0.1416253475516962,0.048836619297397466,0.01218978493658529,-0.3621591157654439,0.1518650162521884,0.3076394200592443,0.09462045982820322,0.08812071859722437,0.13736454584199076,0.06957955865387366,0.033387282792843864,0.1258749004811519,0.18882511468699925,0.09419329775505858,0.13652791044268708,0.07698135999063793,0.15956530222316778
2020-05-31,0.04764523067108284,0.06600906242931481,0.047535092340563745,0.06591950928333068,0.05458761322758199,0.02946484881041611,-0.017619442556788267,-0.1944363396869916,0.06881261586020271,0.019999817903904482,0.02720491586913143,0.05388566405975803,0.0717647438807818,0.016649246378048765,0.04243808161846285,0.03288877455604555,0.06509451257437293,0.021521517975854332,0.07438358038042359,0.031069228579456265,0.04319025271022903
2020-06-30,0.017734421031398995,0.06286662499218854,0.014610550505790965,0.03429985751204523,0.083457495456559,-0.0058347713020519,0.0033666613067409035,0.10614322253724784,0.021814618902071592,-0.01095554275220334,-0.005228064610539818,0.01972782188677713,0.069490267716803,-0.0022461754875566786,-0.046722753278476525,-0.024425676951292385,0.030738697116382996,0.012349940752952815,0.0023915998302266317,-0.024157341248636666,0.007126864716691994
2020-07-31,0.058892068153310495,0.07346533981145931,0.04992115183444601,0.029194126422524835,0.08782724572289902,0.05060514991836951,0.044351634734598244,-0.19618801054325652,0.0711624969788398,-0.04808445476159351,0.03846173864853841,0.044105361923715725,0.05684737670842699,0.06923590768253018,0.07797265375520035,0.05456198622619324,0.07274285874099773,0.04165475884932346,0.0756845360935583,0.06762271841699485,0.026287369809800287
2020-08-31,0.06979660515266417,0.10944741219878562,0.04268072411421686,0.05476367400752857,0.05504753923780603,-0.00022354854613626518,-0.05046549895189034,0.07972202926930305,0.04357174923974405,-0.010546836307133378,0.04286267625294515,0.08476224997513282,0.11880842652699619,0.045933158548450814,-0.025973928834235438,0.025869224278392666,0.09554751975737075,-0.00027627471859026365,0.08825040935047412,0.015072414689557112,0.040066199339810815
2020-09-30,-0.037443395755079045,-0.05778629189525952,-0.025120966691370317,-0.03261338981424844,-0.006671553709339473,-0.009316646410150398,0.00773430652755458,-0.001514540265422637,0.015076307251809418,-0.1460662397066883,-0.03422195064553757,-0.006821785416720405,-0.05335083945762442,-0.016747624979225884,0.010813344954558213,-0.021804597610557974,-0.018633805568761486,-0.021177803523140803,-0.05903137637019007,-0.00915582567516715,-0.04447473060079743
2020-10-31,-0.024933334355706993,-0.03044934456865056,-0.005549919966743144,0.022031008983962153,0.004305337127169295,0.004034356686176688,-0.033852340070713915,0.44178988425352483,-0.007228294980949679,-0.04106857872757952,-0.008724918347943866,-0.014419439946651291,-0.05004292873216465,-0.02870531462140269,0.050522135479678765,-0.03621535192015912,-0.02728231741672238,-0.03175493764658888,-0.003367276098202976,-0.005305961562233619,-0.017408132965387013
2020-11-30,0.10877675002979204,0.112257697654637,0.1429635979752757,0.18244165493720943,0.19239793766281732,0.03351288897428173,0.0166391835583799,-0.45896897824408545,0.12361520670967097,0.2799444307879031,0.16848309438114017,0.16027420499396405,0.11383738788184994,0.07468686801983204,0.007374032252279061,0.0794806699884969,0.0999506770033034,0.06881386777816201,0.10472980808187504,0.05388391656266789,0.18427662339459827
2020-12-31,0.03704818077515437,0.04902448792406644,0.041546841962410985,0.08646476583896723,0.05431775269302297,0.019578990970697374,-0.012276676432506628,0.10597959832368442,0.024816172120114777,0.04480094241727395,0.06306047793129754,0.010068442497468189,0.05541608648881735,0.01651034299607934,0.006204328629416667,0.037978242418090113,0.02427828089652584,0.014619272454301946,0.03345244061155972,0.020338734559127714,0.036303684486047816
2021-01-31,-0.010190483229902014,0.0026136962379754713,-0.008154310363838957,0.04845444083214123,0.03749654576446293,-0.0037806179903653314,-0.03632770308823918,0.45450550121265443,-0.024174609655812418,0.037467219899949944,-0.017978456680622035,-0.042688309159134796,-0.008383298428123132,-0.04981468920309551,-0.008772095044811135,0.014016174162901684,0.007650400572859262,0.005470045402259149,-0.00889170597917488,-0.014876700896353734,-0.01173224599687206
2021-02-28,0.027805476995289347,-0.0013351227060649506,0.060869485134498635,0.0620256550829974,0.06328049930303048,-0.0024462664177858917,-0.057330059338367656,-0.15533391858405443,0.041194902611602746,0.22456771140220333,0.11606232543128425,0.06889267431129742,0.013651233095983262,-0.012326205499102572,-0.06098136348668526,-0.02103799705670162,-0.005308510309058101,0.015778352039198973,0.07012550812427842,-0.03152140811545612,0.11127798825416502
2021-03-31,0.04539921800051894,0.01716760610038026,0.060462867263977094,0.013950324075235665,0.010790681354301945,0.012155557363576097,-0.05245205066706615,-0.3059034315214091,0.07590399160340833,0.029709993801166235,0.058524131545640845,0.08986873266231865,0.018366237066847813,0.08498197697354137,0.10552065603852778,0.04027319653414807,0.04459829433649465,0.06813882003300509,0.02626138376734044,0.07683908002048323,0.06398291763939801
2021-04-30,0.052910405801354976,0.059098256686616724,0.046731155666944524,0.017878314053439315,-0.0022582608969660134,0.006375717658505753,0.024950787622351367,-0.04072159916045193,0.05380718869654544,0.006726287078306692,0.06490428630623746,0.035348080622229716,0.05187936718621322,0.018591563291556534,0.0418487304881352,0.039318127002599956,0.06455654741248651,0.08305893855216384,0.06451192009551088,0.0333690235031292,0.04054404842129733
2021-05-31,0.006566175680101649,-0.012012267110839692,0.01915297915741676,0.0027123935760489104,0.025473210981066696,0.00039057498796668533,2.1296898825351462e-05,-0.09940893717331145,0.05081873197033637,0.05709651915790137,0.04771145810747579,0.03129569744945271,-0.00930603227976401,0.017677644129779457,-0.02338124277771314,0.01870948843502296,-0.03398155137988934,0.01145654756482628,0.009481166663187768,0.004273068053484597,0.04721049339691663
2021-06-30,0.022427543052549792,0.06262128415850676,0.00028403706228719017,0.018689761825241513,0.052369632234813945,0.013246709064652196,0.04419182243938491,-0.05548927759399125,-0.052631944992488244,0.04233941062456004,-0.030394289641363925,-0.022794784746121066,0.06886314068454924,-0.005444453941855332,-0.02208296411301125,0.022989286273397358,0.034568320104451766,0.031364960605437364,0.0295159328343082,-0.0015211954472146294,-0.016075474337522322
2021-07-31,0.024412541804786025,0.028609367284164078,0.012937167932104643,-0.036273132752073334,0.0034321147010323294,0.0010487190107986155,0.037165963002828706,0.1522425684792985,0.02077530439130615,-0.0831629823083162,-0.0046333504286077964,0.009375152291620115,0.03887317713163996,0.02200954584601722,0.04333398671409561,0.04922566208907897,0.010529174751310544,0.046244108708810794,0.01766066029223201,0.038308648098668074,-0.014813944180316896
2021-08-31,0.029759815477825358,0.04218661915736521,0.023709555457195552,0.02203103911652171,0.02922400785590895,0.006087674745995031,-0.00340138167671733,-0.09649124182932722,0.01892389866633537,-0.02004445840988056,0.05147869455690013,0.011126234998744211,0.035593111242320896,0.010487960204731639,0.0389568877340607,0.023155850295805136,0.017846387979303158,0.028029549690276045,0.039077590212353464,0.024301032170229275,0.015393482471968367
2021-09-30,-0.04660551935594248,-0.05683145717222915,-0.03795725709210285,-0.028803444587388927,-0.05376079473398154,-0.0037008974545926776,-0.02907024953706827,0.40412621555864137,-0.07188601382477633,0.0893147946073427,-0.01842481524120776,-0.060798191051352424,-0.058399268167664053,-0.04139149712968537,-0.06093204617945458,-0.05518414065763977,-0.02140786961295149,-0.06252090003336508,-0.06275319951745362,-0.05238709724419077,-0.01699099997219755
2021-10-31,0.07016374880039233,0.07863995565461512,0.05299690794427403,0.042514169470141194,0.06778019930132961,-0.0031080190259750173,0.02465012951655199,-0.29732062844583884,0.07597047590076378,0.10328285197975773,0.07274163265499145,0.06796811436417283,0.08177042578667604,0.03500882248089954,0.047432516501564326,0.05121760962136057,0.12092508381810574,0.07581549424056999,0.002371715991477563,0.044779159191063345,0.08028645479922436
2021-11-30,-0.008034909815179736,0.019968548169391864,-0.026432599110118415,-0.04332374673824879,0.11423755347688846,-0.011690266784001313,0.027715144716744744,0.6722017313235555,-0.005521965152454622,-0.05011323498078335,-0.05712862650564854,-0.03560150393600914,0.044511864191313366,-0.013474002088805559,-0.017037986707073904,-0.030563682644830892,0.016355802751079507,-0.008992202060977506,-0.061394912930609946,-0.02015463394168293,-0.03683868135046342
2021-12-31,0.046247668575371215,0.01152337511654955,0.06271340480341436,0.022714766667478514,0.01818217642062958,0.022841528678519518,-0.020138155495673882,-0.36667896376886466,0.0758324275720863,0.02983397003792443,0.03364318666642596,0.053976317848224875,0.03247374977004269,0.10454742829424002,0.09689273355527162,0.09019895660954735,0.0014974524474951068,0.10263193438735763,0.03276901515219044,0.09735125382553678,0.04835779606805768
2022-01-31,-0.05274126787683453,-0.0874701002278877,-0.04368676616891343,-0.09534718781876983,-0.10813184608736748,-0.026548928428358987,-0.03913885469607836,0.4419280437746498,-0.06798361976238909,0.1877478357326101,0.0002561596668977373,-0.04791627333228732,-0.06844200657260602,-0.014784339298378857,-0.0325506933151718,-0.06856447558090395,-0.09533326404528253,-0.08627682093471378,-0.04801747879750562,-0.038651747640219614,0.014130009119138753
2022-02-28,-0.029516994504643512,-0.044759750698106116,-0.008930987222105391,0.010336125517628414,-0.02632528398699152,-0.008590530646605532,-0.01633006034631379,0.21425693560897008,-0.012670254514581702,0.07069177404542226,-0.013824977848126196,-0.008437278264971204,-0.04877457388523343,-0.014084464322244084,-0.019061551975399715,-0.009677498143855434,-0.04066000263130565,-0.047951071953513336,-0.0743749125797144,-0.014011386193562347,0.00923496775505761
2022-03-31,0.03759033388027477,0.04667869394786073,0.026703413748428995,0.011575062565337246,0.006115996373873722,-0.01287141550814297,-0.05444386292401593,-0.3180762943258497,0.06118900938817573,0.09338577001942516,-0.0012995940821438623,0.03436364654078061,0.033450074572836996,0.017813333953181187,0.10345246491220106,0.05738149768737766,0.04426681841989866,0.0782510449073004,0.00737565640450355,0.05938591807102811,0.04830216370362894
2022-04-30,-0.08776900629852735,-0.13595731158499325,-0.06505600150217472,-0.09899133763554813,-0.14804104480857128,-0.04180267864816889,-0.09423892898880615,0.6245137350906051,-0.03539414904532423,-0.01687582485377148,-0.09942615734936766,-0.07613143533204902,-0.11017445919037228,0.02305992499677867,-0.042976115132099535,-0.048908836932105126,-0.11956755351764736,-0.035595668681996706,-0.1413201293468742,-0.02326809181482814,-0.05692588605396898
2022-05-31,0.0022573619643666554,-0.015865877692324948,0.010037110608499988,0.0019462931192686383,0.0640852281941875,0.01629881931702748,-0.022532632552942355,-0.2158682833063601,0.011760180415433918,0.16034588938043992,0.027818096465964448,-0.004624531439701207,-0.006859039663229538,-0.04082946424370282,0.043081982355445136,0.014890012516784568,-0.051203366545871765,-0.051072847841548086,0.01896364326139377,0.005693648054386546,0.047818204621260296
2022-06-30,-0.08246040453057879,-0.08907898972759021,-0.09384627624406394,-0.08366340896837321,-0.16702096769654662,-0.07049878706122348,-0.012746149839967802,0.09621987396059883,-0.13856307251067823,-0.17073462432809483,-0.10860877697979499,-0.07367009358429144,-0.09255704492242822,-0.023472590346085842,-0.048954675992349816,-0.026080281264969862,-0.1083347967691426,-0.06854744765049703,-0.09602258634408523,-0.03266327166289207,-0.12228144491954873
2022-07-31,0.09208740810223937,0.1255173695864198,0.08649331068745969,0.10563290105974454,0.1640897243225925,0.06698887416259236,0.02431053209422096,-0.25705327050177285,0.06154945032101389,0.09662974545242653,0.07186015147913882,0.09503086574664255,0.13451862329811926,0.03200322718084414,0.05447023468135348,0.032439075659107086,0.18439040596192813,0.08516853872813313,0.03869521275042853,0.039976544181392626,0.0818359443573935
2022-08-31,-0.04080198828320858,-0.051321637246228846,-0.0348326980093181,-0.020026679527075264,-0.09525222912056197,-0.043088434833053135,-0.04553105775443822,0.21284580083292037,-0.034813790460508476,0.02652398328236294,-0.019578987443060414,-0.028335432855652543,-0.062127310471015385,-0.018525801207054715,0.005273696218677237,-0.057703764873644925,-0.04495497620537969,-0.056157006355782024,-0.0353022748922599,-0.023852132909788604,-0.01338372546194555
2022-09-30,-0.09244604974210735,-0.10535561016429562,-0.09164142594633651,-0.09660444461836482,-0.13725118108881507,-0.03740354048084893,-0.08235103334910165,0.22226516480354275,-0.09302935665072976,-0.09558749151023826,-0.07655937741039975,-0.1043091257604104,-0.11967116665225785,-0.08132829654898299,-0.11280966590132102,-0.025386961412867448,-0.08206366562437961,-0.13171315183851928,-0.1174836264721717,-0.07346919534168783,-0.09161295605361308
2022-10-31,0.08127567981849415,0.039998506612904716,0.09648000629565812,0.1116297508131543,0.022147854770642184,0.03365724044942864,-0.059644135979613044,-0.18153072505123813,0.08925173432254452,0.24965303105594883,0.11923577099803295,0.13894238580120466,0.07652807708863607,0.09006424264079693,0.019386109032430765,0.09611101375989861,0.01109131872288538,0.01999446100361113,0.00668216571671687,0.06839820967756771,0.14860975969698464
2022-11-30,0.055591414793358496,0.05544162678910536,0.06635163847703529,0.02203686120962023,0.20351964884857798,0.0343130982630635,0.07151044081165758,-0.20479132182875825,0.11703520041444726,0.012777894345832319,0.06856980733095863,0.07811363576449182,0.06326753467604918,0.06117664213366081,0.06963161760731107,0.04723164846515315,0.014858134235557596,0.06833682713689004,0.06845049200840791,0.05961075263576765,0.06909816292959525
2022-12-31,-0.05762819000755659,-0.09013679194945323,-0.04697004408993788,-0.06514119912128358,-0.09872508430931748,-0.017569363624726386,-0.026200314461265584,0.05296405037068652,-0.05518750093902691,-0.030489524272335866,-0.05220464489320009,-0.029898518198408164,-0.08210289470014176,-0.027275493972304887,-0.004944037260610656,-0.018777095154069556,-0.11394944845425159,-0.04818299887250521,-0.06604266202730014,-0.016920720167783343,-0.04166495679875204
2023-01-31,0.06288745223505199,0.1064292794447752,0.07419498557029436,0.09818750135982235,0.16832554341973394,0.036669900669549005,0.07643645169639446,-0.10475313566089717,0.08972737654694263,0.028124165195337447,0.06900578754346887,0.03706355416222373,0.09257476989799995,-0.010865225721002791,-0.019999827914780055,-0.018329014876125926,0.15128519380595695,0.09910648519701604,0.14773918956629117,-0.016195605620157538,0.05629540555360979
2023-02-28,-0.025142657011209768,-0.003597860626506688,-0.033810373143815964,-0.017233930204161862,0.009700559654697516,-0.018851594141918615,-0.048505502050138705,0.06701036958616524,-0.033314087660041625,-0.06938727286733126,-0.02297563508057965,-0.008640105111250018,0.004118918927608961,-0.023189484154961804,-0.05919830519501068,-0.04641580372874188,-0.02125095114706177,-0.05863518255773925,-0.0286855408147646,-0.042875657657868826,-0.03324639809738339
2023-03-31,0.03707769902515312,0.09492717472344281,-0.008542814380966712,-0.04847342206856542,0.09937340167745412,0.01984360222560788,0.048393142721467,-0.09661835392686213,-0.010010539082198067,5.311867565294115e-05,-0.09547693832425186,0.00619111675114814,0.10857981419044482,0.04219292629455018,0.04906029756989794,0.021978307235507533,0.030619176145318727,-0.01476037097074645,0.08651386989276921,0.037945534162771466,-0.02523036796700351
2023-04-30,0.015974849003387526,0.005079190387717203,0.003595673749208883,-0.01793732745708254,-0.0605646105726263,0.002020988510264221,0.0033837593134791177,-0.15614978132809798,-0.0013636103723870807,0.027767506117209795,0.031725987971451985,-0.011662197714920497,-0.001191705760915318,0.03654130462773786,0.019057382745824247,0.031438172341944126,-0.011234190352164775,0.009898620690123483,0.033293265479328094,0.029152480415477466,0.011826381075002557
2023-05-31,0.004616462732930371,0.0788380528141881,-0.03810121125520105,-0.008162176604498472,0.16748221992964285,-0.012314413486623654,-0.030153311085311052,0.13688218235981697,-0.06865323321007955,-0.100316992086117,-0.042508047659720716,-0.03150001392249058,0.08917327575914191,-0.061596035727541576,-0.058712613188955154,-0.04268715836704995,0.02536160078342875,-0.04529812228744068,0.03906506757858619,-0.05421927701524032,-0.06078279554345867
2023-06-30,0.064799635701275,0.06303843667140407,0.07648673869910905,0.08067343670866212,0.05487432880039078,0.01780157478368727,0.0021710516635802257,-0.24247493043334134,0.11005689775230576,0.06913345770972157,0.06616042058724259,0.11253629457644565,0.060531684503971395,0.027881808046127166,0.01596123150734763,0.04260652588280611,0.12229789619837117,0.055839179033450925,0.04732800911413171,0.02896962970031347,0.0894745157601633
2023-07-31,0.03273332478011093,0.03860092753522926,0.03501743472567176,0.06108830606327942,0.05497538064782481,0.011156401443702446,-0.025442051438483992,0.0029433378516490194,0.034391054734541626,0.07773830353965505,0.04805710459317747,0.028885601694018437,0.02582538965376746,0.021302435400012865,0.024908396672676636,0.010698326380705891,0.023143519134585677,0.013266253842439735,0.0570066932448432,0.0191812157016209,0.047435431485989055
2023-08-31,-0.016251937153608953,-0.014829857479806141,-0.03202502947928132,-0.05082793510233885,-0.027393876785186566,0.001836263070457811,-0.03142083159081632,-0.00440208504130013,-0.033014205748993275,0.016460668025639613,-0.02688948699966509,-0.01983321083147227,-0.015082719221495733,-0.039471750889461865,-0.0612794496590614,-0.007006986146906646,-0.017439869264079588,-0.030636195195762106,-0.015409411651360116,-0.03602161520153102,-0.015791657135159176
2023-09-30,-0.04743458251538013,-0.05079882344812803,-0.050792261301930375,-0.05853607470058819,-0.07194982593686283,-0.01613516657832703,-0.07951157475156523,0.29108333469204406,-0.04779045661594339,0.024033403823340516,-0.03088220119580809,-0.05947540883460445,-0.06478337736281026,-0.04787906073456305,-0.05642426455865146,-0.029591809446397277,-0.05532008059149185,-0.07234940402554912,-0.029476081999261328,-0.04446480598282998,-0.028754507394854634
2023-10-31,-0.021708560256690212,-0.020654713118562706,-0.041358044082636436,-0.06914110588005629,-0.04159195804318894,-0.010431776703011097,-0.05463191039720927,0.03538806596377819,-0.03169951026624973,-0.05752871705882079,-0.024419510676634504,-0.029788853860853393,0.0004880011060222067,-0.01380602447509005,0.012896831354381577,-0.032624064394324415,-0.055162068932482544,-0.028470806878714283,-0.01296319502041643,-0.010792062601841512,-0.03530138922702264
2023-11-30,0.09134364769593661,0.10818802882389522,0.0918060184033822,0.09202550335250304,0.15494773853874944,0.04887662620304534,0.09923895836991048,-0.28776182408987716,0.08348668045157703,-0.007160353498425032,0.10939427197979068,0.08834887209720366,0.12895568572659766,0.041261304348479966,0.05143222165048811,0.054360021681080894,0.10966451602859673,0.12477362803490366,0.07802826217080705,0.04929865315885862,0.06784575730683517
2023-12-31,0.04565542533494926,0.05586989776919471,0.06821856791130276,0.12126145385449583,0.09623675738878967,0.03192556617020559,0.08685746258976956,-0.03637772943137829,0.045233667397416744,0.0007715916475496964,0.05253891962193591,0.07065547918316284,0.04182672285329647,0.027116407465996195,0.018588308266067388,0.043260936848481535,0.061321515725429876,0.08745951496209114,0.04397958349997855,0.02977999857927771,0.04218120350119259
2024-01-31,0.01592656463792297,0.01819189263608134,-0.008491806071934893,-0.039011363249411346,0.06290381541996637,0.0011627061821457563,-0.022451280300286203,0.1526104900652796,-0.0389289892694632,-0.0051286344125853756,0.030851099245990277,-0.00965003358767158,0.02701572539866759,0.012356055458305093,-0.029685811488437963,0.02932985824118628,-0.04412475120833592,-0.04817779710423431,0.04431615761852892,0.0038930571137563152,-0.005651872668421265
2024-02-29,0.052186823342878386,0.05283359656468822,0.04045769681679667,0.056252377310121116,0.14031316962406182,0.003035408402004114,-0.022522219983432956,-0.06620214199897845,0.06507701378505182,0.03272985703725828,0.04076380184095174,0.07183987289702376,0.04704583124011075,0.020981876101482166,0.01057764585932608,0.031628790592609146,0.07892584258009583,0.025701361194476746,0.045861850353331235,0.021324433359682038,0.05276877895530818
2024-03-31,0.03270180114398258,0.012749739727267118,0.04474097430495694,0.03486972351026019,0.06152399887858584,0.010898456339911933,0.007828962059962086,-0.029104432891858045,0.06468360869375944,0.10486377156454485,0.048055970675575876,0.04420895381213219,0.007894129140600281,0.033205840992306834,0.06590010139557756,0.023777135426407137,-0.0006478507469256378,0.017620427865042698,0.031766552146103466,0.04100055943326919,0.06540552230053986
2024-04-30,-0.04031947681944581,-0.04373783854641311,-0.04823759150571483,-0.06847350923545092,-0.048446650670050495,-0.013512476308767285,-0.06455472225590653,0.2029207796466992,-0.045860814866127475,-0.00942688108821732,-0.041785278350126465,-0.03524939803696192,-0.05761758355123525,-0.01126250690277586,0.01660326425180947,-0.05009135877591209,-0.044972505659606865,-0.08449271173808448,-0.04653453167120991,-0.015074679193441076,-0.032930179817743266
2024-05-31,0.05057959306086279,0.06151814446716597,0.02841187554573321,0.05038285442851742,0.12326589761413698,0.016339054897025473,0.028869855756533447,-0.17444086957062233,0.03272010406676307,-0.0034216494117343954,0.03171431501126576,0.016375929001974043,0.07076988897366632,0.02437082660675105,0.08960123962849198,0.024014855607222385,0.001992925410766455,0.05139554878975083,0.0693554047272742,0.045755908162617986,0.01946577462664778
2024-06-30,0.03528025129150136,0.0647013491116224,-0.005064527230573157,-0.011243838765277792,0.08408182595930591,0.004793488937324453,0.018171239545504925,-0.0371517409501696,-0.030583374562630827,-0.014141907238932161,-0.008818933493562442,-0.009888538558629256,0.0783540691105975,-0.0023509566499527734,-0.05542636189045225,0.018240002565472313,0.03877015744689172,0.019716456845218833,0.031545648396162695,-0.01349717097975367,-0.01567925808169901
2024-07-31,0.012108917042970901,-0.016781052736750013,0.044558042533411335,0.10335634228580304,-0.052589125014448235,0.023522547279388073,0.03629965188106343,0.3151126336169441,0.043369974525783395,0.022600126810755627,0.06397478414178037,0.0491508037131394,-0.032842603496715195,0.016583885724663627,0.06824194256244498,0.026620911273228298,0.027905768628419647,0.07237698817490568,0.0015175518430943225,0.03718613224071854,0.04506926489969132
2024-08-31,0.023365663922831903,0.011038667246205947,0.024883426724362723,-0.01688547485160008,-0.014292088263154645,0.015474415179338452,0.021112187210951205,-0.08312961855826828,0.02322547799854302,-0.020706055313211902,0.045724755802457606,0.028155904524534092,0.006992503620440571,0.059858781542121875,0.048083499206651226,0.05059169359685001,-0.001973567621302297,0.05729550536870187,0.017834318786178027,0.052985372449160684,0.01906313505853441
2024-09-30,0.021004645771657948,0.026215902462238816,0.022712781006242855,0.007105454513067322,0.00817380206703655,0.01697059483226515,0.01999457065684007,0.11533330281575527,0.02683687489233355,-0.03018095579877067,-0.005589091838968163,0.03362028000798567,0.02648539766463176,0.01128421589615547,0.06602956118139991,-0.016574809944885915,0.07301978057766556,0.03290726438443459,0.03841469523935537,0.01990550185201534,0.006188574615602294
2024-10-31,-0.008923565233342035,-0.00864631904500679,-0.016019287553337036,-0.01416995495362705,-0.015359577199166252,-0.009635982641046703,-0.054548955237585184,0.3843395386199917,-0.031023053937514145,0.008997599759018815,0.025595947846686284,-0.01188725205251695,-0.015591692160829673,-0.034698699405165456,-0.010769949128509149,-0.04642267439720338,-0.017367803262982928,-0.03290787355866198,0.018141613183346728,-0.030457758378371946,-0.0018112415509323743
2024-11-30,0.059633368831532474,0.05350835239351537,0.06426910856669132,0.11071809904459418,0.0018620305999992315,0.016445482483411267,0.019872073598339313,-0.4166666529407841,0.014883821492403415,0.07833858074609767,0.10456114662056604,0.07591741906263416,0.05170073598371716,0.03869197601229124,0.03779257908106626,0.003676802256925349,0.12905674733847983,0.04166650788205284,0.06910046693974925,0.026981600095240976,0.06839844121555538
2024-12-31,-0.024060007572401787,0.004540339984500763,-0.06274837486676277,-0.08373892786383941,0.004598073071112374,-0.007802712473521045,-0.06381015790376654,0.2842339072932578,-0.1076302034287655,-0.09579574435290972,-0.05461421208776063,-0.0803320161766018,-0.0035467798168286047,-0.04822802973305074,-0.07974113042149888,-0.06252718547875236,0.011134415349362436,-0.08650282218641747,-0.013601087442902893,-0.06339464560121999,-0.08457751161789406
2025-01-31,0.02685632474815458,0.021633842380349266,0.03429783101454009,0.02498186348891207,0.005987565623802649,0.013604336328869815,0.004923864565180569,-0.05302593983090231,0.05526513356304941,0.02311464420323661,0.06496991537694252,0.0500151575710448,-0.0073542420757189975,0.004706887372198487,0.02893376923268054,0.06760198357237956,0.034856189930201786,0.018441251045406393,0.057535464433539296,0.034027983058953826,0.04858007643583173
2025-02-28,-0.012694834127274901,-0.027034575769207647,-0.00584859406315319,-0.052234280928807775,-0.04453657888379592,0.009702390523427251,0.056971145683824886,0.19476559927894566,-0.00033802468759780435,0.03833860028794689,0.013794481270884784,-0.014600727732300922,-0.02287590775812709,0.05191192699223812,0.017206034074794374,0.014025855573368329,-0.06981942426622423,0.04176727226481214,-0.003711652456397041,0.0278243127037352,0.009507600459376597
2025-03-31,-0.05571911592986334,-0.07586179971917273,-0.03395466193723906,-0.06854090198147633,-0.0915066551065774,-0.010857720381068137,-0.012047082245646767,0.1349975363817293,-0.026702941465763796,0.03493228453575892,-0.04195237801120544,-0.035629550437174196,-0.08286027234489357,-0.011764518371973898,0.0023937987465423305,-0.015813469007464165,-0.08314733979913624,-0.02391970115794395,-0.05161322662413492,-0.008106234913073385,-0.017356638383026812
2025-04-30,-0.008670179898342067,0.01396816831042802,-0.02361009158042604,-0.023209210236492805,-0.0008984570539989356,0.001171934108600503,-0.013604434408039268,0.10861759433178464,-0.024307992984005877,-0.1385768834865001,-0.021080225973937883,0.0011445827057459113,0.016902440583338008,0.0019590867950234347,0.000634287677225398,-0.03794242145588167,-0.001012831036432904,-0.013142099719574696,-0.010471806278070539,-0.011588025820408965,-0.046671688177852055
2025-05-31,0.06284497903783204,0.09178299415245861,0.04310033660026846,0.05239653594048033,0.13475007597713473,0.017532135370263546,-0.03210612920005451,-0.24817817322956737,0.029204901842057485,0.012795156687994469,0.04511906446269509,0.08840098245443673,0.09972846872939423,0.012220471505447694,0.03827628860073973,-0.05574148113021571,0.08384871499903901,0.01041157620008537,0.06244770376482722,-0.0020340565632583907,0.04368389949795182
2025-06-30,0.05138616104558413,0.06385819497788847,0.034300427735254324,0.05518433787985155,0.1632116848342553,0.018385046213411638,0.02664037612781467,-0.09908455481023681,0.02220651554015518,0.04869269945130794,0.03119064126456439,0.03605231010376819,0.09847857971265506,-0.015749857542306622,0.003747296420888002,0.02106041380111412,0.01867200605392716,0.0015499856172760396,0.07291341738782098,0.0030640301594928587,0.03506619589130411
2025-07-31,0.023031441524578256,0.024236967792024444,0.01039954876764737,0.016682985359221192,0.03549914912119023,0.0013580380292779193,-0.011396650084894544,-0.0005977423284794225,-0.0009109108076856831,0.028298630362057597,0.0,0.030436513406762344,0.03755479777722748,-0.014696748940917326,0.04910591681815357,-0.032346560825628035,0.018865297116583912,-0.00024140315299336912,-0.0103197602802505,0.0005241121708634555,0.014810803161035002
2025-08-31,0.020519537835420598,0.009539755377876658,0.02717411472327691,0.07192667911012807,0.005228979189877636,0.011053129774999393,0.00012700621123462597,-0.08133969572540567,0.05186348105042482,0.036463710847517206,0.030933778483985375,0.0,-0.0011037082217165706,0.012534294890033326,-0.015758155795683404,0.05366858268083252,0.04656106511787472,0.02173398600978449,0.03705422740809228,0.01671557478519814,0.029852715000777907
2025-09-30,0.035620412937162005,0.0537621543526261,0.010103452849338224,0.03179115425202639,0.12425489445693683,0.008859798901519333,0.03590976006096991,0.05989590172733639,-0.02421643652437222,-0.0031819539667014007,0.0010619423721083265,0.018796052971884247,0.07533718158898983,-0.02317667412234481,0.04123629596202938,0.017292123915284563,0.035913766748559395,0.0033456282204040733,0.06636884466729565,0.011777463980464864,-0.0015130003862383612
2025-10-31,0.02383732196113164,0.0478039193862998,-0.00933062603952528,0.01764753236397243,0.11232998883499667,-0.00011137207051681308,0.013810872785804396,0.07125305887509326,-0.04407505986235716,-0.013543868360503364,-0.02784484461140624,0.005381641274156079,0.06677072126753791,-0.026668357458365044,0.02167175215942252,0.03650224156743542,0.001210095968300795,-0.029195270237394877,-0.030075183580307252,0.010503105122876999,-0.019837770180530123
2025-11-30,0.0019500340229998692,-0.015610489765097046,0.019156126433676368,0.010234304059724808,-0.029585092262622514,0.007463643871417958,0.0027233100295600554,-0.0625000068353948,0.043539222164447944,0.02632478773684599,0.018331163227289782,-0.00883527582919763,-0.048091077705214036,0.04050864025145895,0.017171634599471908,0.09289422803895753,-0.01446248090060398,0.018826250209896145,0.005051864948486751,0.05010168427428874,0.019970649085842007
2025-12-31,0.0007975195784812872,-0.00669922537365697,0.004134035778025291,-0.007093520928624364,0.025464332415918944,0.004925738565862536,-0.026586054825116,-0.08562694431440387,0.019778484420964748,-0.0029601978739696166,0.030591112597060377,0.012761293470487933,0.007535317725616553,-0.013440718506510185,-0.0508699438604564,-0.013896593928060419,0.011982129429854993,-0.02109471406989738,0.023495109477617238,-0.026023765697122392,0.015405903681601663
2026-01-31,0.0147377327962257,0.012306484762509173,0.03403631789586359,0.05480170514892979,0.12031762414899405,0.006077247725967849,-0.0003442685265967471,0.16655523455253318,0.0864388240355618,0.14180269154803216,-0.024283402340809945,0.06652919632030074,-0.0006250330954493677,0.07505152753409394,0.013117878420585205,-0.00038759083789097204,0.014739118549186747,0.026765867613144145,0.020047573864256263,0.029279616407665188,0.06663314917040952
2026-02-28,-0.008641951723092456,-0.02344542544546735,0.034783992488955695,0.006778441283474379,0.007212620145096604,-1.2536037491628349e-05,0.04633755037999454,0.1387614680153284,0.08402677699239214,0.09539665848374734,-0.03761222018676169,0.07072043608262613,-0.03558535174154043,0.07783495460586964,0.1035837780437574,0.03528493724752524,-0.03556987522013977,0.05817040326322065,-0.016905346783045005,0.0723412093759428,0.052629744937628065
2026-03-31,-0.04937954609873141,-0.048382514823681166,-0.05965930181641255,-0.049611182651938646,-0.05652484557596116,-0.009536090402549768,-0.042300508779056445,0.27139975951657447,-0.06024669272569683,0.1026512408905973,-0.03512002205602005,-0.08442789101178783,-0.041040323559132896,-0.08408570720359343,-0.03182830013336535,-0.08106919329529605,-0.06555770024085517,-0.06239882323095702,-0.05790967237646727,-0.06558131123150812,-0.020871223595472554
2026-04-30,0.10505265471572445,0.15690079127441958,0.06002503325536712,0.12084677911573838,0.3216484331961529,0.015206671467198563,-0.00839657975620034,-0.3310891330832302,0.03001801007318239,-0.0262813718538476,0.05590443986110705,0.07945344984218994,0.20015054420720535,0.02842149434314578,0.020919570652450314,-0.004228873300637037,0.08597903127694617,0.08743569764204451,0.05096519479318262,0.01529901067546069,0.03536936989212136
2026-05-31,0.04992090976069097,0.10447108530955229,0.022534240020209095,0.0423461723368701,0.18197424856516742,0.004364611917228922,0.0053338828386437775,-0.09295439618467016,-0.009919250264886825,-0.06308537055642138,-0.01400446831075508,-0.010739537333033233,0.19619129145033298,-0.02338163805304294,-0.057883574947119376,0.019341630153682177,0.019261787898187777,-0.01784075426528675,-0.009614503746562364,-0.007240318843793503,-0.01926097184833908
2026-06-30,-0.010292566443839024,-0.00149083123068805,0.022812884977978287,0.036960756804763184,0.0951029714143743,-0.0037546845232365733,0.007936806352231596,0.07375986231233411,-0.0025403639092259622,-0.04968884533158102,0.0429971735588075,0.0725219048167669,-0.0014282883141398806,0.008881705164340836,0.027229210844910368,0.06616537406125556,-0.027767906062847847,0.009680058910687572,-0.07158187175217967,0.03169020213039864,0.009465506983485028
