span_id,start,end,regime,rotation_interpretation,boundary_type,spy_return,qqq_return,spy_max_drawdown,qqq_max_drawdown,qqq_minus_spy,rsp_return,iwm_return,smh_return,hyg_return,tlt_return,xlb_return,xlb_excess_spy,xle_return,xle_excess_spy,xlf_return,xlf_excess_spy,xli_return,xli_excess_spy,xlk_return,xlk_excess_spy,xlp_return,xlp_excess_spy,xlu_return,xlu_excess_spy,xlv_return,xlv_excess_spy,xly_return,xly_excess_spy,rank_universe_n,rank_universe,leaders,laggards,xlre_return,xlre_excess_spy,xlc_return,xlc_excess_spy
1,2013-01-02,2013-05-21,QE-supported recovery,health + domestic cyclicals,ex_post_descriptive,0.14961999891357025,0.10776616924981397,-0.03172357493902178,-0.040702174653356016,-0.04185382966375628,0.17540682106873273,0.14641684683858602,0.14727727087052833,0.03739669461145012,-0.0058181278145185145,0.07640103669646447,-0.07321896221710578,0.14359583893619066,-0.006024159977379595,0.19191271874287597,0.042292719829305714,0.14796456129651925,-0.0016554376170510032,0.0812227392570537,-0.06839725965651655,0.16634889327362612,0.016728894360055868,0.14030205131008433,-0.009317947603485921,0.21719497474998284,0.06757497583641259,0.19373305157213716,0.04411305265856691,9,XLV;XLY;XLF;XLP;XLI;XLE;XLU;XLK;XLB,XLV 0.2172; XLY 0.1937; XLF 0.1919,XLU 0.1403; XLK 0.0812; XLB 0.0764,,,,
2,2013-05-21,2013-06-24,taper tantrum,rate-sensitive defensives sold,ex_post_descriptive,-0.05550578022806818,-0.05815788081859852,-0.05550578022806818,-0.05815788081859852,-0.0026521005905303374,-0.062109470863738414,-0.045550580336905844,-0.05809106984686763,-0.06516230423603608,-0.0740648462298914,-0.06758205938670492,-0.012076279158636738,-0.06895642533981838,-0.013450645111750203,-0.059096633443529334,-0.003590853215461154,-0.05765325516478781,-0.002147474936719629,-0.05631804486758751,-0.0008122646395193334,-0.04870477505365245,0.006801005174415731,-0.08244945246015023,-0.02694367223208205,-0.04438465521428803,0.011121125013780153,-0.05075074392965828,0.004755036298409898,9,XLV;XLP;XLY;XLK;XLI;XLF;XLB;XLE;XLU,XLV -0.0444; XLP -0.0487; XLY -0.0508,XLB -0.0676; XLE -0.0690; XLU -0.0824,,,,
3,2013-06-24,2013-12-31,growth confidence / risk-on normalization,industrials + discretionary + Nasdaq,ex_post_descriptive,0.18806678643713637,0.26924348502528206,-0.04457485240286041,-0.03388572991464889,0.08117669858814569,0.2006330615556282,0.2313496343439858,0.1868265178745505,0.0802852656600137,-0.0463032243628102,0.22462603749655585,0.036559251059419484,0.16004114723094887,-0.028025639206187503,0.17409004754530022,-0.013976738891836149,0.2687696256228622,0.08070283918572585,0.19741336804535647,0.009346581608220106,0.10976871907552455,-0.07829806736161182,0.061190727379381915,-0.12687605905775445,0.19210814916485552,0.0040413627277191555,0.2338597120787136,0.04579292564157722,9,XLI;XLY;XLB;XLK;XLV;XLF;XLE;XLP;XLU,XLI 0.2688; XLY 0.2339; XLB 0.2246,XLE 0.1600; XLP 0.1098; XLU 0.0612,,,,
4,2014-01-02,2014-02-03,global and EM growth scare,utilities + health preservation,ex_post_descriptive,-0.0478352596089473,-0.03414701428746825,-0.056807321029955005,-0.05057436344294719,0.013688245321479053,-0.04475889712537273,-0.0478485464464774,-0.03643732624866991,-0.0007450204341873379,0.07271535390480866,-0.0619413902509619,-0.014106130642014603,-0.061432939826149724,-0.013597680217202424,-0.05565819191344812,-0.007822932304500818,-0.05608364440055924,-0.00824838479161194,-0.03673399285044643,0.011101266758500872,-0.06054207892434138,-0.01270681931539408,0.03744336892449995,0.08527862853344725,-0.004897607981950047,0.04293765162699725,-0.08042685090168045,-0.032591591292733146,9,XLU;XLV;XLK;XLF;XLI;XLP;XLE;XLB;XLY,XLU 0.0374; XLV -0.0049; XLK -0.0367,XLE -0.0614; XLB -0.0619; XLY -0.0804,,,,
5,2014-02-03,2014-06-30,falling yields plus oil's last advance,energy/materials + utilities barbell,ex_post_descriptive,0.13409759816246836,0.12432615932375235,-0.0390194039984747,-0.07421105208777057,-0.009771438838716007,0.14603182060511677,0.09633458205718948,0.2231836412129946,0.04843179580021695,0.048855237065080326,0.16418532884357417,0.030087730681105818,0.23408683989514367,0.09998924173267532,0.11615246077411712,-0.01794513738835124,0.1213662699753475,-0.01273132818712086,0.13501249605129462,0.0009148978888262604,0.132250384562987,-0.0018472135994813677,0.16036129260613108,0.026263694443662722,0.11683749099151197,-0.017260107170956385,0.09798909546159607,-0.03610850270087229,9,XLE;XLB;XLU;XLK;XLP;XLI;XLV;XLF;XLY,XLE 0.2341; XLB 0.1642; XLU 0.1604,XLV 0.1168; XLF 0.1162; XLY 0.0980,,,,
6,2014-06-30,2014-10-15,global-growth concern and oil collapse,staples/health over commodities,ex_post_descriptive,-0.04301320901660821,-0.014058748433544266,-0.07193839327769036,-0.0766878999129672,0.028954460583063946,-0.060910716528423836,-0.09684983659327284,-0.07314613459556185,-0.03233190825614951,0.0901935932503879,-0.0779352213909017,-0.03492201237429349,-0.1910637498075033,-0.14805054079089508,-0.026777030405383262,0.01623617861122495,-0.06869441158582512,-0.02568120256921691,-0.019788548006037576,0.023224661010570635,0.0018224587995929742,0.044835667816201186,-0.026322720419475476,0.016690488597132735,-0.0015497337105109255,0.041463475306097286,-0.05032508065898833,-0.007311871642380119,9,XLP;XLV;XLK;XLU;XLF;XLY;XLI;XLB;XLE,XLP 0.0018; XLV -0.0015; XLK -0.0198,XLI -0.0687; XLB -0.0779; XLE -0.1911,,,,
7,2014-10-15,2014-12-31,policy reassurance and cheaper-energy tailwind,consumer/industrial rebound; energy lags,ex_post_descriptive,0.10858998955039878,0.12195189454251532,-0.0485095080267538,-0.05688114687941481,0.013361904992116536,0.11973536576900035,0.12632008892425706,0.20457294963686667,0.003365974152311768,0.034693014922811294,0.07300786062556175,-0.03558212892483703,-0.0112741135901262,-0.11986410314052498,0.127783068338998,0.019193078788599216,0.1354567317818891,0.026866742231490326,0.11047487635114805,0.0018848868007492747,0.09947593369133956,-0.009114055859059222,0.11545058513317263,0.006860595582773854,0.1340562850371796,0.02546629548678081,0.14689105477191422,0.03830106522151544,9,XLY;XLI;XLV;XLF;XLU;XLK;XLP;XLB;XLE,XLY 0.1469; XLI 0.1355; XLV 0.1341,XLP 0.0995; XLB 0.0730; XLE -0.0113,,,,
8,2015-01-02,2015-05-21,slow-growth quality rally,health + discretionary + technology,ex_post_descriptive,0.04392270626898709,0.07668872942466343,-0.03533192923218986,-0.03903804777070474,0.03276602315567634,0.04164299634642554,0.05399385533311718,0.05964400416601734,0.03035380907563856,-0.04704798909654173,0.05598253515424223,0.012059828885255142,0.01894688794276589,-0.0249758183262212,0.008603278900631173,-0.035319427368355916,0.016150513594058946,-0.027772192674928142,0.061511811694644036,0.017589105425656948,0.02922250690472361,-0.014700199364263478,-0.05161290807010832,-0.09553561433909541,0.0982113099955868,0.054288603726599716,0.07955957044179218,0.035636864172805094,9,XLV;XLY;XLK;XLB;XLP;XLE;XLI;XLF;XLU,XLV 0.0982; XLY 0.0796; XLK 0.0615,XLI 0.0162; XLF 0.0086; XLU -0.0516,,,,
9,2015-05-21,2015-08-17,sideways index / commodity deterioration,utilities and consumers over energy/materials,ex_post_descriptive,-0.008832529815007595,0.010004426068156658,-0.03735443041128628,-0.0429640202140128,0.018836955883164253,-0.02103631738346845,-0.022597861059577173,-0.11603734845362723,-0.03520620603311897,0.04143156768922229,-0.0974965336784811,-0.0886640038634735,-0.13092771109849088,-0.12209518128348329,0.0225598489255161,0.031392378740523696,-0.03916491804423994,-0.030332388229232343,-0.017833328795969883,-0.009000798980962288,0.021455165654538977,0.03028769546954657,0.03509149631117636,0.04392402612618396,0.016528135214911366,0.02536066502991896,0.02973135560640272,0.038563885421410316,9,XLU;XLY;XLF;XLP;XLV;XLK;XLI;XLB;XLE,XLU 0.0351; XLY 0.0297; XLF 0.0226,XLI -0.0392; XLB -0.0975; XLE -0.1309,,,,
10,2015-08-17,2015-09-29,China devaluation / global-volatility shock,utilities/staples preserve,ex_post_descriptive,-0.10205562151689385,-0.10516016989669053,-0.11073610859849314,-0.11971660267983564,-0.003104548379796679,-0.10680190910536003,-0.11338846202619202,-0.054467271137695894,-0.03751765599897383,-0.0022562197725859434,-0.14489938427830884,-0.042843762761414994,-0.1332414048001802,-0.03118578328328636,-0.11347227199991639,-0.011416650483022539,-0.09578136934497683,0.006274252171917016,-0.08803059797996926,0.014025023536924586,-0.06270354335145845,0.0393520781654354,-0.06242490112042143,0.03963072039647242,-0.14479677654328094,-0.04274115502638709,-0.08251122311690917,0.019544398399984675,9,XLU;XLP;XLY;XLK;XLI;XLF;XLE;XLV;XLB,XLU -0.0624; XLP -0.0627; XLY -0.0825,XLE -0.1332; XLV -0.1448; XLB -0.1449,,,,
11,2015-09-29,2015-12-31,relief rebound into first Fed hike,growth/quality rebound,ex_post_descriptive,0.09017227050445498,0.12799473257027372,-0.04639637139027131,-0.04503564096801105,0.03782246206581874,0.06886925674428257,0.05188147530047371,0.12796869841623315,-0.007314978084970503,-0.019076956521811184,0.11880467931317651,0.028632408808721532,0.018002015375996105,-0.07217025512845887,0.07434172621065649,-0.015830544293798487,0.085083480446426,-0.00508879005802898,0.11141635863979049,0.021244088135335515,0.08772332607982314,-0.002448944424631838,0.028155519967829168,-0.06201675053662581,0.11490641213171715,0.024734141627262174,0.08537306664185573,-0.004799203862599244,9,XLB;XLV;XLK;XLP;XLY;XLI;XLF;XLU;XLE,XLB 0.1188; XLV 0.1149; XLK 0.1114,XLF 0.0743; XLU 0.0282; XLE 0.0180,,,,
12,2016-01-04,2016-02-11,China/oil panic and credit fear,utilities/staples over banks and beta,ex_post_descriptive,-0.0903391078661171,-0.11826475421701743,-0.09187495494862263,-0.12036544359596135,-0.027925646350900335,-0.1015962718903789,-0.13835095546751208,-0.13448405302758326,-0.051627706133122064,0.10311730249418583,-0.09241911924122204,-0.00208001137510494,-0.10679937082386348,-0.016460262957746385,-0.15875052464461026,-0.06841141677849316,-0.0690248857718242,0.0213142220942929,-0.08374739136361853,0.006591716502498568,-0.009628771514250234,0.08071033635186686,0.058114957708603754,0.14845406557472085,-0.1019369452408424,-0.011597837374725306,-0.10791470713269624,-0.017575599266579145,10,XLU;XLP;XLI;XLK;XLB;XLV;XLRE;XLE;XLY;XLF,XLU 0.0581; XLP -0.0096; XLI -0.0690,XLE -0.1068; XLY -0.1079; XLF -0.1588,-0.10636905599657742,-0.016029948130460325,,
13,2016-02-11,2016-06-23,commodity bottom and global reflation,energy/materials/real estate,ex_post_descriptive,0.1648211871363532,0.13291764315578591,-0.02808192274041199,-0.055830329171519866,-0.03190354398056727,0.20579739953887,0.23610916058239395,0.2831469717096493,0.1415252807034102,-0.0031704418854687777,0.25105618530612395,0.08623499816977076,0.29893008959168776,0.13410890245533458,0.1983135222560355,0.033492335119682304,0.17673089969172384,0.011909712555370655,0.1465900045341222,-0.018231182602231,0.10888613773716971,-0.05593504939918348,0.11867052461499905,-0.046150662521354135,0.13231147755126704,-0.032509709585086144,0.1632500360885436,-0.0015711510478095825,10,XLE;XLB;XLRE;XLF;XLI;XLY;XLK;XLV;XLU;XLP,XLE 0.2989; XLB 0.2511; XLRE 0.2180,XLV 0.1323; XLU 0.1187; XLP 0.1089,0.21795899874103397,0.053137811604680785,,
14,2016-06-23,2016-07-08,Brexit shock and rapid recovery,utilities/real estate/health,ex_post_descriptive,0.008728190119120294,0.014066452571581234,-0.05317567257179756,-0.06021886054060388,0.00533826245246094,0.0013496856098691445,0.005234143394009294,-0.010418439750803699,0.015986109663202575,0.08798406778451251,-0.024106201217268253,-0.032834391336388546,-0.018837968950455974,-0.027566159069576268,-0.017573585417759996,-0.02630177553688029,0.00952552784217331,0.0007973377230530154,0.0036389903623501585,-0.005089199756770135,0.02862927703708129,0.019901086917960997,0.043910036139734876,0.03518184602061458,0.03236257415588484,0.023634384036764544,0.019087863400041316,0.010359673280921022,10,XLU;XLRE;XLV;XLP;XLY;XLI;XLK;XLF;XLE;XLB,XLU 0.0439; XLRE 0.0417; XLV 0.0324,XLF -0.0176; XLE -0.0188; XLB -0.0241,0.04169472958915055,0.032966539470030254,,
15,2016-07-08,2016-11-07,yields bottom / reflation rebuild,financials + technology over bond proxies,ex_post_descriptive,0.007414604045977935,0.05749304278700795,-0.043300218249977984,-0.0495105718230433,0.05007843874103002,0.005858098532890432,0.018047084283550507,0.1838107101081159,0.024768467041098363,-0.08368364390278782,0.008365153150161841,0.0009505491041839065,0.02862873906596608,0.021214135019988145,0.07822714937329334,0.0708125453273154,0.01653339196456738,0.009118787918589444,0.07353634006271181,0.06612173601673388,-0.051804647526909164,-0.0592192515728871,-0.06345561495653296,-0.07087021900251089,-0.07119055422533616,-0.07860515827131409,-0.022583635185174478,-0.029998239231152413,10,XLF;XLK;XLE;XLI;XLB;XLY;XLP;XLU;XLV;XLRE,XLF 0.0782; XLK 0.0735; XLE 0.0286,XLU -0.0635; XLV -0.0712; XLRE -0.0966,-0.09658432959504026,-0.1039989336410182,,
16,2016-11-07,2016-12-30,post-election reflation / deregulation,financials/energy/industrials,ex_post_descriptive,0.05487963904265025,0.021318419325193627,-0.012787043860940428,-0.02917438024476504,-0.033561219717456625,0.06120429929911908,0.14199382595473198,0.05288103159843471,0.012243366945744905,-0.08372536992489399,0.06194501031004007,0.0070653712673898195,0.09371905872404196,0.03883941968139171,0.16894784739843094,0.11406820835578069,0.08193967746832498,0.027060038425674726,0.02953401478786888,-0.025345624254781374,-0.0073234442548585355,-0.06220308329750879,0.005127777427187619,-0.049751861615462634,0.015582771472584023,-0.03929686757006623,0.0430821077045187,-0.01179753133813155,10,XLF;XLE;XLI;XLB;XLY;XLK;XLRE;XLV;XLU;XLP,XLF 0.1689; XLE 0.0937; XLI 0.0819,XLV 0.0156; XLU 0.0051; XLP -0.0073,0.027038639610985182,-0.02784099943166507,,
17,2017-01-03,2017-09-08,Goldilocks synchronized growth,technology + health; energy lags,ex_post_descriptive,0.10486787942168019,0.21217671645701675,-0.026101106214062586,-0.04881924617166111,0.10730883703533656,0.07651981917036821,0.034710809325206426,0.22017843888723387,0.04519967107065237,0.09638435438557225,0.10905426005245222,0.004186380630772035,-0.14359561341362614,-0.24846349283530633,0.032683103188803075,-0.07218477623287711,0.10089452201099203,-0.003973357410688161,0.19877479978891865,0.09390692036723847,0.07527557284238706,-0.029592306579293126,0.1606454646472526,0.05577758522557241,0.1908392449157501,0.08597136549406992,0.09562154684982582,-0.009246332571854365,10,XLK;XLV;XLU;XLB;XLI;XLY;XLRE;XLP;XLF;XLE,XLK 0.1988; XLV 0.1908; XLU 0.1606,XLP 0.0753; XLF 0.0327; XLE -0.1436,0.09211503744133598,-0.01275284198034421,,
18,2017-09-08,2017-12-29,tax reform and late-year reflation,financials/energy/industrials,ex_post_descriptive,0.09317513129254351,0.08471927213744479,-0.010304359468932156,-0.024777788640906184,-0.008455859155098722,0.09222014986763893,0.10191231435907877,0.1329986352920145,0.010663536029764442,-0.008402440707162118,0.11169716101480742,0.01852202972226391,0.14439531076496936,0.05122017947242585,0.16832208055093778,0.07514694925839427,0.1195104653064274,0.026335334013883882,0.1100767738205275,0.016901642527983984,0.046878901717725796,-0.046296229574817716,-0.03221448150172079,-0.1253896127942643,0.009402595755954701,-0.08377253553658881,0.11445846284189942,0.02128333154935591,10,XLF;XLE;XLI;XLY;XLB;XLK;XLP;XLRE;XLV;XLU,XLF 0.1683; XLE 0.1444; XLI 0.1195,XLRE 0.0103; XLV 0.0094; XLU -0.0322,0.010302739241229597,-0.08287239205131391,,
19,2018-01-02,2018-01-26,tax-cut growth melt-up,growth and financial beta,ex_post_descriptive,0.06626469304451121,0.07849049305721101,-0.003418472012500118,-0.006843068422991538,0.012225800012699795,0.05551233036206349,0.03703698413819745,0.07532131662081576,0.004809215845448911,-0.015140809879706008,0.04398094036475442,-0.022283752679756796,0.055275657864520156,-0.010989035179991058,0.08058732965308635,0.014322636608575134,0.059642871454635316,-0.006621821589875898,0.06873642136897185,0.0024717283244606314,0.03837968061465413,-0.02788501242985708,-0.022034680306614596,-0.08829937335112581,0.09484466841991956,0.02857997537540835,0.08793280626611288,0.02166811322160167,10,XLV;XLY;XLF;XLK;XLI;XLE;XLB;XLP;XLRE;XLU,XLV 0.0948; XLY 0.0879; XLF 0.0806,XLP 0.0384; XLRE -0.0180; XLU -0.0220,-0.01801537316143509,-0.0842800662059463,,
20,2018-01-26,2018-04-02,volatility shock / rate fear / trade escalation,utilities/real estate preserve,ex_post_descriptive,-0.09797888929197818,-0.08873664623568633,-0.10101887625438855,-0.10522588433610769,0.009242243056291843,-0.09048559900184772,-0.0697242737792001,-0.06921156770808867,-0.019973716591989765,-0.007673172409322304,-0.12758907241222073,-0.02961018312024255,-0.14165478835069778,-0.0436758990587196,-0.1031442297281967,-0.005165340436218524,-0.09430680200962738,0.0036720872823508,-0.07414672509619702,0.023832164195781158,-0.12062017444554662,-0.022641285153568447,-0.010001367860774213,0.08797752143120396,-0.12792774664372697,-0.029948857351748792,-0.09431355274462894,0.0036653365473492405,10,XLU;XLRE;XLK;XLI;XLY;XLF;XLP;XLB;XLV;XLE,XLU -0.0100; XLRE -0.0398; XLK -0.0741,XLB -0.1276; XLV -0.1279; XLE -0.1417,-0.039780181315302365,0.05819870797667581,,
21,2018-04-02,2018-09-20,strong U.S. earnings and growth,discretionary/health/technology,ex_post_descriptive,0.14536932348029885,0.19037612448736607,-0.02997483107426291,-0.047945341069336345,0.04500680100706722,0.1195260705016179,0.16006239446562875,0.07157084643723488,0.037213458493690066,-0.02791663045024806,0.0998897305358446,-0.04547959294445425,0.1448290261785723,-0.0005402973017265555,0.07958241935723098,-0.06578690412306787,0.10212072232248404,-0.043248601157814814,0.18111873573072446,0.035749412250425605,0.08586551882452498,-0.05950380465577387,0.07273368118646739,-0.07263564229383146,0.19245930719215942,0.04708998371186057,0.1998313863225143,0.05446206284221544,10,XLY;XLV;XLK;XLE;XLI;XLRE;XLB;XLP;XLF;XLU,XLY 0.1998; XLV 0.1925; XLK 0.1811,XLP 0.0859; XLF 0.0796; XLU 0.0727,0.10051193275933956,-0.04485739072095929,,
22,2018-09-20,2018-12-24,Fed/trade tightening and growth scare,classic defensive preservation,ex_post_descriptive,-0.19348904858182248,-0.21952396299616206,-0.19348904858182248,-0.2269936123262214,-0.026034914414339583,-0.19732645612196764,-0.2603876246760386,-0.23349172318664313,-0.05900505559332314,0.045312467201402695,-0.2149094621312453,-0.021420413549422812,-0.27160132226393663,-0.07811227368211415,-0.2219220507850992,-0.028433002203276714,-0.23618239886706993,-0.042693350285247456,-0.22743089643558811,-0.03394184785376564,-0.10478558005094918,0.0887034685308733,-0.01584320350423185,0.17764584507759063,-0.13890255437309063,0.05458649420873185,-0.21371506986288902,-0.020226021281066542,11,XLU;XLRE;XLP;XLV;XLC;XLY;XLB;XLF;XLK;XLI;XLE,XLU -0.0158; XLRE -0.0902; XLP -0.1048,XLK -0.2274; XLI -0.2362; XLE -0.2716,-0.09019743544753422,0.10329161313428825,-0.19830846203109076,-0.004819413449268284
23,2018-12-24,2018-12-31,oversold policy-reassessment bounce,beta/growth rebound,ex_post_descriptive,0.06648470177984955,0.07498226470855562,-0.0012899565746395947,-0.0005229795482036836,0.00849756292870607,0.060447490647301594,0.06371108261063618,0.07806318028980175,0.018460530078638904,0.0015660202863450046,0.0671738105029358,0.0006891087230862514,0.06519306640204547,-0.001291635377804079,0.06768245595998867,0.0011977541801391212,0.0674510735131808,0.0009663717333312505,0.07566814973885827,0.009183447959008717,0.04206825402937242,-0.024416447750477133,0.02637690401202697,-0.040107797767822584,0.07199503997596168,0.00551033819611213,0.07642950486114652,0.009944803081296971,11,XLY;XLK;XLV;XLF;XLI;XLB;XLE;XLC;XLP;XLRE;XLU,XLY 0.0764; XLK 0.0757; XLV 0.0720,XLP 0.0421; XLRE 0.0399; XLU 0.0264,0.03991974356463257,-0.026564958215216983,0.059275806977009626,-0.007208894802839927
24,2019-01-02,2019-04-30,Fed pivot and broad rebound,technology/industrials/discretionary,ex_post_descriptive,0.18041024444862286,0.22601363862699286,-0.02386268470163655,-0.032670264068151655,0.045603394178370005,0.18850345014114223,0.1786124517175407,0.32222470452474594,0.08798908308241393,0.018951199663629792,0.1362380638948648,-0.044172180553758045,0.13933824219895596,-0.041072002249666895,0.17248302726280085,-0.00792721718582201,0.2119198752531033,0.03150963080448044,0.27320684204755286,0.09279659759893,0.14948855442021025,-0.030921690028412607,0.13719339155200472,-0.04321685289661814,0.05155419720563681,-0.12885604724298605,0.20769555817240448,0.027285313723781623,11,XLK;XLI;XLY;XLC;XLRE;XLF;XLP;XLE;XLU;XLB;XLV,XLK 0.2732; XLI 0.2119; XLY 0.2077,XLU 0.1372; XLB 0.1362; XLV 0.0516,0.1963165545073693,0.01590631005874643,0.1990989240842269,0.018688679635604055
25,2019-04-30,2019-08-30,trade escalation / yield-curve scare,real estate/utilities/staples,ex_post_descriptive,-0.0005016680404735796,-0.008734329691289955,-0.06618365380505276,-0.10983210230032314,-0.008232661650816375,-0.023573230551542923,-0.05638563734676405,-0.015741916144233703,0.020171862689037034,0.2007848630051714,-0.007327734478394521,-0.006826066437920941,-0.12260366843188375,-0.12210200039141017,-0.03436260227853083,-0.03386093423805725,-0.0246191904636317,-0.024117522423158122,0.013988395532704256,0.014490063573177836,0.06017638514313739,0.06067805318361097,0.0744262009237473,0.07492786896422088,0.019342711383975697,0.019844379424449277,-0.0006473128190483957,-0.00014564477857481606,11,XLRE;XLU;XLP;XLV;XLK;XLY;XLB;XLC;XLI;XLF;XLE,XLRE 0.0969; XLU 0.0744; XLP 0.0602,XLI -0.0246; XLF -0.0344; XLE -0.1226,0.09689261920695524,0.09739428724742882,-0.008411903354063943,-0.007910235313590364
26,2019-08-30,2019-12-31,Fed cuts and trade stabilization,technology/financials/health,ex_post_descriptive,0.11108209951431136,0.13885222453426982,-0.03949622822400245,-0.04558737277391378,0.027770125019958458,0.11019021420917507,0.12108465658640322,0.2544353470171228,0.02928140937537327,-0.0721972192063598,0.09488637406364253,-0.01619572545066883,0.09620564959197697,-0.01487644992233439,0.155067268067288,0.04398516855297663,0.08644293018165694,-0.02463916933265442,0.16000970949377824,0.04892760997946688,0.05190296367820246,-0.0591791358361089,0.04871114386592912,-0.06237095564838224,0.14100610635369804,0.029924006839386674,0.0557863932493321,-0.05529570626497926,11,XLK;XLF;XLV;XLE;XLB;XLC;XLI;XLY;XLP;XLU;XLRE,XLK 0.1600; XLF 0.1551; XLV 0.1410,XLP 0.0519; XLU 0.0487; XLRE 0.0036,0.0036352083378832223,-0.10744689117642814,0.08766535309244983,-0.023416746421861534
27,2020-01-02,2020-02-19,late-cycle secular growth / falling-yield barbell,technology + utilities/real estate,ex_post_descriptive,0.0414623857164238,0.09631755767417327,-0.030787649690200092,-0.028897215687609834,0.05485517195774947,0.022662425864883984,0.015804059732734466,0.05232239193081045,0.0036301020100295567,0.06395022680955242,-0.002965572845486153,-0.04442795856190995,-0.0945857175102709,-0.1360481032266947,0.0016087900823569257,-0.039853595634066874,0.013492102086337221,-0.02797028363008658,0.10065328597090417,0.05919090025448037,0.03217034232181959,-0.00929204339460421,0.10029758798975852,0.05883520227333472,0.01870194283819404,-0.02276044287822976,0.04223459955982878,0.0007722138434049786,11,XLK;XLU;XLRE;XLC;XLY;XLP;XLV;XLI;XLF;XLB;XLE,XLK 0.1007; XLU 0.1003; XLRE 0.0793,XLF 0.0016; XLB -0.0030; XLE -0.0946,0.07927807579536283,0.037815690078939035,0.0611867767226586,0.019724391006234798
28,2020-02-19,2020-03-23,COVID liquidity and recession crash,staples/health relative preservation,ex_post_descriptive,-0.3371725013018423,-0.27916590444713507,-0.3371725013018423,-0.2855935363961887,0.058006596854707215,-0.39025880838899174,-0.4067695439347966,-0.3115927557653977,-0.21896141882327946,0.14234219660408165,-0.3620912370854388,-0.02491873578359649,-0.5606669436255737,-0.2234944423237314,-0.42789112436144594,-0.09071862305960365,-0.41580108127470694,-0.07862857997286465,-0.3115321883055684,0.025640312996273895,-0.24161104532186128,0.095561455979981,-0.35365567685400745,-0.016483175552165164,-0.27929471555121277,0.05787778575062952,-0.3350365337897322,0.002135967512110093,11,XLP;XLV;XLC;XLK;XLY;XLU;XLB;XLRE;XLI;XLF;XLE,XLP -0.2416; XLV -0.2793; XLC -0.2978,XLI -0.4158; XLF -0.4279; XLE -0.5607,-0.37816304408027757,-0.04099054277843528,-0.29778390435794044,0.039388596943901844
29,2020-03-23,2020-08-31,policy support / reopening / work-from-home boom,technology/discretionary/communications,ex_post_descriptive,0.5736583580430914,0.7329158551464017,-0.06989496100648596,-0.05066669716224137,0.15925749710331027,0.5610008101155837,0.5671534224791144,0.6732181837480362,0.26616872598473096,-0.016768511764385874,0.6515280552898548,0.0778696972467634,0.5319117682533443,-0.0417465897897471,0.4280775171694977,-0.1455808408735937,0.6025316197412705,0.028873261698179054,0.7598081590262975,0.1861498009832061,0.3590589315506072,-0.2145994264924842,0.3297274600670248,-0.2439308979760666,0.4569627575032913,-0.1166956005398001,0.7187198048183459,0.14506144677525445,11,XLK;XLY;XLB;XLI;XLC;XLE;XLV;XLRE;XLF;XLP;XLU,XLK 0.7598; XLY 0.7187; XLB 0.6515,XLF 0.4281; XLP 0.3591; XLU 0.3297,0.43476021430108913,-0.13889814374200227,0.5721182486610306,-0.0015401093820608391
30,2020-08-31,2020-10-30,growth consolidation / election uncertainty,temporary utilities rotation,ex_post_descriptive,-0.061443141405011614,-0.0864760817506467,-0.0944047052518262,-0.12749389400352695,-0.02503294034563508,-0.0305314673034891,-0.011300886714281422,-0.002394939870050905,-0.005319876398711343,-0.026379857917941174,0.007739036274820199,0.06918217767983181,-0.18113608556943217,-0.11969294416442056,-0.042648285268391706,0.01879485613661991,-0.021142859038226325,0.04030028236678529,-0.10072393593300999,-0.039280794527998375,-0.04497219375643868,0.01647094764857293,0.06188179371301983,0.12332493511803144,-0.05723028835477317,0.004212853050238441,-0.04540774958727534,0.016035391817736278,11,XLU;XLB;XLI;XLF;XLP;XLY;XLRE;XLV;XLC;XLK;XLE,XLU 0.0619; XLB 0.0077; XLI -0.0211,XLC -0.0622; XLK -0.1007; XLE -0.1811,-0.05226024133936069,0.009182900065650923,-0.06219987752569767,-0.0007567361206860523
31,2020-10-30,2020-12-31,vaccine and reopening trade,energy/financials,ex_post_descriptive,0.14985491150418384,0.16678556172175663,-0.01996868120752593,-0.03798224629945646,0.016930650217572785,0.1904501259491429,0.28468119574959627,0.2571663139524569,0.05374802849560867,0.004158233253225951,0.15149903507615647,0.0016441235719726333,0.3372871475289425,0.18743223602475867,0.24216819676745627,0.09231328526327243,0.17195635910824136,0.022101447604057523,0.1755618969031889,0.025706985399005067,0.09243031682422176,-0.05742459467996208,0.013624111801112893,-0.13623079970307095,0.12047744855896259,-0.029377462945221255,0.1266555885119134,-0.023199322992270455,11,XLE;XLF;XLK;XLI;XLB;XLC;XLY;XLV;XLP;XLRE;XLU,XLE 0.3373; XLF 0.2422; XLK 0.1756,XLP 0.0924; XLRE 0.0844; XLU 0.0136,0.08443914891414717,-0.06541576259003667,0.14168571637855365,-0.008169195125630191
32,2021-01-04,2021-05-07,reopening / fiscal impulse / rising inflation,energy/financials/materials,ex_post_descriptive,0.1483567824723464,0.08183402439023157,-0.0405972102181571,-0.10851555099352395,-0.06652275808211483,0.2119344048368066,0.1669965539505578,0.11304047655471772,0.016509137357502368,-0.11162251461876938,0.23069882498161887,0.08234204250927246,0.42779292851598094,0.27943614604363454,0.3049327280125511,0.1565759455402047,0.22293986377267716,0.07458308130033076,0.08931551944840321,-0.05904126302394319,0.06447812627839844,-0.08387865619394796,0.08856553138360046,-0.059791251088745945,0.10226316352444109,-0.04609361894790531,0.11593418459668436,-0.03242259787566204,11,XLE;XLF;XLB;XLI;XLRE;XLC;XLY;XLV;XLK;XLU;XLP,XLE 0.4278; XLF 0.3049; XLB 0.2307,XLK 0.0893; XLU 0.0886; XLP 0.0645,0.2095266826327864,0.061169900160439994,0.17957723654320223,0.03122045407085583
33,2021-05-07,2021-09-02,Delta concern and falling yields,real estate/technology/health,ex_post_descriptive,0.07711731268262034,0.13956073653714918,-0.03958571937682509,-0.051795366700905676,0.062443423854528834,0.040899596217378376,0.01763194136713464,0.1127666870929116,0.020877720466297767,0.07968331958543384,-0.017718430699872778,-0.09483574338249312,-0.07887843467421385,-0.1559957473568342,0.018045525275754315,-0.05907178740686603,0.0020196134074945693,-0.07509769927512577,0.14378896867181612,0.06667165598919578,0.038980991814036026,-0.03813632086858432,0.06926404888989679,-0.007853263792723553,0.10609673477399206,0.02897942209137172,0.035369784125801385,-0.04174752855681896,11,XLRE;XLK;XLV;XLC;XLU;XLP;XLY;XLF;XLI;XLB;XLE,XLRE 0.1575; XLK 0.1438; XLV 0.1061,XLI 0.0020; XLB -0.0177; XLE -0.0789,0.15754826016023626,0.08043094747761592,0.09381255942600797,0.016695246743387626
34,2021-09-02,2021-10-04,inflation and yield shock,energy; rate-sensitive defensives fail,ex_post_descriptive,-0.051141400251308866,-0.07200057141016925,-0.051141400251308866,-0.07615370273917466,-0.02085917115886038,-0.0378603188224117,-0.035336483895709536,-0.07842994489986377,-0.006947083130316445,-0.02926378053894252,-0.06481474519047059,-0.013673344939161725,0.13261360599987282,0.18375500625118169,-0.008516552159296475,0.04262484809201239,-0.05959730951049791,-0.008455909259189043,-0.06558021429450112,-0.01443881404319225,-0.0506195869072803,0.0005218133440285655,-0.06878311037002749,-0.017641710118718623,-0.07950359040658983,-0.028362190155280964,-0.021737800378087813,0.029403599873221054,11,XLE;XLF;XLY;XLP;XLI;XLB;XLK;XLC;XLU;XLRE;XLV,XLE 0.1326; XLF -0.0085; XLY -0.0217,XLU -0.0688; XLRE -0.0718; XLV -0.0795,-0.07178352757892337,-0.0206421273276145,-0.0659138260646891,-0.01477242581338023
35,2021-10-04,2021-12-31,earnings-led year-end rally / taper,technology/real estate/discretionary,ex_post_descriptive,0.11195549969496743,0.12970951916347784,-0.040938447918027365,-0.05647157303887396,0.017754019468510407,0.08180091252552879,0.013010620721828348,0.24271951130993497,0.008910992286232933,0.025842692520721355,0.1380803090756082,0.026124809380640768,0.027387198794501355,-0.08456830090046608,0.037469339626245324,-0.07448616006872211,0.07673544542383848,-0.03522005427112895,0.17654304616120253,0.0645875464662351,0.12846826047818083,0.016512760783213398,0.11399974246349531,0.002044242768527882,0.12793272315266258,0.015977223457695144,0.14147358107086272,0.02951808137589529,11,XLK;XLRE;XLY;XLB;XLP;XLV;XLU;XLI;XLF;XLE;XLC,XLK 0.1765; XLRE 0.1617; XLY 0.1415,XLF 0.0375; XLE 0.0274; XLC -0.0233,0.16170999180467427,0.04975449210970684,-0.023339952817361453,-0.13529545251232888
36,2022-01-03,2022-03-08,inflation / invasion / first-hike pricing,energy and low-duration defensives,ex_post_descriptive,-0.1286552812419498,-0.19500598788100632,-0.1286552812419498,-0.19500598788100632,-0.06635070663905651,-0.08981522220215044,-0.13549609960418252,-0.21958178278359453,-0.055697365624523654,-0.0426570579540525,-0.10801734975493194,0.02063793148701787,0.35512060485579067,0.48377588609774047,-0.09790023167255779,0.030755049569392012,-0.07470906110128517,0.053946220140664636,-0.18203068144071588,-0.053375400198766076,-0.059922199489912176,0.06873308175203763,-0.002398648675536408,0.1262566325664134,-0.08526941955997713,0.04338586168197267,-0.22243337884125414,-0.09377809759930433,11,XLE;XLU;XLP;XLI;XLV;XLF;XLB;XLRE;XLC;XLK;XLY,XLE 0.3551; XLU -0.0024; XLP -0.0599,XLC -0.1803; XLK -0.1820; XLY -0.2224,-0.11533243132829829,0.013322849913651513,-0.18026084130606357,-0.051605560064113765
37,2022-03-08,2022-06-16,accelerated tightening / earnings compression,energy; staples preserve,ex_post_descriptive,-0.11642283689155897,-0.15965504662977836,-0.20561149731929051,-0.2688648831593218,-0.043232209738219396,-0.1138086893455843,-0.15470559336685163,-0.17182304943330562,-0.08379365827877139,-0.1850113908768386,-0.05562733568409928,0.06079550120745969,0.012169311987890064,0.12859214887944903,-0.13178165040910306,-0.01535881351754409,-0.11364198568710959,0.002780851204449375,-0.13827283715629557,-0.021850000264736602,-0.04258655522463417,0.0738362816669248,-0.06764466707828531,0.04877816981327365,-0.056572472059067125,0.05985036483249184,-0.17546105729666428,-0.05903822040510531,11,XLE;XLP;XLB;XLV;XLU;XLI;XLF;XLK;XLRE;XLC;XLY,XLE 0.0122; XLP -0.0426; XLB -0.0556,XLRE -0.1396; XLC -0.1701; XLY -0.1755,-0.1395609802968144,-0.02313814340525544,-0.1700728342032789,-0.05364999731171993
38,2022-06-16,2022-08-16,peak-inflation hope / bear-market rally,discretionary/technology,ex_post_descriptive,0.17702505757153797,0.22671722123037963,-0.03289047134376255,-0.04864071703401107,0.04969216365884166,0.17098237070312594,0.22629684111744108,0.19472503391102225,0.07138472283739761,0.041627622630082683,0.09372740697675308,-0.08329765059478489,-0.001532912218162985,-0.17855796978970095,0.16734399153892898,-0.009681066032608987,0.1770967730937858,7.171552224782829e-05,0.2271662876873708,0.050141230115832824,0.1247699037308263,-0.052255153840711666,0.1942706078282359,0.01724555025669794,0.12116878599574643,-0.05585627157579154,0.28775125270679114,0.11072619513525317,11,XLY;XLK;XLU;XLRE;XLI;XLF;XLC;XLP;XLV;XLB;XLE,XLY 0.2878; XLK 0.2272; XLU 0.1943,XLV 0.1212; XLB 0.0937; XLE -0.0015,0.18215374369913961,0.005128686127601645,0.1310277885013118,-0.045997269070226166
39,2022-08-16,2022-10-12,Jackson Hole / higher-real-yield reset,energy; health/staples preserve,ex_post_descriptive,-0.1668032360249566,-0.2081018897603153,-0.1668032360249566,-0.2081018897603153,-0.04129865373535868,-0.15608658883625814,-0.1635147039050866,-0.2798932732464724,-0.07830379385309583,-0.1304909965116512,-0.1543457713779638,0.012457464646992822,0.05515273602998749,0.2219559720549441,-0.14969734065558105,0.017105895369375568,-0.15273287903281152,0.014070356992145094,-0.2269413926869418,-0.06013815666198519,-0.11708937333424452,0.049713862690712096,-0.20164123620430718,-0.03483800017935057,-0.08619499377729722,0.08060824224765939,-0.19470997414285918,-0.027906738117902563,11,XLE;XLV;XLP;XLF;XLI;XLB;XLY;XLU;XLC;XLK;XLRE,XLE 0.0552; XLV -0.0862; XLP -0.1171,XLC -0.2030; XLK -0.2269; XLRE -0.2469,-0.24693793097394245,-0.08013469494898584,-0.2030273367053801,-0.03622410068042348
40,2022-10-12,2022-12-30,inflation-peak / soft-landing hopes,industrials/utilities/materials,ex_post_descriptive,0.07747947087759388,0.016209110693342854,-0.07184630432652672,-0.1123427378427404,-0.06127036018425103,0.10787305596348995,0.04725867193126332,0.16956709081548094,0.04240336965426561,-0.0006505862124187578,0.14052814443785722,0.06304867356026334,0.1029815799613818,0.025502109083787916,0.13616535382232264,0.05868588294472876,0.1640764378628059,0.08659696698521202,0.070670191199669,-0.006809279677924884,0.10989793578627838,0.0324184649086845,0.15534529033998612,0.07786581946239224,0.11902870450559178,0.041549233627997895,-0.06824451753294192,-0.1457239884105358,11,XLI;XLU;XLB;XLF;XLV;XLP;XLE;XLRE;XLK;XLC;XLY,XLI 0.1641; XLU 0.1553; XLB 0.1405,XLK 0.0707; XLC 0.0100; XLY -0.0682,0.09850886438566597,0.02102939350807209,0.01003886263604703,-0.06744060824154685
41,2023-01-03,2023-02-02,disinflation risk-on,communications/discretionary/technology,ex_post_descriptive,0.09442799653355305,0.17861463131438637,-0.024742725771551122,-0.02269691345489,0.08418663478083332,0.09807296858443304,0.14371412277642448,0.25926100014861553,0.05156516927642718,0.07035979715050678,0.09458787370452093,0.00015987717096788145,0.020734676448387335,-0.07369332008516571,0.06818167429254918,-0.026246322241003872,0.050497837282612146,-0.0439301592509409,0.1598246819120226,0.06539668537846954,-0.007809365728436157,-0.1022373622619892,-0.016170334252834095,-0.11059833078638714,-0.017569441167068822,-0.11199743770062187,0.21629433480340787,0.12186633826985482,11,XLC;XLY;XLK;XLRE;XLB;XLF;XLI;XLE;XLP;XLU;XLV,XLC 0.2218; XLY 0.2163; XLK 0.1598,XLP -0.0078; XLU -0.0162; XLV -0.0176,0.12840559120104933,0.03397759466749628,0.22176486884777602,0.12733687231422297
42,2023-02-02,2023-05-31,regional-bank stress plus AI breakout,technology/communications; financials lag,ex_post_descriptive,0.006393608820089769,0.1180826953584313,-0.07538763454194009,-0.07432964361188676,0.11168908653834153,-0.09452521442657102,-0.12055695022458857,0.13829407141566752,-0.025587108577974083,-0.04203572628379426,-0.11294708117977281,-0.11934068999986258,-0.10169084489754998,-0.10808445371763975,-0.12936086921637302,-0.1357544780364628,-0.05941219238103845,-0.06580580120112822,0.15166957382500357,0.1452759650049138,-0.009100910463557987,-0.015494519283647756,-0.05696967355953919,-0.06336328237962896,-0.035703646088322105,-0.042097254908411874,-0.026174321044445836,-0.032567929864535605,11,XLK;XLC;XLP;XLY;XLV;XLU;XLI;XLE;XLB;XLF;XLRE,XLK 0.1517; XLC 0.0509; XLP -0.0091,XLB -0.1129; XLF -0.1294; XLRE -0.1323,-0.13228601692887254,-0.1386796257489623,0.050853539004345416,0.04445993018425565
43,2023-05-31,2023-07-31,breadth broadening / soft landing,energy/discretionary/materials,ex_post_descriptive,0.09965406800242871,0.10407270633252041,-0.021593765055777814,-0.03265118290725566,0.0044186383300917065,0.1141825428045562,0.14668994636477684,0.112866446561811,0.02915657774200664,-0.02332623578300419,0.14823292528136078,0.048578857278932075,0.15224607896956077,0.052592010967132063,0.1173970034325098,0.017742935430081097,0.14467257485172014,0.04501850684929143,0.0879203284964527,-0.011733739505976004,0.04977819386087812,-0.04987587414155059,0.04126719686579361,-0.0583868711366351,0.05376067078335445,-0.04589339721907426,0.14827181903374353,0.048617751031314826,11,XLE;XLY;XLB;XLI;XLF;XLC;XLK;XLRE;XLV;XLP;XLU,XLE 0.1522; XLY 0.1483; XLB 0.1482,XLV 0.0538; XLP 0.0498; XLU 0.0413,0.06984620959930177,-0.02980785840312694,0.10703271565643324,0.007378647654004533
44,2023-07-31,2023-10-27,higher-for-longer yield shock,energy preserves; real estate/consumer lag,ex_post_descriptive,-0.09974317142568845,-0.0987023137048112,-0.09974317142568845,-0.10300893749332574,0.001040857720877253,-0.13326243255638326,-0.17985341383199516,-0.13889931273850276,-0.027433228694217826,-0.14917532530475608,-0.12142660550889606,-0.02168343408320761,-0.025439994128168886,0.07430317729751956,-0.10584259156465237,-0.006099420138963918,-0.12304956298393666,-0.023306391558248207,-0.09467816809100871,0.005065003334679741,-0.1150992900582325,-0.015356118632544047,-0.11725218694145123,-0.017509015515762782,-0.07830719636125427,0.021435975064434176,-0.13746951370947813,-0.03772634228378968,11,XLE;XLV;XLC;XLK;XLF;XLP;XLU;XLB;XLI;XLY;XLRE,XLE -0.0254; XLV -0.0783; XLC -0.0806,XLI -0.1230; XLY -0.1375; XLRE -0.1462,-0.14616602475383778,-0.04642285332814933,-0.08057287755438536,0.01917029387130309
45,2023-10-27,2023-12-29,Fed-pivot / rate-relief rally,real estate/financials/discretionary,ex_post_descriptive,0.16206561263810038,0.1889427787905491,-0.013857249423357532,-0.014859750911708547,0.026877166152448728,0.18522230539580908,0.24188298319642842,0.2719547521513259,0.08550362634676123,0.1835293222509875,0.14926900616057703,-0.012796606477523342,0.00018036205432769847,-0.16188525058377268,0.20146726976232676,0.039401657124226386,0.18844537453068266,0.026379761892582287,0.1972731793475253,0.03520756670942493,0.09005762239792947,-0.0720079902401709,0.08848292553697967,-0.0735826871011207,0.11247844806702822,-0.04958716457107215,0.1974719654567274,0.03540635281862703,11,XLRE;XLF;XLY;XLK;XLI;XLC;XLB;XLV;XLP;XLU;XLE,XLRE 0.2515; XLF 0.2015; XLY 0.1975,XLP 0.0901; XLU 0.0885; XLE 0.0002,0.2515029372701463,0.0894373246320459,0.15451641245694026,-0.007549200181160121
46,2024-01-02,2024-03-28,AI earnings plus reflation broadening,communications/energy/industrials,ex_post_descriptive,0.11011350632973205,0.1043422376344143,-0.01707803576865463,-0.02623340332984081,-0.005771268695317744,0.07743668724552077,0.056705955538247865,0.3315381860571931,0.018568206874670423,-0.03140350730867725,0.09174013705318407,-0.01837336927654798,0.12311725309387644,0.013003746764144397,0.11966581706735657,0.009552310737624525,0.11972064132679594,0.009607134997063893,0.11296380586711208,0.00285029953738003,0.05604320578159672,-0.05407030054813533,0.030231754556808266,-0.07988175177292378,0.06833432605113288,-0.04177918027859917,0.040308186405480395,-0.06980531992425165,11,XLC;XLE;XLI;XLF;XLK;XLB;XLV;XLP;XLY;XLU;XLRE,XLC 0.1333; XLE 0.1231; XLI 0.1197,XLY 0.0403; XLU 0.0302; XLRE -0.0156,-0.015603933817138538,-0.12571744014687058,0.13330105734574293,0.023187551016010888
47,2024-03-28,2024-07-10,AI concentration and power-demand theme,technology/communications/utilities,ex_post_descriptive,0.07658809093458263,0.13456770212550406,-0.053357873657451704,-0.06897637182169969,0.05797961119092143,-0.021470336907129628,-0.03025343533285363,0.25014423262537555,0.017455123216819857,-0.0077311273194313745,-0.043478847275876364,-0.120066938210459,-0.045889054723153744,-0.12247714565773637,-0.0010460586145868422,-0.07763414954916947,-0.028748571019178715,-0.10533666195376135,0.14321292426689336,0.06662483333231073,0.021272348296423438,-0.05531574263815919,0.06671908099929746,-0.009869009935285167,-0.005663346756549781,-0.08225143769113241,0.0433512803832079,-0.03323681055137473,11,XLK;XLC;XLU;XLY;XLP;XLF;XLV;XLRE;XLI;XLB;XLE,XLK 0.1432; XLC 0.0779; XLU 0.0667,XLI -0.0287; XLB -0.0435; XLE -0.0459,-0.011817367690852953,-0.08840545862543558,0.0779100726230404,0.0013219816884577629
48,2024-07-10,2024-09-17,mega-cap unwind / rate-cut rotation,real estate/utilities/industrials,ex_post_descriptive,0.003117530223278653,-0.0585931330046805,-0.08405611559573534,-0.13557745961827594,-0.06171066322795915,0.06948556144054296,0.07887107346438382,-0.16905454494173888,0.040700855911300904,0.09569736276007634,0.05993452766822682,0.05681699744494817,-0.01812890599041328,-0.021246436213691933,0.08160358919512856,0.0784860589718499,0.08234910316668409,0.07923157294340544,-0.07787781258660287,-0.08099534280988152,0.07829449871870486,0.07517696849542621,0.13833322190549002,0.13521569168221137,0.06355914267069562,0.06044161244741697,0.008775195185174889,0.005657664961896236,11,XLRE;XLU;XLI;XLF;XLP;XLV;XLB;XLY;XLC;XLE;XLK,XLRE 0.1637; XLU 0.1383; XLI 0.0823,XLC -0.0001; XLE -0.0181; XLK -0.0779,0.16369290572965745,0.1605753755063788,-0.00011412090959517229,-0.003231651132873825
49,2024-09-17,2024-11-05,post-cut risk-on,communications/discretionary/technology,ex_post_descriptive,0.027348340547701744,0.040997014670583365,-0.02728406711614395,-0.0326096482555831,0.013648674122881621,0.01604507149914669,0.02545534935565219,0.06242511765745218,0.0015734256669335256,-0.0742387936348109,0.0039273613697006216,-0.023420979178001122,0.0361823099572367,0.008833969409534959,0.034180346028741315,0.006832005481039571,0.03472188557727707,0.0073735450295753235,0.03708332280525006,0.00973498225754832,-0.0257630162953848,-0.053111356843086543,-0.0023899604821185916,-0.029738301029820335,-0.046385654685199174,-0.07373399523290092,0.05291098947499395,0.02556264892729221,11,XLC;XLY;XLK;XLE;XLI;XLF;XLB;XLU;XLRE;XLP;XLV,XLC 0.0639; XLY 0.0529; XLK 0.0371,XLRE -0.0196; XLP -0.0258; XLV -0.0464,-0.019620304745682993,-0.046968645293384736,0.06393940996838321,0.036591069420681466
50,2024-11-05,2024-12-31,post-election growth / deregulation,discretionary/communications/financials,ex_post_descriptive,0.019685298096119963,0.040316935956613564,-0.03571854600220936,-0.048526589183708224,0.0206316378604936,-0.01579939801893504,-0.011657493356137305,-0.020404577250702438,0.0028473473182637488,-0.05139363126625163,-0.09715189470004637,-0.11683719279616633,-0.04204676295960108,-0.061732061055721044,0.0390947748952577,0.019409476799137737,-0.02701695608755228,-0.04670225418367224,0.026492998397275702,0.006807700301155739,-0.02069166369310571,-0.040376961789225674,-0.026071096186272347,-0.04575639428239231,-0.06531717408227655,-0.08500247217839652,0.10764888719724253,0.08796358910112256,11,XLY;XLC;XLF;XLK;XLP;XLU;XLI;XLE;XLRE;XLV;XLB,XLY 0.1076; XLC 0.0424; XLF 0.0391,XLRE -0.0617; XLV -0.0653; XLB -0.0972,-0.06168983973295272,-0.08137513782907269,0.04244079800805789,0.022755499911937926
51,2025-01-02,2025-02-19,soft-landing broadening,financials/materials/communications,ex_post_descriptive,0.04838866666730213,0.057405475402137585,-0.024976336209805994,-0.03709907892676856,0.009016808734835458,0.046474347964077234,0.023921478058108958,0.0512684650349402,0.01613124442514824,0.010902154969544497,0.08063916944567318,0.03225050277837105,0.06185084220473103,0.0134621755374289,0.08255544248876245,0.03416677582146033,0.05689264430735075,0.008503977640048621,0.04401422790022225,-0.00437443876707988,0.04057680256332552,-0.007811864103976607,0.05231421643006895,0.003925549762766822,0.0638762227457621,0.015487556078459974,0.021860956365644224,-0.026527710301657903,11,XLF;XLB;XLC;XLV;XLE;XLI;XLU;XLRE;XLK;XLP;XLY,XLF 0.0826; XLB 0.0806; XLC 0.0787,XLK 0.0440; XLP 0.0406; XLY 0.0219,0.04964014958797058,0.0012514829206684563,0.07874179155836014,0.030353124891058014
52,2025-02-19,2025-04-08,tariff shock and growth downgrade,defensive preservation,ex_post_descriptive,-0.18755225458981684,-0.22768310492842747,-0.18755225458981684,-0.22768310492842747,-0.040130850338610635,-0.15956828647344856,-0.22619653494089897,-0.3007305778006176,-0.041059179610755225,0.008350736816500337,-0.17010635053127454,0.017445904058542294,-0.16283219084843248,0.024720063741384357,-0.15540287926214802,0.03214937532766882,-0.15848093721272127,0.029071317377095562,-0.25656291934699615,-0.06901066475717932,-0.05880533054874626,0.12874692404107058,-0.08287118259817017,0.10468107199164667,-0.08815244340565931,0.09939981118415753,-0.21841690800032587,-0.030864653410509035,11,XLP;XLU;XLV;XLRE;XLF;XLI;XLE;XLB;XLC;XLY;XLK,XLP -0.0588; XLU -0.0829; XLV -0.0882,XLC -0.1768; XLY -0.2184; XLK -0.2566,-0.11758487811027485,0.06996737647954199,-0.17681626530371952,0.010735989286097314
53,2025-04-08,2025-06-30,tariff pause / de-escalation and AI rebound,technology/industrials/communications,ex_post_descriptive,0.2481399379207332,0.3273554942190613,-0.06332264622327388,-0.07057947079462801,0.0792155562983281,0.1932364282632315,0.2377681937704541,0.549763830951087,0.07522677412326595,0.006275858900965048,0.18833045130382597,-0.059809486616907215,0.11852323499928774,-0.12961670292144545,0.19648186435365234,-0.05165807356708085,0.27099284653803024,0.022852908617297052,0.41128173120312717,0.16314179328239398,0.06778575462086911,-0.18035418329986408,0.12501010468832852,-0.12312983323240467,0.018449769482993705,-0.22969016843773948,0.23506915058025513,-0.013070787340478063,11,XLK;XLI;XLC;XLY;XLF;XLB;XLRE;XLU;XLE;XLP;XLV,XLK 0.4113; XLI 0.2710; XLC 0.2631,XLE 0.1185; XLP 0.0678; XLV 0.0184,0.12714884732840592,-0.12099109059232727,0.26313039650943004,0.014990458588696853
54,2025-06-30,2025-10-29,AI and power-capex rally,technology plus power infrastructure,ex_post_descriptive,0.11563610157014859,0.1538451372754448,-0.029846536434430915,-0.035882475211269305,0.03820903570529621,0.040771094466315994,0.14713459225684988,0.3217512900394106,0.023178131996521634,0.04757990224495279,-0.0006323051895826826,-0.11626840675973127,0.04658699368910746,-0.06904910788104113,-0.0020722327009996544,-0.11770833427114824,0.05559050297423496,-0.06004559859591363,0.20254669340234122,0.08691059183219263,-0.047727528454580836,-0.16336363002472942,0.11078224525142066,-0.004853856318727923,0.07306524689036897,-0.04257085467977961,0.10234114921568249,-0.013294952354466094,11,XLK;XLU;XLY;XLC;XLV;XLI;XLE;XLB;XLF;XLRE;XLP,XLK 0.2025; XLU 0.1108; XLY 0.1023,XLF -0.0021; XLRE -0.0111; XLP -0.0477,-0.011099350525406004,-0.1267354520955546,0.07523787169915708,-0.04039822987099151
55,2025-10-29,2025-12-31,mega-cap pause / health and breadth rebound,health/financials/materials,ex_post_descriptive,-0.005026327339489822,-0.03250948608809745,-0.050713604177726634,-0.07880219273390288,-0.027483158748607628,0.021195725874308735,0.0005894045125545144,-0.01996529399820368,0.010550252155644202,-0.032507474391020974,0.04383102236578673,0.048857349705276554,0.0246817640710546,0.029708091410544424,0.05512429815720754,0.06015062549669736,0.0036837694742666294,0.008710096813756452,-0.051797880982056954,-0.04677155364256713,0.022502007701169946,0.027528335040659768,-0.045286896389269526,-0.040260569049779704,0.07972775326121773,0.08475408060070755,0.0005992091515392151,0.005625536491029037,11,XLV;XLF;XLB;XLE;XLP;XLC;XLI;XLRE;XLY;XLU;XLK,XLV 0.0797; XLF 0.0551; XLB 0.0438,XLY 0.0006; XLU -0.0453; XLK -0.0518,0.003468099558228799,0.008494426897718621,0.015574009062355731,0.020600336401845554
56,2026-01-02,2026-03-30,energy/inflation/geopolitical risk,energy/materials/utilities over technology,ex_post_descriptive,-0.07241843546451476,-0.08829600143849492,-0.08884972579331007,-0.11723572714706232,-0.015877565973980157,-0.020661810084118937,-0.03514658439781759,-0.028850761762266308,-0.013412266092610259,0.0042699474268752535,0.06913075529181811,0.14154919075633288,0.36615176488429446,0.4385702003488092,-0.11508119298929931,-0.042662757524784545,-0.005886462579255514,0.06653197288525925,-0.11532550048961887,-0.04290706502510411,0.0598645840647436,0.13228301952925836,0.07089030850058653,0.1433087439651013,-0.07137003390616026,0.0010484015583545059,-0.10543087157179332,-0.03301243610727855,11,XLE;XLU;XLB;XLP;XLRE;XLI;XLV;XLC;XLY;XLF;XLK,XLE 0.3662; XLU 0.0709; XLB 0.0691,XLY -0.1054; XLF -0.1151; XLK -0.1153,0.0024829995181985254,0.07490143498271329,-0.07352855195610042,-0.0011101164915856554
57,2026-03-30,2026-06-02,AI reacceleration / risk-on melt-up,technology/semiconductors,ex_post_descriptive,0.1988199759788205,0.3350663506383611,-0.021820413530181937,-0.025368439805888876,0.1362463746595406,0.11250961027008066,0.2143401667481688,0.7438833313144293,0.024578691718120105,-0.0051808826231685146,0.04559134373779261,-0.1532286322410279,-0.07125566463466515,-0.27007564061348566,0.0603880137101922,-0.1384319622686283,0.10952363368266838,-0.08929634229615213,0.5527368882123163,0.35391691223349575,-0.007497175549224688,-0.2063171515280452,-0.05005535963325736,-0.24887533561207786,0.013469365929551058,-0.18535061004926945,0.11069604106211339,-0.08812393491670711,11,XLK;XLY;XLI;XLRE;XLF;XLC;XLB;XLV;XLP;XLU;XLE,XLK 0.5527; XLY 0.1107; XLI 0.1095,XLP -0.0075; XLU -0.0501; XLE -0.0713,0.07217652153866738,-0.12664345444015312,0.049234117188377224,-0.14958585879044328
58,2026-06-02,2026-07-10,technology consolidation / broadening pulse,health/financials/industrials; incomplete handoff,ex_post_descriptive,-0.0035218435911847923,-0.026606445558406633,-0.04494652583696357,-0.07031997684181479,-0.02308460196722184,0.024233236146500525,0.017259428213987515,-0.03350151364208731,0.0022465712424684092,-0.01013463736458664,-0.008534896310374185,-0.0050130527191893925,-0.04283597908290282,-0.03931413549171803,0.08638070526763686,0.08990254885882165,0.04694627070841961,0.050468114299604405,-0.06159373123471179,-0.058071887643527,0.035117634589137525,0.03863947818032232,0.04100146714900599,0.04452331074019078,0.10347912585206842,0.10700096944325321,-0.000989721497805407,0.0025321220933793853,11,XLV;XLF;XLI;XLU;XLP;XLRE;XLY;XLB;XLC;XLE;XLK,XLV 0.1035; XLF 0.0864; XLI 0.0469,XLC -0.0144; XLE -0.0428; XLK -0.0616,0.031030271884295413,0.034552115475480205,-0.014436640066404327,-0.010914796475219535
