sample,start_year,end_year,asset,month,n,mean_return,median_return,positive_rate,mean_excess_spy,median_excess_spy,excess_hit_rate,excess_tstat,excess_pvalue,excess_bh_qvalue_asset,excess_bh_qvalue_family
modern_2013_2025,2013,2025,SPY,1,13,0.010244647119270568,0.01592656463792297,0.5384615384615384,0.0,0.0,0.0,,,,
modern_2013_2025,2013,2025,SPY,2,13,0.006343998602873584,0.012758752595303235,0.5384615384615384,0.0,0.0,0.0,,,,
modern_2013_2025,2013,2025,SPY,3,13,0.004765044230902951,0.01810082180393935,0.6923076923076923,0.0,0.0,0.0,,,,
modern_2013_2025,2013,2025,SPY,4,13,0.011922815342196524,0.009834012168199457,0.7692307692307693,0.0,0.0,0.0,,,,
modern_2013_2025,2013,2025,SPY,5,13,0.017372681221092676,0.017011651535904004,0.9230769230769231,0.0,0.0,0.0,,,,
modern_2013_2025,2013,2025,SPY,6,13,0.013949456565100792,0.017734421031398995,0.7692307692307693,0.0,0.0,0.0,,,,
modern_2013_2025,2013,2025,SPY,7,13,0.031791263635208726,0.024412541804786025,0.9230769230769231,0.0,0.0,0.0,,,,
modern_2013_2025,2013,2025,SPY,8,13,0.004169230474517902,0.002917755168571512,0.6153846153846154,0.0,0.0,0.0,,,,
modern_2013_2025,2013,2025,SPY,9,13,-0.009950704973517372,5.802878359184582e-05,0.5384615384615384,0.0,0.0,0.0,,,,
modern_2013_2025,2013,2025,SPY,10,13,0.017988843970706,0.023550650703307197,0.6153846153846154,0.0,0.0,0.0,,,,
modern_2013_2025,2013,2025,SPY,11,13,0.03785979714008215,0.03056573766731585,0.9230769230769231,0.0,0.0,0.0,,,,
modern_2013_2025,2013,2025,SPY,12,13,0.002121141537815465,0.012127916412125073,0.6153846153846154,0.0,0.0,0.0,,,,
modern_2013_2025,2013,2025,QQQ,1,13,0.01834141579946614,0.021633842380349266,0.6923076923076923,0.008096768680195572,0.01004240660557354,0.6923076923076923,1.2175743385795272,0.24678705882033394,0.7403611764610019,0.9852048976369931
modern_2013_2025,2013,2025,QQQ,2,13,0.00675252871026466,-0.0013351227060649506,0.46153846153846156,0.0004085301073910756,0.0006467732218098377,0.5384615384615384,0.08924006335191258,0.9303632451081854,0.9303632451081855,0.9852048976369931
modern_2013_2025,2013,2025,QQQ,3,13,0.006875187510085577,0.01716760610038026,0.6153846153846154,0.002110143279182626,-0.00772415869462284,0.46153846153846156,0.2627924967774542,0.7971680049340861,0.9303632451081855,0.9852048976369931
modern_2013_2025,2013,2025,QQQ,4,13,0.011157148164146804,0.01396816831042802,0.6923076923076923,-0.0007656671780497201,0.006161324054405615,0.5384615384615384,-0.12865136906594615,0.8997645613331644,0.9303632451081855,0.9852048976369931
modern_2013_2025,2013,2025,QQQ,5,13,0.03311826321970489,0.043700531485413974,0.7692307692307693,0.01574558199861221,0.018363831758231974,0.7692307692307693,2.243201086142305,0.04453953414181883,0.267237204850913,0.6806145220534237
modern_2013_2025,2013,2025,QQQ,6,13,0.019372441974201772,0.03123829619126095,0.6153846153846154,0.00542298540910098,0.0056993596573649,0.5384615384615384,0.8589195756518406,0.40721537051467177,0.8908898489799644,0.9852048976369931
modern_2013_2025,2013,2025,QQQ,7,13,0.04289386428368715,0.03860092753522926,0.9230769230769231,0.011102600648478421,0.011463381715057785,0.8461538461538461,2.281744299814839,0.04154708967364362,0.267237204850913,0.6806145220534237
modern_2013_2025,2013,2025,QQQ,8,13,0.011846127753420626,0.010500922599586016,0.6153846153846154,0.007676897278902724,0.009303736464298495,0.6153846153846154,1.677061020508426,0.11936455874883736,0.4774582349953495,0.9060959276600947
modern_2013_2025,2013,2025,QQQ,9,13,-0.011274311081477695,-0.0029524067345572114,0.38461538461538464,-0.001323606107960323,-0.0033642409327478973,0.46153846153846156,-0.32660354048228885,0.7495938317427407,0.9303632451081855,0.9852048976369931
modern_2013_2025,2013,2025,QQQ,10,13,0.021978048594672655,0.039998506612904716,0.6153846153846154,0.003989204623966654,0.0028691840319579054,0.7692307692307693,0.7613781084321588,0.46113260280839335,0.8908898489799644,0.9852048976369931
modern_2013_2025,2013,2025,QQQ,11,13,0.03714909629856093,0.035511437432348414,0.8461538461538461,-0.000710700841521216,0.0024335602449669924,0.5384615384615384,-0.151661871037341,0.8819735217089898,0.9303632451081855,0.9852048976369931
modern_2013_2025,2013,2025,QQQ,12,13,-0.0011808451343476001,0.006031168802540954,0.6153846153846154,-0.003301986672163065,0.0013347837355450753,0.5384615384615384,-0.6632869068483918,0.5196857452383126,0.8908898489799644,0.9852048976369931
modern_2013_2025,2013,2025,DEF,1,13,0.009040952364552055,0.008953796653198065,0.6153846153846154,-0.0012036947547185129,0.007171658310799245,0.5384615384615384,-0.1275368941959897,0.9006277697163418,0.9755012632873002,0.9852048976369931
modern_2013_2025,2013,2025,DEF,2,13,-0.0011856528628987255,0.006634583841812258,0.6153846153846154,-0.00752965146577231,-0.0028680340730637965,0.38461538461538464,-0.9788491259697784,0.3469768028422564,0.8136123690620206,0.9852048976369931
modern_2013_2025,2013,2025,DEF,3,13,0.021350435347520576,0.02380114363315089,0.6153846153846154,0.016585391116617627,0.008298758289286612,0.8461538461538461,2.80979428365569,0.01575542276958695,0.1890650732350434,0.567584628044198
modern_2013_2025,2013,2025,DEF,4,13,0.011668012153941839,0.0036014389831076077,0.5384615384615384,-0.0002548031882546854,-0.0029178459220668973,0.46153846153846156,-0.031355817831437656,0.9755012632873002,0.9755012632873002,0.9852048976369931
modern_2013_2025,2013,2025,DEF,5,13,0.003084720109342277,0.005693648054386546,0.6153846153846154,-0.014287961111750399,-0.004823684898244807,0.3076923076923077,-1.6569124260056154,0.12343062174621026,0.7219154741495454,0.9060959276600947
modern_2013_2025,2013,2025,DEF,6,13,0.006066640580928855,5.9317025255190003e-05,0.5384615384615384,-0.007882815984171936,-0.008080548614930128,0.38461538461538464,-0.8596915237012256,0.4068061845310103,0.8136123690620206,0.9852048976369931
modern_2013_2025,2013,2025,DEF,7,13,0.026039231748065602,0.03718613224071854,0.9230769230769231,-0.0057520318871431275,-0.007321497606330496,0.46153846153846156,-0.9376484938194937,0.3669140288529859,0.8136123690620206,0.9852048976369931
modern_2013_2025,2013,2025,DEF,8,13,0.0015455235134389511,0.015072414689557112,0.6153846153846154,-0.0026237069610789508,-0.0038039630502224586,0.46153846153846156,-0.37633867136686805,0.7132346747263733,0.9755012632873002,0.9852048976369931
modern_2013_2025,2013,2025,DEF,9,13,-0.009429195361194909,-0.0054661745240007775,0.38461538461538464,0.0005215096123224632,0.0002608304687383711,0.5384615384615384,0.1147592092100238,0.910533834659005,0.9755012632873002,0.9852048976369931
modern_2013_2025,2013,2025,DEF,10,13,0.016683902005079743,0.010503105122876999,0.6153846153846154,-0.001304941965626258,-0.00909681599605805,0.38461538461538464,-0.17828374569463928,0.8614745175816523,0.9755012632873002,0.9852048976369931
modern_2013_2025,2013,2025,DEF,11,13,0.025441803041141187,0.03406778921445186,0.7692307692307693,-0.012417994098940963,-0.014505636416587309,0.38461538461538464,-1.4220537732882064,0.18047886853738634,0.7219154741495454,0.9568880645379865
modern_2013_2025,2013,2025,DEF,12,13,0.003564325900580645,0.007941302747533241,0.6153846153846154,0.0014431843627651802,0.0016175690198936277,0.5384615384615384,0.1801681787338194,0.860027289678072,0.9755012632873002,0.9852048976369931
modern_2013_2025,2013,2025,XLV,1,13,0.011930277857969109,0.014016174162901684,0.6923076923076923,0.0016856307386985403,0.009194931955878616,0.6153846153846154,0.1652334911875619,0.8715111271893772,0.9814354777831152,0.9852048976369931
modern_2013_2025,2013,2025,XLV,2,13,0.0035337701879880356,0.01080845757876836,0.5384615384615384,-0.002810228414885549,-0.002784866126379182,0.38461538461538464,-0.4521100063452083,0.6592534731420938,0.9814354777831152,0.9852048976369931
modern_2013_2025,2013,2025,XLV,3,13,0.01096829775470189,0.006406574535450904,0.6153846153846154,0.006203253523798939,-0.005126021466370867,0.38461538461538464,0.691539547609847,0.5023868821006764,0.9814354777831152,0.9852048976369931
modern_2013_2025,2013,2025,XLV,4,13,0.0077623413134869906,0.01056488021074986,0.5384615384615384,-0.004160474028709534,-0.0011086223614202861,0.46153846153846156,-0.5562197234746302,0.5882825390391714,0.9814354777831152,0.9852048976369931
modern_2013_2025,2013,2025,XLV,5,13,0.007077453673320936,0.016480075310618902,0.7692307692307693,-0.010295227547771738,-0.006430774826144292,0.46153846153846156,-0.9190570949773753,0.37617001971575337,0.9814354777831152,0.9852048976369931
modern_2013_2025,2013,2025,XLV,6,13,0.015612986145804478,0.018240002565472313,0.6923076923076923,0.0016635295807036871,0.0005707314764402671,0.6153846153846154,0.22337764983659092,0.8269990139644628,0.9814354777831152,0.9852048976369931
modern_2013_2025,2013,2025,XLV,7,13,0.02691782450736606,0.02957418143771795,0.8461538461538461,-0.004873439127842669,0.0069848516924755355,0.5384615384615384,-0.5967469169498087,0.5617661412880831,0.9814354777831152,0.9852048976369931
modern_2013_2025,2013,2025,XLV,8,13,0.0034251008315619147,0.017523979466181894,0.5384615384615384,-0.0007441296429559869,0.008968942638998723,0.5384615384615384,-0.11778192518135124,0.9081889505167826,0.9814354777831152,0.9852048976369931
modern_2013_2025,2013,2025,XLV,9,13,-0.009180812745469695,-0.005096283566757953,0.38461538461538464,0.0007698922280476775,-0.005154312350349799,0.46153846153846156,0.09959312499236805,0.9223118140691137,0.9814354777831152,0.9852048976369931
modern_2013_2025,2013,2025,XLV,10,13,0.01164643255461945,0.03650224156743542,0.5384615384615384,-0.006342411416086551,-0.00790402781430699,0.38461538461538464,-0.9494064077990589,0.36114352539722916,0.9814354777831152,0.9852048976369931
modern_2013_2025,2013,2025,XLV,11,13,0.03895531665891343,0.04718597712074257,0.8461538461538461,0.0010955195188312792,-0.006879386651056363,0.38461538461538464,0.09944025904019761,0.9224306327230323,0.9814354777831152,0.9852048976369931
modern_2013_2025,2013,2025,XLV,12,13,0.002284281887276687,0.0071625805665891384,0.5384615384615384,0.00016314034946122242,-0.005488219766448754,0.38461538461538464,0.023758848671141135,0.9814354777831154,0.9814354777831152,0.9852048976369931
modern_2013_2025,2013,2025,XLP,1,13,0.002306757627212954,0.004706887372198487,0.6153846153846154,-0.007937889492057613,-0.0035705091796178756,0.38461538461538464,-0.8289496247678504,0.4233152926797521,0.7996708274691726,0.9852048976369931
modern_2013_2025,2013,2025,XLP,2,13,0.003622242894942216,0.017793942398922846,0.6153846153846154,-0.0027217557079313682,-0.0029807695845572857,0.46153846153846156,-0.349143489777681,0.7330315918467416,0.7996708274691726,0.9852048976369931
modern_2013_2025,2013,2025,XLP,3,13,0.018091798253954298,0.02192974862859276,0.6153846153846154,0.013326754023051347,0.011292796121550763,0.6923076923076923,1.868107825468434,0.08634933307129924,0.5180959984277955,0.7771439976416933
modern_2013_2025,2013,2025,XLP,4,13,0.013189688652405064,0.018591563291556534,0.6923076923076923,0.00126687331020854,0.00106698906535585,0.5384615384615384,0.10766580940845374,0.9160399851509239,0.9160399851509239,0.9852048976369931
modern_2013_2025,2013,2025,XLP,5,13,-0.0034758498982313704,0.008682723632863043,0.6153846153846154,-0.020848531119324047,-0.026208766454111743,0.23076923076923078,-2.654038536926039,0.02102165289052585,0.2522598346863102,0.567584628044198
modern_2013_2025,2013,2025,XLP,6,13,0.006434907609000041,-0.0025326989778434728,0.3076923076923077,-0.007514548956100751,-0.019980596518955673,0.38461538461538464,-0.717745263821921,0.486652768821748,0.7996708274691726,0.9852048976369931
modern_2013_2025,2013,2025,XLP,7,13,0.02117885104777091,0.02200954584601722,0.7692307692307693,-0.010612412587437819,-0.008319846950679999,0.38461538461538464,-1.5081658509690643,0.15738087714915142,0.6295235085966057,0.9442852628949086
modern_2013_2025,2013,2025,XLP,8,13,0.0015880307699953377,0.003920284795355,0.5384615384615384,-0.002581199704522564,-0.007985242945387272,0.38461538461538464,-0.4136011038100132,0.6864620793432538,0.7996708274691726,0.9852048976369931
modern_2013_2025,2013,2025,XLP,9,13,-0.013150991527706764,-0.00714971494450678,0.46153846153846156,-0.003200286554189392,-0.00044447821918291996,0.46153846153846156,-0.4928678347602898,0.6310010285654811,0.7996708274691726,0.9852048976369931
modern_2013_2025,2013,2025,XLP,10,13,0.013025795499337663,-0.004233269018830588,0.46153846153846156,-0.004963048471368337,-0.0037719802656956958,0.46153846153846156,-0.49215381794231894,0.6314909404989242,0.7996708274691726,0.9852048976369931
modern_2013_2025,2013,2025,XLP,11,13,0.027294629441311932,0.03869197601229124,0.7692307692307693,-0.010565167698770216,-0.01287696470938704,0.38461538461538464,-1.1695394715976675,0.2648924145914007,0.7946772437742022,0.9852048976369931
modern_2013_2025,2013,2025,XLP,12,13,0.005648205460784475,0.01651034299607934,0.6153846153846154,0.0035270639229690102,-0.004927918561028255,0.38461538461538464,0.47766890894042385,0.6414687622028268,0.7996708274691726,0.9852048976369931
modern_2013_2025,2013,2025,XLU,1,13,0.01320254924444745,0.023295845246018798,0.6153846153846154,0.002957902125176881,0.0014183881850908797,0.5384615384615384,0.18362194017144826,0.8573762131278911,0.9517406395438269,0.9852048976369931
modern_2013_2025,2013,2025,XLU,2,13,-0.010914571426039217,0.01057764585932608,0.5384615384615384,-0.017258570028912804,-0.0024327831377629616,0.46153846153846156,-1.4026437739310347,0.18606156810460847,0.5983741641986131,0.9568880645379865
modern_2013_2025,2013,2025,XLU,3,13,0.03445457950461634,0.03796542675150505,0.7692307692307693,0.02968953527371339,0.024915620117378245,0.9230769230769231,4.374382917173704,0.0009051897192215668,0.010862276630658802,0.09776048967592921
modern_2013_2025,2013,2025,XLU,4,13,0.013747054075676958,0.01660326425180947,0.7692307692307693,0.0018242387334804339,0.0030825337424367216,0.5384615384615384,0.16404167020769916,0.8724289195818413,0.9517406395438269,0.9852048976369931
modern_2013_2025,2013,2025,XLU,5,13,0.005678741160019933,0.006332152553761405,0.5384615384615384,-0.011693940061072742,-0.006523761388399718,0.3076923076923077,-0.9005308641794042,0.38555416944268756,0.9253300066624501,0.9852048976369931
modern_2013_2025,2013,2025,XLU,6,13,-0.0039046326520428233,0.003747296420888002,0.5384615384615384,-0.017854089217143616,-0.037723183882998335,0.38461538461538464,-1.3579716469061622,0.19945805473287104,0.5983741641986131,0.9791577232340942
modern_2013_2025,2013,2025,XLU,7,13,0.029736587017901998,0.043316354732503504,0.7692307692307693,-0.00205467661730673,-0.007824928107434292,0.46153846153846156,-0.2243117342883955,0.8262885760492675,0.9517406395438269,0.9852048976369931
modern_2013_2025,2013,2025,XLU,8,13,-0.00038405855295878895,0.005273696218677237,0.5384615384615384,-0.0045532890274766905,0.009197072256235339,0.5384615384615384,-0.3576557596980494,0.7268126156468884,0.9517406395438269,0.9852048976369931
modern_2013_2025,2013,2025,XLU,9,13,-0.006007128888053744,0.0036107300225201033,0.5384615384615384,0.003943576085463627,-0.004934484179457854,0.46153846153846156,0.4636799145837381,0.6511749172211975,0.9517406395438269,0.9852048976369931
modern_2013_2025,2013,2025,XLU,10,13,0.025383602457471264,0.019753014319010775,0.8461538461538461,0.007394758486765262,-0.001846383895167114,0.46153846153846156,0.5416336452205499,0.5979838503315552,0.9517406395438269,0.9852048976369931
modern_2013_2025,2013,2025,XLU,11,13,0.009751251200184993,0.011655690501320537,0.6153846153846154,-0.02810854593989716,-0.021840789750466216,0.23076923076923078,-2.656863729255735,0.02091223172869569,0.12547339037217414,0.567584628044198
modern_2013_2025,2013,2025,XLU,12,13,0.0025746649717836192,0.009110224053566762,0.6153846153846154,0.0004535234339681547,0.0038500867614341683,0.5384615384615384,0.03622265219390583,0.9717004180926673,0.9717004180926673,0.9852048976369931
modern_2013_2025,2013,2025,XLK,1,13,0.01321391430918354,0.01906419846930163,0.5384615384615384,0.002969267189912972,0.009506709838647875,0.6153846153846154,0.4839933962630351,0.6371030318845062,0.8723904698881179,0.9852048976369931
modern_2013_2025,2013,2025,XLK,2,13,0.011973869759837582,0.00782295496170815,0.6153846153846154,0.005629871156963997,-0.0015751237184371547,0.46153846153846156,1.0811067063310338,0.30089791947065736,0.7221550067295777,0.9852048976369931
modern_2013_2025,2013,2025,XLK,3,13,0.008938425736650294,0.018366237066847813,0.6923076923076923,0.004173381505747343,-0.004140259307437777,0.38461538461538464,0.49970652654362596,0.6263180613877122,0.8723904698881179,0.9852048976369931
modern_2013_2025,2013,2025,XLK,4,13,0.009153324790510274,0.016902440583338008,0.6923076923076923,-0.002769490551686251,-0.001703000037967195,0.38461538461538464,-0.4592067409964803,0.6542928524160884,0.8723904698881179,0.9852048976369931
modern_2013_2025,2013,2025,XLK,5,13,0.03607274573496359,0.039536606126431506,0.7692307692307693,0.01870006451387092,0.020190295912803524,0.7692307692307693,2.380500006892195,0.03473116968809734,0.41677403625716813,0.6806145220534237
modern_2013_2025,2013,2025,XLK,6,13,0.021281439420807232,0.01868906232181433,0.5384615384615384,0.007331982855706439,-0.00426795119730361,0.38461538461538464,0.8747966308864867,0.39885521228001275,0.7977104245600254,0.9852048976369931
modern_2013_2025,2013,2025,XLK,7,13,0.0396121033518884,0.037267020295807196,0.9230769230769231,0.007820839716679675,0.014460635326853932,0.6153846153846154,1.1600069618594289,0.26860558546265884,0.7221550067295777,0.9852048976369931
modern_2013_2025,2013,2025,XLK,8,13,0.010906880942367522,0.006992503620440571,0.5384615384615384,0.006737650467849619,0.0057596040554489525,0.6923076923076923,1.1386600349464246,0.2770668940964334,0.7221550067295777,0.9852048976369931
modern_2013_2025,2013,2025,XLK,9,13,-0.011016785804961212,-0.00019259716461783594,0.46153846153846156,-0.0010660808314438403,-0.00613810314724994,0.38461538461538464,-0.21281252685923782,0.8350455291338948,0.9852048976369931,0.9852048976369931
modern_2013_2025,2013,2025,XLK,10,13,0.02675617340331589,0.03899148043958034,0.6923076923076923,0.008767329432609886,0.009802681469480046,0.6153846153846154,1.5690056018418868,0.1426262108353853,0.7221550067295777,0.9060959276600947
modern_2013_2025,2013,2025,XLK,11,13,0.037704209388774786,0.044511864191313366,0.8461538461538461,-0.00015558775130736653,0.0034473543016597663,0.6153846153846154,-0.018934046457132425,0.9852048976369931,0.9852048976369931,0.9852048976369931
modern_2013_2025,2013,2025,XLK,12,13,0.002451318586146607,0.007535317725616553,0.6153846153846154,0.0003301770483311424,0.0023261795950682007,0.5384615384615384,0.08515925064185306,0.9335391012216806,0.9852048976369931,0.9852048976369931
modern_2013_2025,2013,2025,XLE,1,13,0.017055169872500338,0.02311464420323661,0.5384615384615384,0.006810522753229771,-0.015975222318236892,0.38461538461538464,0.30241394675319866,0.7675142192555194,0.950141142605572,0.9852048976369931
modern_2013_2025,2013,2025,XLE,2,13,0.008572417378655524,0.023047789643902084,0.6153846153846154,0.00222841877578194,-0.010274534184059547,0.3076923076923077,0.10603421265091008,0.9173071436925155,0.950141142605572,0.9852048976369931
modern_2013_2025,2013,2025,XLE,3,13,0.006115684449685124,0.021281007051209944,0.7692307692307693,0.001350640218782173,0.004153315088772036,0.6153846153846154,0.06384975385175597,0.950141142605572,0.950141142605572,0.9852048976369931
modern_2013_2025,2013,2025,XLE,4,13,0.033722515701724805,0.006726287078306692,0.5384615384615384,0.02179970035952828,0.03089259573122849,0.6153846153846154,0.98348485078666,0.34478308710057304,0.9076656891555314,0.9852048976369931
modern_2013_2025,2013,2025,XLE,5,13,0.0010811537965271106,0.012795156687994469,0.5384615384615384,-0.016291527424565563,-0.027645412767178357,0.3076923076923077,-0.9014121826638629,0.3851041215505037,0.9076656891555314,0.9852048976369931
modern_2013_2025,2013,2025,XLE,6,13,0.006746285781302832,0.0056954194653444645,0.5384615384615384,-0.007203170783797961,-0.002693461594276192,0.38461538461538464,-0.7741358185013265,0.4538328445777657,0.9076656891555314,0.9852048976369931
modern_2013_2025,2013,2025,XLE,7,13,0.00371837416123449,0.015538707023995624,0.5384615384615384,-0.02807288947397424,-0.02122781324201639,0.46153846153846156,-2.0530591090533825,0.06253302242518134,0.7503962691021762,0.7028865867296419
modern_2013_2025,2013,2025,XLE,8,13,-0.012220608043949874,-0.010546836307133378,0.38461538461538464,-0.016389838518467776,-0.01762790860498531,0.46153846153846156,-1.2522894517149732,0.23432155922731598,0.9076656891555314,0.9852048976369931
modern_2013_2025,2013,2025,XLE,9,13,-0.006728173389176375,0.021142511034299982,0.5384615384615384,0.0032225315843409973,-0.003141441768130915,0.46153846153846156,0.1724553059127064,0.8659540100142347,0.950141142605572,0.9852048976369931
modern_2013_2025,2013,2025,XLE,10,13,0.015178449001827308,-0.013543868360503364,0.38461538461538464,-0.0028103949688786933,-0.016135244371872526,0.3076923076923077,-0.171823084028124,0.8664402045382138,0.950141142605572,0.9852048976369931
modern_2013_2025,2013,2025,XLE,11,13,0.027400831091421995,0.012777894345832319,0.6153846153846154,-0.010458966048660154,-0.020153261429312064,0.3076923076923077,-0.5328264208939555,0.6038810996655787,0.950141142605572,0.9852048976369931
modern_2013_2025,2013,2025,XLE,12,13,-0.009732928094098033,0.0007715916475496964,0.5384615384615384,-0.011854069631913497,-0.002965156429628024,0.46153846153846156,-1.100647017708149,0.292639045823158,0.9076656891555314,0.9852048976369931
modern_2013_2025,2013,2025,XLF,1,13,0.011024912898865535,0.0025804044615385102,0.6153846153846154,0.0007802657795949677,0.006118335308416878,0.5384615384615384,0.10362635732376746,0.9191776058735188,0.9787985693246162,0.9852048976369931
modern_2013_2025,2013,2025,XLF,2,13,0.010685568821728707,0.013794481270884784,0.6153846153846154,0.004341570218855122,0.002031208322707867,0.5384615384615384,0.5147362682491723,0.6160858599151636,0.9787985693246162,0.9852048976369931
modern_2013_2025,2013,2025,XLF,3,13,-0.015518439748989647,-0.006160340365158112,0.38461538461538464,-0.0202834839798926,0.0007662768489757887,0.5384615384615384,-1.588505390751342,0.13815736933512998,0.6985371626187954,0.9060959276600947
modern_2013_2025,2013,2025,XLF,4,13,0.011750360091494823,0.0008293603380244985,0.5384615384615384,-0.0001724552507017017,-0.009004651830174959,0.38461538461538464,-0.02713440184051525,0.9787985693246162,0.9787985693246162,0.9852048976369931
modern_2013_2025,2013,2025,XLF,5,13,0.012148732379239243,0.019477646379413738,0.6923076923076923,-0.005223948841853432,-0.00817943061921289,0.38461538461538464,-0.6988986909454575,0.49793790950239497,0.9787985693246162,0.9852048976369931
modern_2013_2025,2013,2025,XLF,6,13,0.0023142157084421297,-0.005228064610539818,0.38461538461538464,-0.011635240856658662,-0.020195519781019744,0.3076923076923077,-1.442921046297674,0.17463429065469885,0.6985371626187954,0.9568880645379865
modern_2013_2025,2013,2025,XLF,7,13,0.032077278901712046,0.034557977057497746,0.7692307692307693,0.00028601526650331787,-0.0010741245449652492,0.46153846153846156,0.047968625728074296,0.9625303589568164,0.9787985693246162,0.9852048976369931
modern_2013_2025,2013,2025,XLF,8,13,0.002655449464622748,0.013595466705751624,0.5384615384615384,-0.0015137810098951533,-0.009657048090923048,0.46153846153846156,-0.24657730372688966,0.8094029567384763,0.9787985693246162,0.9852048976369931
modern_2013_2025,2013,2025,XLF,9,13,-0.009383711781876674,-0.01842481524120776,0.3076923076923077,0.0005669931916406976,0.0032214451095414764,0.5384615384615384,0.08739308512337308,0.9318004877739505,0.9787985693246162,0.9852048976369931
modern_2013_2025,2013,2025,XLF,10,13,0.023891790530337784,0.025595947846686284,0.6923076923076923,0.005902946559631784,0.005050978138756879,0.6923076923076923,0.826470626558672,0.42466564071303353,0.9787985693246162,0.9852048976369931
modern_2013_2025,2013,2025,XLF,11,13,0.057812474720411434,0.044239204273509136,0.9230769230769231,0.019952677580329283,0.01460130711501817,0.8461538461538461,2.030404214835373,0.06508209136385573,0.6985371626187954,0.7028865867296419
modern_2013_2025,2013,2025,XLF,12,13,0.004753798601702313,0.02247658218301951,0.6923076923076923,0.0026326570638868486,0.005423545114356498,0.5384615384615384,0.5172969491443895,0.6143508417760604,0.9787985693246162,0.9852048976369931
modern_2013_2025,2013,2025,XLI,1,13,0.0070249350394468064,-0.004418771430932833,0.46153846153846156,-0.0032197120798237613,-0.0040150693238693025,0.38461538461538464,-0.622198764356525,0.5454522438126013,0.785684972120883,0.9852048976369931
modern_2013_2025,2013,2025,XLI,2,13,0.01793280258678936,0.03912901481453335,0.6153846153846154,0.011588803983915775,0.009447073763758418,0.5384615384615384,2.174185537883982,0.050415890522475824,0.44304971597811016,0.6806145220534237
modern_2013_2025,2013,2025,XLI,3,13,-0.001211086732972484,0.00619111675114814,0.5384615384615384,-0.005976130963875435,-0.003226687339494161,0.46153846153846156,-0.8322362881503594,0.42152937659333256,0.785684972120883,0.9852048976369931
modern_2013_2025,2013,2025,XLI,4,13,0.003767763845213729,0.0011445827057459113,0.5384615384615384,-0.008155051496982795,-0.001134472250982288,0.46153846153846156,-1.583367919734387,0.1393227883911518,0.5572911535646072,0.9060959276600947
modern_2013_2025,2013,2025,XLI,5,13,0.01494895853110247,0.01778727249932799,0.6923076923076923,-0.002423722689990206,-0.003972216916872107,0.46153846153846156,-0.4185682749768255,0.6829255633587537,0.8195106760305044,0.9852048976369931
modern_2013_2025,2013,2025,XLI,6,13,0.0069755993990833634,0.0047486791559001595,0.5384615384615384,-0.006973857166017428,-0.002095818840182395,0.46153846153846156,-0.9694729521257336,0.3514443926701315,0.785684972120883,0.9852048976369931
modern_2013_2025,2013,2025,XLI,7,13,0.030460953627548474,0.030436513406762344,0.9230769230769231,-0.001330310007660254,-0.0038477230860924916,0.38461538461538464,-0.23857947574598715,0.8154572671462629,0.8710662655982255,0.9852048976369931
modern_2013_2025,2013,2025,XLI,8,13,0.0020638764493176973,0.002195700178414084,0.5384615384615384,-0.0021053540252002046,0.002790078259377937,0.5384615384615384,-0.5547388468137328,0.5892637290906623,0.785684972120883,0.9852048976369931
modern_2013_2025,2013,2025,XLI,9,13,-0.0044792505064758644,0.0018614384699700004,0.5384615384615384,0.005471454467041508,0.003475713083595622,0.6923076923076923,1.2346652702052663,0.24058585724890624,0.7217575717467187,0.9852048976369931
modern_2013_2025,2013,2025,XLI,10,13,0.016957931104363208,0.007464740681316195,0.6153846153846154,-0.0010309128663427915,-0.0027042113085893327,0.38461538461538464,-0.16581126789222958,0.8710662655982255,0.8710662655982255,0.9852048976369931
modern_2013_2025,2013,2025,XLI,11,13,0.049989302490672585,0.04166058588076926,0.8461538461538461,0.012129505350590439,0.008763702304134924,0.7692307692307693,1.9583741024419705,0.07384161932968503,0.44304971597811016,0.7249904443278166
modern_2013_2025,2013,2025,XLI,12,13,-0.002382928814466898,0.003060703104596163,0.5384615384615384,-0.004504070352282363,0.002321283042321376,0.5384615384615384,-0.6605118830216294,0.5214034307528421,0.785684972120883,0.9852048976369931
expanded_1999_2025,1999,2025,SPY,1,27,0.002068294673690054,0.015040359943390147,0.5185185185185185,0.0,0.0,0.0,,,,
expanded_1999_2025,1999,2025,SPY,2,27,-0.0035184122413321906,-0.0008259456719160729,0.48148148148148145,0.0,0.0,0.0,,,,
expanded_1999_2025,1999,2025,SPY,3,27,0.01273292390073452,0.0165038404358826,0.7037037037037037,0.0,0.0,0.0,,,,
expanded_1999_2025,1999,2025,SPY,4,27,0.017547449362146122,0.012632011212583727,0.7037037037037037,0.0,0.0,0.0,,,,
expanded_1999_2025,1999,2025,SPY,5,27,0.007649828633875471,0.01411280249216329,0.6666666666666666,0.0,0.0,0.0,,,,
expanded_1999_2025,1999,2025,SPY,6,27,0.0024134153988466358,0.005750901545812148,0.6296296296296297,0.0,0.0,0.0,,,,
expanded_1999_2025,1999,2025,SPY,7,27,0.014834450030358671,0.01802716500522683,0.6666666666666666,0.0,0.0,0.0,,,,
expanded_1999_2025,1999,2025,SPY,8,27,0.003246782893184244,0.006801714048496388,0.6296296296296297,0.0,0.0,0.0,,,,
expanded_1999_2025,1999,2025,SPY,9,27,-0.01234814450110016,5.802878359184582e-05,0.5185185185185185,0.0,0.0,0.0,,,,
expanded_1999_2025,1999,2025,SPY,10,27,0.015597862235606639,0.02210442043177574,0.6296296296296297,0.0,0.0,0.0,,,,
expanded_1999_2025,1999,2025,SPY,11,27,0.02399907157890804,0.027472229643493495,0.7777777777777778,0.0,0.0,0.0,,,,
expanded_1999_2025,1999,2025,SPY,12,27,0.008307076487796638,0.01044843246305649,0.6666666666666666,0.0,0.0,0.0,,,,
expanded_1999_2025,1999,2025,QQQ,1,26,0.009003692735784967,0.017461014285670817,0.6153846153846154,0.008210656327477464,0.009424188385782462,0.6538461538461539,1.4078315728382316,0.17149471159288648,0.6801085289278256,0.9637727561708668
expanded_1999_2025,1999,2025,QQQ,2,26,-0.0035815878727327977,-0.004205577772233515,0.4230769230769231,-0.0011612368088527382,-0.00092840442206088,0.5,-0.09740568578820694,0.9231809544646485,0.9231809544646485,0.9854740541291697
expanded_1999_2025,1999,2025,QQQ,3,26,0.009425722575151148,0.017945524029361115,0.6538461538461539,-0.0022020195332301605,0.0010449695252148228,0.5384615384615384,-0.3126322650857524,0.7571530507983203,0.9085836609579843,0.9637727561708668
expanded_1999_2025,1999,2025,QQQ,4,27,0.015203350236803715,0.019223157019815806,0.6296296296296297,-0.002344099125342408,-0.00010978975942310676,0.48148148148148145,-0.3515029055741487,0.7280437905983222,0.9085836609579843,0.9637727561708668
expanded_1999_2025,1999,2025,QQQ,5,27,0.011537015751278412,0.03208900797850833,0.5925925925925926,0.003887187117402941,0.009628668181715927,0.5555555555555556,0.552606285965473,0.5852530715803516,0.9085836609579843,0.9637727561708668
expanded_1999_2025,1999,2025,QQQ,6,27,0.010088007843636468,0.011450261203177048,0.5925925925925926,0.007674592444789831,-0.0017611990298709301,0.48148148148148145,1.2382087187968855,0.22670284297594187,0.6801085289278256,0.9637727561708668
expanded_1999_2025,1999,2025,QQQ,7,27,0.019716530234350445,0.024236967792024444,0.7037037037037037,0.004882080203991773,0.0097819972389801,0.7037037037037037,0.8828872772754582,0.38538777827916043,0.8644109655406504,0.9637727561708668
expanded_1999_2025,1999,2025,QQQ,8,27,0.010069792209494176,0.011038667246205947,0.5925925925925926,0.006823009316309932,0.0042861858067421155,0.5555555555555556,1.287108885648514,0.20939746370343923,0.6801085289278256,0.9637727561708668
expanded_1999_2025,1999,2025,QQQ,9,27,-0.017782304712031665,-0.002815985987780212,0.48148148148148145,-0.005434160210931505,0.0034432265204191737,0.5185185185185185,-0.7978133569174267,0.4322054827703252,0.8644109655406504,0.9637727561708668
expanded_1999_2025,1999,2025,QQQ,10,27,0.030402475139865996,0.04606362799677988,0.6296296296296297,0.014804612904259355,0.008700259047924819,0.7407407407407407,1.788751732616887,0.08531370442181722,0.6801085289278256,0.9637727561708668
expanded_1999_2025,1999,2025,QQQ,11,27,0.02582393668202243,0.03428828805835549,0.7407407407407407,0.00182486510311439,0.0024335602449669924,0.5555555555555556,0.20691408175512552,0.8376889082137688,0.9138424453241114,0.9774840015985353
expanded_1999_2025,1999,2025,QQQ,12,27,0.005577726957149503,0.004540339984500763,0.5185185185185185,-0.0027293495306471354,-0.007496744952138257,0.4444444444444444,-0.3182468743373884,0.7528399334284726,0.9085836609579843,0.9637727561708668
expanded_1999_2025,1999,2025,DEF,1,27,-0.00021754065513473412,0.0004891879645672059,0.5185185185185185,-0.0022858353288247877,0.0006827289288280358,0.5185185185185185,-0.36446784114216374,0.7184562915322813,0.937989698503645,0.9637727561708668
expanded_1999_2025,1999,2025,DEF,2,27,-0.005946816569534071,0.006634583841812258,0.6296296296296297,-0.0024284043282018805,-0.002172234348107427,0.4444444444444444,-0.3629714409950197,0.7195605145827347,0.937989698503645,0.9637727561708668
expanded_1999_2025,1999,2025,DEF,3,27,0.01746496164895172,0.019530303975862973,0.6296296296296297,0.004732037748217198,0.007941100820728852,0.7037037037037037,0.9644066431511363,0.3437270680984295,0.937989698503645,0.9637727561708668
expanded_1999_2025,1999,2025,DEF,4,27,0.01618554897424988,0.017840150886158535,0.6666666666666666,-0.001361900387896244,-0.0029178459220668973,0.48148148148148145,-0.2102879231186777,0.8350822422170323,0.937989698503645,0.9774840015985353
expanded_1999_2025,1999,2025,DEF,5,27,0.006648023002004461,0.011775132736644212,0.6296296296296297,-0.0010018056318710099,0.002095285867913743,0.5185185185185185,-0.17835852161930973,0.8598238902950079,0.937989698503645,0.9774840015985353
expanded_1999_2025,1999,2025,DEF,6,27,0.0012917642548554349,0.0030640301594928587,0.5555555555555556,-0.001121651143991201,-0.005790970521160843,0.48148148148148145,-0.21125669284237622,0.8343341132296959,0.937989698503645,0.9774840015985353
expanded_1999_2025,1999,2025,DEF,7,27,0.011427045230571229,0.013232692655646083,0.7037037037037037,-0.0034074047997874426,0.0011737472532518112,0.5185185185185185,-0.868906280878455,0.3928489015524791,0.937989698503645,0.9637727561708668
expanded_1999_2025,1999,2025,DEF,8,27,0.0034537512281345123,0.013132237400369284,0.5925925925925926,0.0002069683349502679,0.0031331211583847107,0.5185185185185185,0.04006926296248226,0.9683440123789685,0.9683440123789685,0.9854740541291697
expanded_1999_2025,1999,2025,DEF,9,27,-0.006394806043813718,-0.0027212590592806674,0.48148148148148145,0.005953338457286443,0.0002608304687383711,0.5185185185185185,1.127301462302899,0.2699115575197775,0.937989698503645,0.9637727561708668
expanded_1999_2025,1999,2025,DEF,10,27,0.01167295947839615,0.01300760443571769,0.6296296296296297,-0.00392490275721049,-0.00909681599605805,0.37037037037037035,-0.6836291482815475,0.5002570797342232,0.937989698503645,0.9637727561708668
expanded_1999_2025,1999,2025,DEF,11,27,0.017489346577710847,0.014819594416688897,0.7037037037037037,-0.006509725001197192,-0.014169672099835662,0.37037037037037035,-1.0032065208295955,0.3250070633835357,0.937989698503645,0.9637727561708668
expanded_1999_2025,1999,2025,DEF,12,27,0.010160368767794112,0.014737105921286187,0.6666666666666666,0.001853292279997474,0.004394178001050353,0.5925925925925926,0.357204994584786,0.7238214659067467,0.937989698503645,0.9637727561708668
expanded_1999_2025,1999,2025,XLV,1,27,0.009850378753022238,0.012925466827640841,0.6296296296296297,0.007782084079332185,0.012851692663275127,0.6666666666666666,1.3137501325743839,0.20040511387892398,0.8016204555156959,0.9637727561708668
expanded_1999_2025,1999,2025,XLV,2,27,-0.0033192920191359894,0.0038369663005772825,0.5555555555555556,0.0001991202221962009,-0.002919601064272914,0.37037037037037035,0.03559517598854827,0.9718770355426112,0.9946753748946501,0.9854740541291697
expanded_1999_2025,1999,2025,XLV,3,27,0.012391399954123116,0.018086156863088565,0.6296296296296297,-0.00034152394661140443,-0.006964942945187902,0.37037037037037035,-0.06308997272621718,0.9501773952888166,0.9946753748946501,0.9854740541291697
expanded_1999_2025,1999,2025,XLV,4,27,0.013522576448087043,0.01056488021074986,0.5555555555555556,-0.00402487291405908,-0.0011086223614202861,0.48148148148148145,-0.5438567391617743,0.5911736349820783,0.9946753748946501,0.9637727561708668
expanded_1999_2025,1999,2025,XLV,5,27,0.004573765376189242,0.014890012516784568,0.6666666666666666,-0.0030760632576862295,0.003943233871097185,0.5185185185185185,-0.4896898429290078,0.6284597600131934,0.9946753748946501,0.9637727561708668
expanded_1999_2025,1999,2025,XLV,6,27,0.006563599455476786,0.0021186467072282777,0.5555555555555556,0.0041501840566301506,0.0022770130565792357,0.5925925925925926,0.910884394988744,0.370724411075447,0.9946753748946501,0.9637727561708668
expanded_1999_2025,1999,2025,XLV,7,27,0.011290735773672891,0.010698326380705891,0.6296296296296297,-0.0035437142566857797,-0.0043300819271172575,0.4444444444444444,-0.6048464399533932,0.5505238628605875,0.9946753748946501,0.9637727561708668
expanded_1999_2025,1999,2025,XLV,8,27,0.001583675021477933,0.011722084080876272,0.5555555555555556,-0.0016631078717063111,0.005908219099515444,0.5925925925925926,-0.36359788755413325,0.7190981718101378,0.9946753748946501,0.9637727561708668
expanded_1999_2025,1999,2025,XLV,9,27,-0.012383119584101017,-0.005541624228600495,0.4074074074074074,-3.4975083000856035e-05,0.0004270594247015591,0.5185185185185185,-0.006737941984815648,0.9946753748946501,0.9946753748946501,0.9946753748946501
expanded_1999_2025,1999,2025,XLV,10,27,0.00735326129230937,0.006832026483104103,0.5925925925925926,-0.008244600943297268,-0.007916642408220875,0.3333333333333333,-1.6835058605102438,0.10424820864363017,0.8016204555156959,0.9637727561708668
expanded_1999_2025,1999,2025,XLV,11,27,0.02423390432524238,0.020635769916165225,0.7777777777777778,0.00023483274633433963,-0.005004530091994086,0.4074074074074074,0.036840539608026045,0.9708935555277222,0.9946753748946501,0.9854740541291697
expanded_1999_2025,1999,2025,XLV,12,27,0.015374738944055812,0.01722908219135455,0.6666666666666666,0.007067662456259173,0.0009300616429357422,0.5185185185185185,1.5084124681566937,0.14350566785075786,0.8016204555156959,0.9637727561708668
expanded_1999_2025,1999,2025,XLP,1,27,-0.008187648370917126,-0.0066927010433629475,0.4444444444444444,-0.01025594304460718,-0.0035705091796178756,0.4444444444444444,-1.3597434464447415,0.18558701077495093,0.827481659338623,0.9637727561708668
expanded_1999_2025,1999,2025,XLP,2,27,-0.0007527904181612434,0.006042193942030316,0.5555555555555556,0.002765621823170947,0.0019531728562479644,0.5555555555555556,0.3861334942887174,0.7025395702584246,0.827481659338623,0.9637727561708668
expanded_1999_2025,1999,2025,XLP,3,27,0.014525314394243719,0.017813333953181187,0.6666666666666666,0.0017923904935091982,0.0005040398483242559,0.5185185185185185,0.33249417528714015,0.7421820683323391,0.827481659338623,0.9637727561708668
expanded_1999_2025,1999,2025,XLP,4,27,0.0119571932545131,0.013111991042316973,0.6666666666666666,-0.005590256107633023,-0.0028865206445489733,0.48148148148148145,-0.6579275864293248,0.5163681569194642,0.827481659338623,0.9637727561708668
expanded_1999_2025,1999,2025,XLP,5,27,0.005556284404131251,0.012220471505447694,0.6296296296296297,-0.0020935442297442203,-0.0052085202017083665,0.4074074074074074,-0.3178439170537376,0.7531421084534633,0.827481659338623,0.9637727561708668
expanded_1999_2025,1999,2025,XLP,6,27,-0.0024671850383891267,-0.0025326989778434728,0.4074074074074074,-0.004880600437235762,-0.00977808408371672,0.37037037037037035,-0.8403900363680408,0.4083519032728756,0.827481659338623,0.9637727561708668
expanded_1999_2025,1999,2025,XLP,7,27,0.01179929708010515,0.021302435400012865,0.6296296296296297,-0.003035152950253522,-0.0061731643466733654,0.4444444444444444,-0.6629951730879481,0.5131691338054285,0.827481659338623,0.9637727561708668
expanded_1999_2025,1999,2025,XLP,8,27,0.005024620495702493,0.007980819154421503,0.6296296296296297,0.0017778376025182495,0.0011791051059251156,0.5185185185185185,0.31067477119918574,0.7585248543937377,0.827481659338623,0.9637727561708668
expanded_1999_2025,1999,2025,XLP,9,27,-0.007239518222057611,-0.0012056812105811776,0.4444444444444444,0.005108626279042549,0.003926623819705322,0.5185185185185185,0.6844511087356747,0.4997465267342815,0.827481659338623,0.9637727561708668
expanded_1999_2025,1999,2025,XLP,10,27,0.014716720598600042,0.015367746077339373,0.5925925925925926,-0.0008811416370065966,-0.0037719802656956958,0.48148148148148145,-0.13054869370873232,0.89713718252933,0.8971371825293298,0.9786951082138146
expanded_1999_2025,1999,2025,XLP,11,27,0.019948701366798067,0.022723370884157656,0.7407407407407407,-0.004050370212109974,-0.013504412113782838,0.4074074074074074,-0.48800016255560186,0.6296398862187907,0.827481659338623,0.9637727561708668
expanded_1999_2025,1999,2025,XLP,12,27,0.005275129202312278,0.006898936249746246,0.6296296296296297,-0.0030319472854843602,-0.004927918561028255,0.4444444444444444,-0.4315521804616724,0.6696243861135787,0.827481659338623,0.9637727561708668
expanded_1999_2025,1999,2025,XLU,1,27,-0.002649789721329898,-0.0035401210005652217,0.4444444444444444,-0.004718084395019952,-0.0036522589941483385,0.48148148148148145,-0.46780694000652695,0.6438202668081167,0.9367213181354778,0.9637727561708668
expanded_1999_2025,1999,2025,XLU,2,27,-0.014084867460928059,0.006055404913974272,0.5185185185185185,-0.010566455219595868,-0.0024327831377629616,0.48148148148148145,-1.1342500367931487,0.2670395088367454,0.8011185265102361,0.9637727561708668
expanded_1999_2025,1999,2025,XLU,3,27,0.024922976989801903,0.02690595484294933,0.7777777777777778,0.012190053089067383,0.0200498368284987,0.7777777777777778,1.567689731582396,0.12904502983993732,0.7643224737927917,0.9637727561708668
expanded_1999_2025,1999,2025,XLU,4,27,0.022786365149633444,0.020383942425142854,0.8148148148148148,0.005238915787487323,0.0034714132253252927,0.6296296296296297,0.6533701746974486,0.5192544429487096,0.9367213181354778,0.9637727561708668
expanded_1999_2025,1999,2025,XLU,5,27,0.009578208454553894,0.0070121513131828905,0.6296296296296297,0.001928379820678423,-0.0019354936921367472,0.48148148148148145,0.2472399787129598,0.8066644392322828,0.9367213181354778,0.9774840015985353
expanded_1999_2025,1999,2025,XLU,6,27,-0.0005993936949393402,0.003747296420888002,0.5185185185185185,-0.003012809093785976,0.0005303860638905533,0.5185185185185185,-0.35508210862966894,0.7253924052283257,0.9367213181354778,0.9637727561708668
expanded_1999_2025,1999,2025,XLU,7,27,0.010798318033648325,0.02249705591244955,0.6666666666666666,-0.004036131996710346,0.0012070336844945961,0.5185185185185185,-0.5639321847952261,0.5776327354961248,0.9367213181354778,0.9637727561708668
expanded_1999_2025,1999,2025,XLU,8,27,0.0034909618931600298,0.012881303847312786,0.6296296296296297,0.00024417899997578556,0.005659659527971206,0.5555555555555556,0.02993272555026105,0.9763492943687144,0.9763492943687145,0.9854740541291697
expanded_1999_2025,1999,2025,XLU,9,27,0.000659446501125281,0.010813344954558213,0.6296296296296297,0.013007591002225441,-0.003689926076918093,0.4444444444444444,1.3423695655869239,0.19108061844819793,0.7643224737927917,0.9637727561708668
expanded_1999_2025,1999,2025,XLU,10,27,0.012153295816318525,0.014014930000355807,0.7407407407407407,-0.0034445664192881134,-0.002165569801709122,0.4444444444444444,-0.3472285482056733,0.7312146465446058,0.9367213181354778,0.9637727561708668
expanded_1999_2025,1999,2025,XLU,11,27,0.007984091867333303,0.007374032252279061,0.5925925925925926,-0.016014979711574735,-0.01581653914217296,0.3333333333333333,-1.7564303236332965,0.09078897704101248,0.7643224737927917,0.9637727561708668
expanded_1999_2025,1999,2025,XLU,12,27,0.009732685949762497,0.009110224053566762,0.6296296296296297,0.001425609461965859,0.0038500867614341683,0.5185185185185185,0.1798544994847031,0.8586612082908546,0.9367213181354778,0.9774840015985353
expanded_1999_2025,1999,2025,XLK,1,27,0.011063027754147971,0.01906419846930163,0.5185185185185185,0.008994733080457918,0.008458608584676508,0.6296296296296297,1.0539920821208086,0.3015833124896505,0.6063472675717435,0.9637727561708668
expanded_1999_2025,1999,2025,XLK,2,27,-0.008112994693152964,0.0023143165001198174,0.5555555555555556,-0.004594582451820773,-0.004935797633595085,0.4074074074074074,-0.46766550485678804,0.6439200815969357,0.7727962116453834,0.9637727561708668
expanded_1999_2025,1999,2025,XLK,3,27,0.014886395317404613,0.018366237066847813,0.6666666666666666,0.002153471416670093,-0.0016282516911354517,0.4444444444444444,0.42363014475141986,0.6753196832725447,0.7727962116453834,0.9637727561708668
expanded_1999_2025,1999,2025,XLK,4,27,0.011864896026947111,0.012554007175702209,0.6296296296296297,-0.0056825533351990126,-0.00291614784785188,0.37037037037037035,-1.05045848024782,0.30317363378587175,0.6063472675717435,0.9637727561708668
expanded_1999_2025,1999,2025,XLK,5,27,0.01501550198586625,0.027921732956008416,0.6296296296296297,0.007365673351990779,0.014379008174420171,0.6666666666666666,1.094461502881627,0.28378861233438174,0.6063472675717435,0.9637727561708668
expanded_1999_2025,1999,2025,XLK,6,27,0.010002428951511584,0.007079409921233237,0.5185185185185185,0.007589013552664947,-0.0035721972339346486,0.4074074074074074,1.253465239538635,0.22119130397169356,0.6063472675717435,0.9637727561708668
expanded_1999_2025,1999,2025,XLK,7,27,0.016288273643863843,0.02582538965376746,0.6666666666666666,0.0014538236135051706,0.006617731623937528,0.5925925925925926,0.29174569122514976,0.7727962116453834,0.7727962116453834,0.9704882657872257
expanded_1999_2025,1999,2025,XLK,8,27,0.00735430971452492,0.011625217805396382,0.5555555555555556,0.004107526821340675,0.0024436989311764634,0.6296296296296297,0.7926263898316918,0.43516884799896816,0.7304501262556462,0.9637727561708668
expanded_1999_2025,1999,2025,XLK,9,27,-0.019765932236636433,-0.00019259716461783594,0.48148148148148145,-0.007417787735536273,-0.0037289550900112545,0.4444444444444444,-1.0836549701551859,0.2884651051397984,0.6063472675717435,0.9637727561708668
expanded_1999_2025,1999,2025,XLK,10,27,0.02915233088500881,0.03954536172680734,0.6666666666666666,0.013554468649402171,0.008028436081172874,0.6666666666666666,1.6577608292921762,0.10938450226182202,0.6063472675717435,0.9637727561708668
expanded_1999_2025,1999,2025,XLK,11,27,0.02672411541709951,0.03090613136368603,0.7407407407407407,0.00272504383819147,0.0033498544939549735,0.5925925925925926,0.3197791134553423,0.7516912837250704,0.7727962116453834,0.9637727561708668
expanded_1999_2025,1999,2025,XLK,12,27,0.003620576955947217,0.007535317725616553,0.5555555555555556,-0.004686499531849421,-0.0039551147916669915,0.4074074074074074,-0.705182464116289,0.48696675083709745,0.7304501262556462,0.9637727561708668
expanded_1999_2025,1999,2025,XLE,1,27,0.006466476436454355,-0.0051286344125853756,0.48148148148148145,0.0043981817627643015,-0.007684924504877677,0.4074074074074074,0.32459940144773447,0.7480815409933778,0.9346592631163412,0.9637727561708668
expanded_1999_2025,1999,2025,XLE,2,27,0.013030706494442058,0.029398384159680768,0.5925925925925926,0.01654911873577425,-0.0008685947760636026,0.48148148148148145,1.2497042904791513,0.22254044877696827,0.8901617951078732,0.9637727561708668
expanded_1999_2025,1999,2025,XLE,3,27,0.018827995058418506,0.021281007051209944,0.7037037037037037,0.006095071157683986,0.006994612010605361,0.5925925925925926,0.5231018594721127,0.6053332531900947,0.9346592631163412,0.9637727561708668
expanded_1999_2025,1999,2025,XLE,4,27,0.03408956299374116,0.017041442555463027,0.5925925925925926,0.01654211363159505,0.02019557130665739,0.6296296296296297,1.3453661198356215,0.19012416967089166,0.8901617951078732,0.9637727561708668
expanded_1999_2025,1999,2025,XLE,5,27,0.006723345572566478,-0.003016219919904528,0.48148148148148145,-0.0009264830613089934,-0.006458536927876235,0.4074074074074074,-0.08278157048258174,0.9346592631163412,0.9346592631163412,0.9854740541291697
expanded_1999_2025,1999,2025,XLE,6,27,0.0006949542715158538,0.0056954194653444645,0.5185185185185185,-0.001718461127330782,-0.002351227956622459,0.4444444444444444,-0.19812328936337925,0.8444895598763792,0.9346592631163412,0.9774840015985353
expanded_1999_2025,1999,2025,XLE,7,27,0.0007838926030356194,0.015538707023995624,0.5925925925925926,-0.014050557427323052,0.0009412141316973432,0.5185185185185185,-1.3485709224379974,0.18910538616117883,0.8901617951078732,0.9637727561708668
expanded_1999_2025,1999,2025,XLE,8,27,-0.0037962520000418636,0.0033600470428145623,0.5185185185185185,-0.007043034893226108,-0.0008042830896093367,0.48148148148148145,-0.8579280002192624,0.3987721087435932,0.9346592631163412,0.9637727561708668
expanded_1999_2025,1999,2025,XLE,9,27,-0.007827114699670313,0.016441140221286066,0.5185185185185185,0.004521029801429848,0.005807698033896358,0.5185185185185185,0.40751607929100636,0.6869649982274542,0.9346592631163412,0.9637727561708668
expanded_1999_2025,1999,2025,XLE,10,27,0.010067832993509699,0.006011648244288237,0.5185185185185185,-0.005530029242096939,-0.010845954237673316,0.37037037037037035,-0.5585242605536157,0.5812651480439718,0.9346592631163412,0.9637727561708668
expanded_1999_2025,1999,2025,XLE,11,27,0.018184130125790152,0.012777894345832319,0.5925925925925926,-0.005814941453117887,-0.01304254872228916,0.37037037037037035,-0.505025739976897,0.6177949201630264,0.9346592631163412,0.9637727561708668
expanded_1999_2025,1999,2025,XLE,12,27,0.009707567618694438,0.008804988504962363,0.6296296296296297,0.0014004911308978004,0.0004292688391205335,0.5185185185185185,0.14508947028940908,0.8857591464040008,0.9346592631163412,0.9786951082138146
expanded_1999_2025,1999,2025,XLF,1,27,-0.0009816572102833195,0.0025804044615385102,0.5555555555555556,-0.003049951883973373,0.0049132286133146685,0.5555555555555556,-0.35874519625387846,0.7226824838803025,0.8951162644424374,0.9637727561708668
expanded_1999_2025,1999,2025,XLF,2,27,-0.008657238092207387,0.012082851623984814,0.5185185185185185,-0.005138825850875196,0.0006292696459087033,0.5185185185185185,-0.712664956792924,0.48240046892622,0.8951162644424374,0.9637727561708668
expanded_1999_2025,1999,2025,XLF,3,27,0.009934100855607671,-0.00472806593163444,0.4444444444444444,-0.0027988230451268504,0.0007662768489757887,0.5185185185185185,-0.32529768499744494,0.7475591034156607,0.8951162644424374,0.9637727561708668
expanded_1999_2025,1999,2025,XLF,4,27,0.02542143332360411,0.01316587902145927,0.6296296296296297,0.007873983961457985,-0.0014658015306806549,0.48148148148148145,1.193044975914523,0.24362556116736253,0.8951162644424374,0.9637727561708668
expanded_1999_2025,1999,2025,XLF,5,27,0.003648146071157537,0.018876067271254904,0.5925925925925926,-0.004001682562717934,-0.007963668131383383,0.3333333333333333,-0.6167167346536874,0.5427846002578095,0.8951162644424374,0.9637727561708668
expanded_1999_2025,1999,2025,XLF,6,27,-0.01021198804181723,-0.0071563161313881185,0.37037037037037035,-0.012625403440663865,-0.010583604062220586,0.2962962962962963,-2.1825462645613296,0.03829357593337487,0.4595229112004984,0.9637727561708668
expanded_1999_2025,1999,2025,XLF,7,27,0.018834995449955306,0.023550651974762582,0.6666666666666666,0.004000545419596635,-0.0010741245449652492,0.48148148148148145,0.6288920770634577,0.5349064719854133,0.8951162644424374,0.9637727561708668
expanded_1999_2025,1999,2025,XLF,8,27,0.0024768866968407593,0.011789911249794782,0.5185185185185185,-0.000769896196343485,-0.006996526026973426,0.4444444444444444,-0.13361362883402497,0.8947369479699109,0.8951162644424374,0.9786951082138146
expanded_1999_2025,1999,2025,XLF,9,27,-0.011649634394117703,-0.005589091838968163,0.4444444444444444,0.0006985101069824578,0.0005324508148087936,0.5185185185185185,0.13312918178241862,0.8951162644424374,0.8951162644424374,0.9786951082138146
expanded_1999_2025,1999,2025,XLF,10,27,0.020172728143350274,0.02339701080407397,0.6666666666666666,0.0045748659077436355,0.002895664245384122,0.5555555555555556,0.7121253596899023,0.4827289384430379,0.8951162644424374,0.9637727561708668
expanded_1999_2025,1999,2025,XLF,11,27,0.020432554578687444,0.026255622625483532,0.6666666666666666,-0.0035665170002205965,-0.003982501779020042,0.48148148148148145,-0.45399626979306223,0.6535986942812064,0.8951162644424374,0.9637727561708668
expanded_1999_2025,1999,2025,XLF,12,27,0.011823992711312,0.021332371590320642,0.7037037037037037,0.003516916223515362,0.005423545114356498,0.5925925925925926,0.5779189360298612,0.5682908645555519,0.8951162644424374,0.9637727561708668
expanded_1999_2025,1999,2025,XLI,1,27,-0.006894417224353285,-0.00965003358767158,0.4444444444444444,-0.00896271189804334,-0.005896441553016718,0.37037037037037035,-1.9960160688613937,0.056505947289523545,0.33903568373714127,0.9637727561708668
expanded_1999_2025,1999,2025,XLI,2,27,0.0026909906055482516,0.011589352288497334,0.5555555555555556,0.006209402846880442,0.00557273297276295,0.5185185185185185,1.237862494584207,0.22682911208932383,0.6398080397885114,0.9637727561708668
expanded_1999_2025,1999,2025,XLI,3,27,0.013687250953179035,0.010625600831901894,0.6666666666666666,0.0009543270524445155,0.001013218787487391,0.5555555555555556,0.1926668595808231,0.8487169287954196,0.9134529207032648,0.9774840015985353
expanded_1999_2025,1999,2025,XLI,4,27,0.024724426611325213,0.0144463915432671,0.6296296296296297,0.007176977249179091,0.005070078782483889,0.5555555555555556,1.123214954796632,0.27161106926199063,0.6398080397885114,0.9637727561708668
expanded_1999_2025,1999,2025,XLI,5,27,0.007231526474210885,0.016375929001974043,0.6296296296296297,-0.0004183021596645861,-0.0005059866438124061,0.48148148148148145,-0.10974675436895345,0.9134529207032649,0.9134529207032648,0.9854740541291697
expanded_1999_2025,1999,2025,XLI,6,27,-0.004924316547067635,-0.00545763874295202,0.4444444444444444,-0.007337731945914271,-0.00389306092724917,0.4444444444444444,-1.472499243482633,0.1528891871281935,0.611556748512774,0.9637727561708668
expanded_1999_2025,1999,2025,XLI,7,27,0.016550428914277007,0.009477953344686707,0.7407407407407407,0.0017159788839183363,0.00294345764440318,0.5185185185185185,0.35720083570711486,0.7238245422825509,0.9134529207032648,0.9637727561708668
expanded_1999_2025,1999,2025,XLI,8,27,0.0024865338281438794,0.002195700178414084,0.5925925925925926,-0.000760249065040365,-0.000722054990157428,0.48148148148148145,-0.2479793448198858,0.8060984404265776,0.9134529207032648,0.9774840015985353
expanded_1999_2025,1999,2025,XLI,9,27,-0.010626673004909546,0.0018614384699700004,0.5185185185185185,0.0017214714961906144,0.0086647440292702,0.6296296296296297,0.4166244498559526,0.6803726682595147,0.9134529207032648,0.9637727561708668
expanded_1999_2025,1999,2025,XLI,10,27,0.011492570072286743,0.010218287170716822,0.5925925925925926,-0.004105292163319896,-0.0027042113085893327,0.4074074074074074,-0.8109890560212224,0.4247339058594488,0.7281152671876265,0.9637727561708668
expanded_1999_2025,1999,2025,XLI,11,27,0.03457020306019974,0.036610440408981315,0.7777777777777778,0.010571131481291698,0.011094848213453412,0.7777777777777778,2.6881702492965283,0.012367390414711672,0.14840868497654006,0.9637727561708668
expanded_1999_2025,1999,2025,XLI,12,27,0.012609927057771827,0.012761293470487933,0.7037037037037037,0.004302850569975188,0.007914673414118,0.6296296296296297,1.0140481932455523,0.3199040198942557,0.6398080397885114,0.9637727561708668
pre_modern_1999_2012,1999,2012,SPY,1,14,-0.005524032597206138,0.002620929100338232,0.5,0.0,0.0,0.0,,,,
pre_modern_1999_2012,1999,2012,SPY,2,14,-0.012676365168094696,-0.0143524128651073,0.42857142857142855,0.0,0.0,0.0,,,,
pre_modern_1999_2012,1999,2012,SPY,3,14,0.020131669308435265,0.01404652179550836,0.7142857142857143,0.0,0.0,0.0,,,,
pre_modern_1999_2012,1999,2012,SPY,4,14,0.02277032380924218,0.02221565185195795,0.6428571428571429,0.0,0.0,0.0,,,,
pre_modern_1999_2012,1999,2012,SPY,5,14,-0.0013785344828262183,-0.005769567916245111,0.42857142857142855,0.0,0.0,0.0,,,,
pre_modern_1999_2012,1999,2012,SPY,6,14,-0.008298622826960795,0.00043007104895309567,0.5,0.0,0.0,0.0,,,,
pre_modern_1999_2012,1999,2012,SPY,7,14,-0.0009111626027163819,-0.009590772444950713,0.42857142857142855,0.0,0.0,0.0,,,,
pre_modern_1999_2012,1999,2012,SPY,8,14,0.0023902244248029908,0.009817422456042002,0.6428571428571429,0.0,0.0,0.0,,,,
pre_modern_1999_2012,1999,2012,SPY,9,14,-0.014574338348141322,-0.0014403959190619209,0.5,0.0,0.0,0.0,,,,
pre_modern_1999_2012,1999,2012,SPY,10,14,0.01337766491015723,0.013294336350396008,0.6428571428571429,0.0,0.0,0.0,,,,
pre_modern_1999_2012,1999,2012,SPY,11,14,0.011128397843532081,0.013786522629628428,0.6428571428571429,0.0,0.0,0.0,,,,
pre_modern_1999_2012,1999,2012,SPY,12,14,0.014051158941350585,0.010122529361664467,0.7142857142857143,0.0,0.0,0.0,,,,
pre_modern_1999_2012,1999,2012,QQQ,1,13,-0.00033403032789620815,0.0028718427752134623,0.5384615384615384,0.008324543974759355,0.006043919351883531,0.6153846153846154,0.8430578637013876,0.41568444587639725,0.9272761979168719,0.9629406670675208
pre_modern_1999_2012,1999,2012,QQQ,2,13,-0.013915704455730257,-0.01348727632122071,0.38461538461538464,-0.0027310037250965523,-0.0031300639292513033,0.46153846153846156,-0.11430664281997126,0.9108849911973012,0.9272761979168719,0.9629406670675208
pre_modern_1999_2012,1999,2012,QQQ,3,13,0.01197625764021672,0.01872344195834197,0.6923076923076923,-0.006514182345642947,0.0014377744428588635,0.6153846153846154,-0.5522559302422178,0.5909107550548065,0.9272761979168719,0.9629406670675208
pre_modern_1999_2012,1999,2012,QQQ,4,14,0.01896053787569942,0.023124703982113082,0.5714285714285714,-0.003809785933542761,-0.002624891100847071,0.42857142857142855,-0.32103042828464484,0.7532899218292304,0.9272761979168719,0.9629406670675208
pre_modern_1999_2012,1999,2012,QQQ,5,14,-0.008502714040831885,-0.021477804227533204,0.42857142857142855,-0.0071241795580056656,-0.005458994092598313,0.35714285714285715,-0.6266348008383604,0.5417468695432307,0.9272761979168719,0.9629406670675208
pre_modern_1999_2012,1999,2012,QQQ,6,14,0.0014667475795401127,0.005081785086927582,0.5714285714285714,0.009765370406500908,-0.0033049245923035264,0.42857142857142855,0.9173796738880838,0.3756496766651877,0.9272761979168719,0.9629406670675208
pre_modern_1999_2012,1999,2012,QQQ,7,14,-0.0018052799543193546,0.0024747670219610884,0.5,-0.0008941173516029728,0.0070320180582992275,0.5714285714285714,-0.09305819716182896,0.9272761979168719,0.9272761979168719,0.9629406670675208
pre_modern_1999_2012,1999,2012,QQQ,8,14,0.008420337775848188,0.014609643253174154,0.5714285714285714,0.0060301133510451965,0.0016754998391088072,0.5,0.634474048397775,0.5367776880247603,0.9272761979168719,0.9629406670675208
pre_modern_1999_2012,1999,2012,QQQ,9,14,-0.023825441654688924,0.008630559973832552,0.5714285714285714,-0.009251103306547603,0.009047518760082252,0.5714285714285714,-0.7256196697482349,0.48093150982246474,0.9272761979168719,0.9629406670675208
pre_modern_1999_2012,1999,2012,QQQ,10,14,0.03822515693183124,0.05673200870360984,0.6428571428571429,0.024847492021674005,0.020569191663337816,0.7142857142857143,1.6580751940924954,0.12122266675890468,0.9272761979168719,0.9629406670675208
pre_modern_1999_2012,1999,2012,QQQ,11,14,0.01530771703809382,0.02368757221741513,0.6428571428571429,0.004179319194561738,0.004648338269996666,0.5714285714285714,0.24962399322666964,0.8067791162790275,0.9272761979168719,0.9629406670675208
pre_modern_1999_2012,1999,2012,QQQ,12,14,0.011853543899253955,-0.002691769254554055,0.42857142857142855,-0.0021976150420966296,-0.016219842453169597,0.35714285714285715,-0.1356629498403401,0.8941659174030857,0.9272761979168719,0.9629406670675208
pre_modern_1999_2012,1999,2012,DEF,1,14,-0.008814712744843895,-0.007570010644071534,0.42857142857142855,-0.0032906801476377573,-0.0014724333525120148,0.5,-0.3794547866330994,0.7104762597634424,0.9111713024535171,0.9629406670675208
pre_modern_1999_2012,1999,2012,DEF,2,14,-0.010367897154266892,0.005886000384212942,0.6428571428571429,0.002308468013827804,0.00031010068368891863,0.5,0.2122020375477006,0.8352403605823906,0.9111713024535171,0.9629406670675208
pre_modern_1999_2012,1999,2012,DEF,3,14,0.01385702178599492,0.015274657938225356,0.6428571428571429,-0.006274647522440343,0.004652540877489286,0.5714285714285714,-0.9497953334821826,0.35954054597777985,0.9111713024535171,0.9629406670675208
pre_modern_1999_2012,1999,2012,DEF,4,14,0.020380404593107342,0.018152293757900284,0.7857142857142857,-0.0023899192161348343,-5.9195283489188455e-05,0.5,-0.23322011571431212,0.8192225044864291,0.9111713024535171,0.9629406670675208
pre_modern_1999_2012,1999,2012,DEF,5,14,0.00995680425947649,0.011836095133032298,0.6428571428571429,0.011335338742302708,0.013444951255006166,0.7142857142857143,1.9545728906609516,0.07248522844775789,0.8698227413730946,0.9629406670675208
pre_modern_1999_2012,1999,2012,DEF,6,14,-0.0031420494764984558,0.007686320070035668,0.5714285714285714,0.005156573350462339,0.004091701025318306,0.5714285714285714,0.9357130391676634,0.36647837364190095,0.9111713024535171,0.9629406670675208
pre_modern_1999_2012,1999,2012,DEF,7,14,-0.0021414136785306887,-0.005052855942652312,0.5,-0.0012302510758143068,0.0035416992522241397,0.5714285714285714,-0.23988422294559494,0.8141609944437869,0.9111713024535171,0.9629406670675208
pre_modern_1999_2012,1999,2012,DEF,8,14,0.005225676963208962,0.006781282881365147,0.5714285714285714,0.002835452538405971,0.006474762804780654,0.5714285714285714,0.3656170397656398,0.7205311242692551,0.9111713024535171,0.9629406670675208
pre_modern_1999_2012,1999,2012,DEF,9,14,-0.003577158820531184,0.008084062395134373,0.5714285714285714,0.010997179527610137,0.004401007905825316,0.5,1.18718080421705,0.2563971346325269,0.9111713024535171,0.9629406670675208
pre_modern_1999_2012,1999,2012,DEF,10,14,0.007019941417904241,0.0207487957045267,0.6428571428571429,-0.00635772349225299,-0.0081500458700694,0.35714285714285715,-0.7096036282805084,0.4904824997570931,0.9111713024535171,0.9629406670675208
pre_modern_1999_2012,1999,2012,DEF,11,14,0.010104922718811249,0.009081602428098079,0.6428571428571429,-0.0010234751247208327,-0.013179298673685003,0.35714285714285715,-0.10656657708238221,0.9167597922542801,0.9167597922542802,0.9629406670675208
pre_modern_1999_2012,1999,2012,DEF,12,14,0.016285265715920903,0.014776027243313172,0.7142857142857143,0.002234106774570318,0.005124747233535398,0.6428571428571429,0.31978333519275615,0.7542137310715712,0.9111713024535171,0.9629406670675208
pre_modern_1999_2012,1999,2012,XLV,1,14,0.007919043869857288,0.006236527092274735,0.5714285714285714,0.013443076467063426,0.01385834587032464,0.7142857142857143,2.0989847842203115,0.055915533601691846,0.33549320161015106,0.9629406670675208
pre_modern_1999_2012,1999,2012,XLV,2,14,-0.009682849782894012,0.002491633819781791,0.5714285714285714,0.002993515385200683,-0.0032035959177904028,0.35714285714285715,0.32216734767297567,0.7524480702058144,0.9391513985419565,0.9629406670675208
pre_modern_1999_2012,1999,2012,XLV,3,14,0.013712851996442827,0.02221613069973749,0.6428571428571429,-0.006418817311992437,-0.008815625607704214,0.35714285714285715,-1.0391110511198933,0.3176945756823486,0.7624669816376366,0.9629406670675208
pre_modern_1999_2012,1999,2012,XLV,4,14,0.018871366215929948,0.02050886856695855,0.5714285714285714,-0.0038989575933122294,0.0008783594965100505,0.5,-0.3051156112629386,0.7651083279283386,0.9391513985419565,0.9629406670675208
pre_modern_1999_2012,1999,2012,XLV,5,14,0.0022489119574240967,0.013280939198516362,0.5714285714285714,0.003627446440250315,0.006545012395210603,0.5714285714285714,0.59265084440812,0.5635823829172454,0.9391513985419565,0.9629406670675208
pre_modern_1999_2012,1999,2012,XLV,6,14,-0.0018394024712560717,-0.004511002419545829,0.42857142857142855,0.006459220355704723,0.0039532217532986524,0.5714285714285714,1.1475627255788148,0.2718298727023145,0.7624669816376366,0.9629406670675208
pre_modern_1999_2012,1999,2012,XLV,7,14,-0.0032201323361850504,-0.01490060947432259,0.42857142857142855,-0.0023089697334686687,-0.012541028174918867,0.35714285714285715,-0.26663267187979967,0.7939345304743863,0.9391513985419565,0.9629406670675208
pre_modern_1999_2012,1999,2012,XLV,8,14,-0.00012622037360005,0.01069703380699183,0.5714285714285714,-0.002516444798403041,0.005556136603927508,0.6428571428571429,-0.36955144091099873,0.7176666799316209,0.9391513985419565,0.9629406670675208
pre_modern_1999_2012,1999,2012,XLV,9,14,-0.01535669021997296,-0.009667465544574483,0.42857142857142855,-0.0007823518718316372,0.0048110313651330006,0.5714285714285714,-0.10785563514095871,0.9157570666058439,0.9391513985419565,0.9629406670675208
pre_modern_1999_2012,1999,2012,XLV,10,14,0.0033667451201642956,0.0059687069508693735,0.6428571428571429,-0.010010919789992936,-0.010647461810393222,0.2857142857142857,-1.3653957441925921,0.19529048957451717,0.7624669816376366,0.9629406670675208
pre_modern_1999_2012,1999,2012,XLV,11,14,0.010564021443976406,0.011910723112585009,0.7142857142857143,-0.0005643763995556757,-0.0027089814030836212,0.42857142857142855,-0.07782623930183308,0.9391513985419565,0.9391513985419565,0.9649195829586281
pre_modern_1999_2012,1999,2012,XLV,12,14,0.02753016335392214,0.02692241259840722,0.7857142857142857,0.013479004412571558,0.018771403165837808,0.6428571428571429,2.195301881914172,0.04690035432828795,0.33549320161015106,0.9629406670675208
pre_modern_1999_2012,1999,2012,XLP,1,14,-0.017932453940609345,-0.011716874730132498,0.2857142857142857,-0.012408421343403206,-0.0032006899456961113,0.5,-1.0483431819603444,0.31358059750391903,0.7339239389043563,0.9629406670675208
pre_modern_1999_2012,1999,2012,XLP,2,14,-0.004815321351757313,0.0023788625698945576,0.5,0.007861043816337383,0.003539707953631399,0.6428571428571429,0.6605413872016451,0.5204400682782534,0.7339239389043563,0.9629406670675208
pre_modern_1999_2012,1999,2012,XLP,3,14,0.011213579381655323,0.01429277018384112,0.7142857142857143,-0.00891808992677994,-0.005138667150699772,0.35714285714285715,-1.2594391367737714,0.2300151292203213,0.7339239389043563,0.9629406670675208
pre_modern_1999_2012,1999,2012,XLP,4,14,0.010812733242184847,0.011428740805175863,0.6428571428571429,-0.011957590567057332,-0.009519680323681001,0.42857142857142855,-0.9657268281828526,0.35180358566553377,0.7339239389043563,0.9629406670675208
pre_modern_1999_2012,1999,2012,XLP,5,14,0.013943266256325113,0.014093078526971725,0.6428571428571429,0.015321800739151332,0.013859703014185154,0.5714285714285714,1.8860735846383625,0.08182426198362762,0.7339239389043563,0.9629406670675208
pre_modern_1999_2012,1999,2012,XLP,6,14,-0.010733413925250497,-0.008665815453957615,0.5,-0.0024347910982897014,-0.004745706549352802,0.35714285714285715,-0.41049135327053565,0.6881307319385004,0.8257568783262006,0.9629406670675208
pre_modern_1999_2012,1999,2012,XLP,7,14,0.0030897112529869437,0.007110289051292185,0.5,0.004000873855703325,-0.0016641351539771754,0.5,0.7246070926263799,0.4815319775102347,0.7339239389043563,0.9629406670675208
pre_modern_1999_2012,1999,2012,XLP,8,14,0.008215739526716281,0.01010814043899022,0.7142857142857143,0.005825515101913291,0.011156314145231994,0.6428571428571429,0.6130119381936187,0.5504429541782672,0.7339239389043563,0.9629406670675208
pre_modern_1999_2012,1999,2012,XLP,9,14,-0.0017502930096691127,-0.0008549367750168013,0.42857142857142855,0.01282404533847221,0.006546766417635297,0.5714285714285714,0.9858009373245582,0.34222378487292177,0.7339239389043563,0.9629406670675208
pre_modern_1999_2012,1999,2012,XLP,10,14,0.016286865333629393,0.016549329525084144,0.7142857142857143,0.002909200423472163,-0.0022392671831964472,0.5,0.3132435078988934,0.7590646546078854,0.8280705322995113,0.9629406670675208
pre_modern_1999_2012,1999,2012,XLP,11,14,0.01312748244046376,0.015069027307828331,0.7142857142857143,0.001999084596931679,-0.01457271779382191,0.42857142857142855,0.14505951416035182,0.8868887868721702,0.8868887868721703,0.9629406670675208
pre_modern_1999_2012,1999,2012,XLP,12,14,0.004928701248016666,0.001995406879378714,0.6428571428571429,-0.009122457693333919,-0.0033376959376837934,0.5,-0.7773168636301011,0.45088612179605586,0.7339239389043563,0.9629406670675208
pre_modern_1999_2012,1999,2012,XLU,1,14,-0.01736981876098029,-0.020633234755980223,0.2857142857142857,-0.011845786163774154,-0.011432847272153435,0.42857142857142855,-0.931251826820734,0.36869561530734646,0.8260864321565292,0.9629406670675208
pre_modern_1999_2012,1999,2012,XLU,2,14,-0.017028713779039122,0.002102426671322155,0.5,-0.004352348610944428,-0.007331988830991287,0.5,-0.3086834735512686,0.7624533683912889,0.8260864321565292,0.9629406670675208
pre_modern_1999_2012,1999,2012,XLU,3,14,0.01607220322604564,0.014820860521488344,0.7857142857142857,-0.004059466082389622,0.01618644002824321,0.6428571428571429,-0.3297594179840847,0.7468348831692353,0.8260864321565292,0.9629406670675208
pre_modern_1999_2012,1999,2012,XLU,4,14,0.031180011146878756,0.03567566598520333,0.8571428571428571,0.008409687337636576,0.004147095383723043,0.7142857142857143,0.7097836659346312,0.4903745052589154,0.8260864321565292,0.9629406670675208
pre_modern_1999_2012,1999,2012,XLU,5,14,0.013199142370906858,0.00937908121435227,0.7142857142857143,0.014577676853733077,0.01713511515541416,0.6428571428571429,1.8144758854665568,0.09273918000046913,0.8260864321565292,0.9629406670675208
pre_modern_1999_2012,1999,2012,XLU,6,14,0.00246975676522818,0.006065602780999879,0.5,0.010768379592188975,0.0047337392027351766,0.6428571428571429,1.081300203670738,0.29921475681051474,0.8260864321565292,0.9629406670675208
pre_modern_1999_2012,1999,2012,XLU,7,14,-0.006787217451730086,0.009105791431466836,0.5714285714285714,-0.005876054849013704,0.00378524202338254,0.5714285714285714,-0.5253156063695951,0.6082075325850763,0.8260864321565292,0.9629406670675208
pre_modern_1999_2012,1999,2012,XLU,8,14,0.007089195164556076,0.015138895380757744,0.7142857142857143,0.0046989707397530845,0.004308033432938618,0.5714285714285714,0.4389731641798793,0.6678886230711765,0.8260864321565292,0.9629406670675208
pre_modern_1999_2012,1999,2012,XLU,9,14,0.006849837933934376,0.01273606499077995,0.7142857142857143,0.021424176282075696,-0.0020209154363204362,0.42857142857142855,1.2605638821896445,0.22962215286398396,0.8260864321565292,0.9629406670675208
pre_modern_1999_2012,1999,2012,XLU,10,14,-0.00013198892189473073,0.008841856218519739,0.6428571428571429,-0.013509653832051962,-0.02009537643263315,0.42857142857142855,-0.9467295562917802,0.36104303563539747,0.8260864321565292,0.9629406670675208
pre_modern_1999_2012,1999,2012,XLU,11,14,0.006343158201113879,0.004431882865106651,0.5714285714285714,-0.004785239642418203,-0.011002177750417008,0.42857142857142855,-0.33455581693385567,0.7432963787240918,0.8260864321565292,0.9629406670675208
pre_modern_1999_2012,1999,2012,XLU,12,14,0.016379419715028598,0.016610831069751142,0.6428571428571429,0.002328260773678013,0.0023081608719126567,0.5,0.224200551028307,0.8260864321565292,0.8260864321565292,0.9629406670675208
pre_modern_1999_2012,1999,2012,XLK,1,14,0.009065775953043516,0.004686417852706737,0.5,0.014589808550249652,0.006812306428067183,0.6428571428571429,0.9346907551971224,0.36698563008713053,0.7969011929727898,0.9629406670675208
pre_modern_1999_2012,1999,2012,XLK,2,14,-0.02676508311378704,-0.01195308618971741,0.5,-0.014088717945692346,-0.01007906116631807,0.35714285714285715,-0.7701513176529261,0.45497849368018095,0.7969011929727898,0.9629406670675208
pre_modern_1999_2012,1999,2012,XLK,3,14,0.020409509928105054,0.01709667469429421,0.6428571428571429,0.0002778406196697891,0.00243661178090826,0.5,0.04430683750679769,0.9653331660203058,0.9653331660203058,0.9743549713102152
pre_modern_1999_2012,1999,2012,XLK,4,14,0.014382783603638458,0.00926613919993391,0.5714285714285714,-0.008387540205603719,-0.003756707981612706,0.35714285714285715,-0.9346753213672208,0.36699329209019516,0.7969011929727898,0.9629406670675208
pre_modern_1999_2012,1999,2012,XLK,5,14,-0.004537652924009856,-0.0035380704948795305,0.5,-0.0031591184411836376,0.0026895407735954557,0.5714285714285714,-0.3096164457253984,0.761759628188142,0.9141115538257705,0.9629406670675208
pre_modern_1999_2012,1999,2012,XLK,6,14,-0.00047093791283437617,0.0029157086145096822,0.5,0.007827684914126418,-0.0028988116383526497,0.42857142857142855,0.8688485648488923,0.40068656575031936,0.7969011929727898,0.9629406670675208
pre_modern_1999_2012,1999,2012,XLK,7,14,-0.005369568227873251,-0.0067657098957557005,0.42857142857142855,-0.004458405625156869,0.006413627137752065,0.5714285714285714,-0.6228684072315716,0.544143438850845,0.8162151582762676,0.9629406670675208
pre_modern_1999_2012,1999,2012,XLK,8,14,0.004055493574385362,0.01707029025040463,0.5714285714285714,0.0016652691495823713,0.0021697098050001418,0.5714285714285714,0.19541535878953084,0.8480890194773026,0.9251880212479665,0.9629406670675208
pre_modern_1999_2012,1999,2012,XLK,9,14,-0.02789013963747771,-0.0008760642558733323,0.5,-0.013315801289336389,0.0006499182145198179,0.5,-1.0741925194011752,0.3022707720310937,0.7969011929727898,0.9629406670675208
pre_modern_1999_2012,1999,2012,XLK,10,14,0.03137733426086652,0.04173912251645251,0.6428571428571429,0.01799966935070929,0.007398007403884244,0.7142857142857143,1.19220983264228,0.2544877095100352,0.7969011929727898,0.9629406670675208
pre_modern_1999_2012,1999,2012,XLK,11,14,0.016528313871972473,0.021346651832036767,0.6428571428571429,0.005399916028440389,0.0033479484411307325,0.5714285714285714,0.3631735424745797,0.7223123299128955,0.9141115538257705,0.9629406670675208
pre_modern_1999_2012,1999,2012,XLK,12,14,0.0047063168707620695,0.006804931474942211,0.5,-0.009344842070588515,-0.01279284242176365,0.2857142857142857,-0.7530163635270078,0.46485902923412736,0.7969011929727898,0.9629406670675208
pre_modern_1999_2012,1999,2012,XLE,1,14,-0.0033658817541597735,-0.0135017778987635,0.42857142857142855,0.0021581508430463642,-0.004083921816976643,0.42857142857142855,0.13070980362496434,0.8980059219869992,0.9470507017927275,0.9629406670675208
pre_modern_1999_2012,1999,2012,XLE,2,14,0.01717054638767241,0.029745131085122556,0.5714285714285714,0.029846911555767106,0.031209629156872143,0.6428571428571429,1.8178827177449888,0.09219151342574897,0.9316653870692401,0.9629406670675208
pre_modern_1999_2012,1999,2012,XLE,3,14,0.03063228348081379,0.023496627235037537,0.6428571428571429,0.010500614172378528,0.012849095098294516,0.5714285714285714,0.897069822195255,0.385993417922471,0.9316653870692401,0.9629406670675208
pre_modern_1999_2012,1999,2012,XLE,4,14,0.03443039262204208,0.029295905776607345,0.6428571428571429,0.011660068812799906,0.01900679218338902,0.6428571428571429,0.9270641233315072,0.3707854016551401,0.9316653870692401,0.9629406670675208
pre_modern_1999_2012,1999,2012,XLE,5,14,0.011962523650317318,-0.006232224786851259,0.42857142857142855,0.013341058133143537,-0.0012796834798437517,0.5,1.0213018509265805,0.3257420888652819,0.9316653870692401,0.9629406670675208
pre_modern_1999_2012,1999,2012,XLE,6,14,-0.00492413927328634,9.681435942188177e-05,0.5,0.003374483553674455,0.00258337392569008,0.5,0.23185356925810036,0.8202614718557422,0.9470507017927275,0.9629406670675208
pre_modern_1999_2012,1999,2012,XLE,7,14,-0.0019409831295776178,0.016770365549785837,0.6428571428571429,-0.001029820526861236,0.022218976179943617,0.5714285714285714,-0.06770503256763594,0.9470507017927275,0.9470507017927275,0.9649195829586281
pre_modern_1999_2012,1999,2012,XLE,8,14,0.004026364326444146,0.01090000490362597,0.6428571428571429,0.0016361399016411554,0.0005676731106921684,0.5,0.16273031016416264,0.8732331098150234,0.9470507017927275,0.9629406670675208
pre_modern_1999_2012,1999,2012,XLE,9,14,-0.008847560202271827,-0.0020892217950516656,0.5,0.0057267781458694945,0.008104104010896451,0.5714285714285714,0.4326431545276261,0.6723647925573738,0.9470507017927275,0.9629406670675208
pre_modern_1999_2012,1999,2012,XLE,10,14,0.005322260985786206,0.013996873754417494,0.6428571428571429,-0.008055403924371025,-0.004483138251786589,0.42857142857142855,-0.6626068169046748,0.5191579144301677,0.9470507017927275,0.9629406670675208
pre_modern_1999_2012,1999,2012,XLE,11,14,0.00962576494341773,0.011389531346440385,0.5714285714285714,-0.0015026329001143518,-0.003237534373679407,0.42857142857142855,-0.11258609220983659,0.912078662347978,0.9470507017927275,0.9629406670675208
pre_modern_1999_2012,1999,2012,XLE,12,14,0.027759456494858874,0.009496352131649344,0.7142857142857143,0.01370829755350829,0.010580778450552941,0.5714285714285714,0.8927974073115134,0.38819391127885,0.9316653870692401,0.9629406670675208
pre_modern_1999_2012,1999,2012,XLF,1,14,-0.012130615168778685,0.002442472858883271,0.5,-0.006606582571572547,0.0028578909445996503,0.5714285714285714,-0.4373639562132338,0.6690253062750908,0.9513630973537026,0.9629406670675208
pre_modern_1999_2012,1999,2012,XLF,2,14,-0.026618415940862332,-0.012001447883875416,0.42857142857142855,-0.013942050772767636,-0.0033344124662867403,0.5,-1.2362311017910494,0.23824366269127795,0.571784790459067,0.9629406670675208
pre_modern_1999_2012,1999,2012,XLF,3,14,0.03356860284559089,-0.0009149168099339411,0.5,0.013436933537155629,-0.0037123943282328375,0.5,1.3197243763462383,0.20969634123596312,0.571784790459067,0.9629406670675208
pre_modern_1999_2012,1999,2012,XLF,4,14,0.03811600132484844,0.024668988506525547,0.7142857142857143,0.015345677515606266,0.021399167956790366,0.5714285714285714,1.3754766978101778,0.19222237276825874,0.571784790459067,0.9629406670675208
pre_modern_1999_2012,1999,2012,XLF,5,14,-0.004245255500632618,0.0070226808510544525,0.5,-0.0028667210178064,-0.005742787998425314,0.2857142857142857,-0.2681354809074977,0.7928025811280855,0.9513630973537026,0.9629406670675208
pre_modern_1999_2012,1999,2012,XLF,6,14,-0.021843462952772348,-0.012505838818439252,0.35714285714285715,-0.013544840125811555,-0.008908482069501122,0.2857142857142857,-1.5831113849699558,0.13741121345590598,0.571784790459067,0.9629406670675208
pre_modern_1999_2012,1999,2012,XLF,7,14,0.006538589387609761,0.00848739741375193,0.5714285714285714,0.007449751990326143,-0.0012207923064279091,0.5,0.6697970488516253,0.514708709877093,0.9513630973537026,0.9629406670675208
pre_modern_1999_2012,1999,2012,XLF,8,14,0.0023110784124717692,0.0010407487239719182,0.5,-7.914601233122154e-05,-0.006892920318050777,0.42857142857142855,-0.00809117766089096,0.993667093768829,0.993667093768829,0.993667093768829
pre_modern_1999_2012,1999,2012,XLF,9,14,-0.013753705391198658,0.008712302417409501,0.5714285714285714,0.0008206329569426637,-0.004775310269055477,0.5,0.09801165806660715,0.9234181190534307,0.993667093768829,0.9629406670675208
pre_modern_1999_2012,1999,2012,XLF,10,14,0.016719313069719015,0.017259393728075056,0.6428571428571429,0.003341648159561783,-0.005778681094904037,0.42857142857142855,0.31131385513244714,0.760498016885232,0.9513630973537026,0.9629406670675208
pre_modern_1999_2012,1999,2012,XLF,11,14,-0.01427737126719912,-0.005274623986395999,0.42857142857142855,-0.0254057691107312,-0.014533737878776765,0.14285714285714285,-2.8571617705878363,0.013470724827755126,0.16164869793306152,0.7274191406987768
pre_modern_1999_2012,1999,2012,XLF,12,14,0.01838917295594957,0.0204056370516027,0.7142857142857143,0.004338014014598982,0.006632402079221333,0.6428571428571429,0.3951267903263201,0.6991563848366472,0.9513630973537026,0.9629406670675208
pre_modern_1999_2012,1999,2012,XLI,1,14,-0.019819530040739084,-0.01278431520015677,0.42857142857142855,-0.014295497443532947,-0.01541499780875255,0.35714285714285715,-2.016153802487684,0.06493244102592136,0.2597297641036854,0.9629406670675208
pre_modern_1999_2012,1999,2012,XLI,2,14,-0.01146212051988992,0.0008023375612118411,0.5,0.0012142446482047748,0.0018254526090715761,0.5,0.14647846674673118,0.8857907945013359,0.9214887274206661,0.9629406670675208
pre_modern_1999_2012,1999,2012,XLI,3,14,0.027521421661748306,0.02165434427701307,0.7857142857142857,0.007389752353313041,0.0066743662805959225,0.6428571428571429,1.1163394890833789,0.2844862178552797,0.6077223016932384,0.9629406670675208
pre_modern_1999_2012,1999,2012,XLI,4,14,0.04418418489414302,0.028377181108132365,0.7142857142857143,0.021413861084900843,0.01375450249964788,0.6428571428571429,2.1165624758328816,0.05415810429280483,0.2597297641036854,0.9629406670675208
pre_modern_1999_2012,1999,2012,XLI,5,14,6.533956424012841e-05,0.0065846616558096205,0.5714285714285714,0.0014438740470663466,0.001376440438525639,0.5,0.27921392173509174,0.7844732861634348,0.9214887274206661,0.9629406670675208
pre_modern_1999_2012,1999,2012,XLI,6,14,-0.01597423849706499,-0.01125004752089509,0.35714285714285715,-0.0076756156701041954,-0.005381063145533327,0.42857142857142855,-1.0705147600512417,0.3038611508466192,0.6077223016932384,0.9629406670675208
pre_modern_1999_2012,1999,2012,XLI,7,14,0.0036335131090963597,0.005931869227058129,0.5714285714285714,0.004544675711812741,0.010473048007228147,0.6428571428571429,0.5814705207876527,0.5708686448603948,0.8563029672905922,0.9629406670675208
pre_modern_1999_2012,1999,2012,XLI,8,14,0.0028790013941967624,0.00443917389521753,0.6428571428571429,0.0004887769693937719,-0.005705791565741247,0.42857142857142855,0.10048980361209292,0.9214887274206661,0.9214887274206661,0.9629406670675208
pre_modern_1999_2012,1999,2012,XLI,9,14,-0.01633499389631225,0.0030102829285868493,0.5,-0.001760655548170929,0.00869784123090811,0.5714285714285714,-0.2565917261475247,0.8015099425473075,0.9214887274206661,0.9629406670675208
pre_modern_1999_2012,1999,2012,XLI,10,14,0.006417591971072881,0.013981291527602302,0.5714285714285714,-0.00696007293908435,-0.00299476416190092,0.42857142857142855,-0.8672874186634034,0.4015102135485521,0.6883032232260893,0.9629406670675208
pre_modern_1999_2012,1999,2012,XLI,11,14,0.020252467874760666,0.018676555413585927,0.7142857142857143,0.009124070031228584,0.012620928332418568,0.7857142857142857,1.7746903600424755,0.09935408753205188,0.29806226259615565,0.9629406670675208
pre_modern_1999_2012,1999,2012,XLI,12,14,0.026531864653422072,0.0240460151853491,0.8571428571428571,0.012480705712071485,0.011695632709108561,0.7142857142857143,2.870312393922796,0.01313524689939466,0.1576229627927359,0.7274191406987768
