cohort,segment,feature,label,n_sessions,winner_mean_percentile,winner_percentile_ci_low,winner_percentile_ci_high,winner_top_quartile_rate,top_quartile_null_rate,top_quartile_enrichment,top1_exact,top1_exact_ci_low,top1_exact_ci_high,top1_economic_tie,top3_recall,mean_cross_sectional_rank_corr,permutation_p_one_sided,bh_q
price,full,prior_resid_1d,Prior-session beta-adjusted RS,209,0.50655294,0.45953320,0.55248069,0.28229665,0.26086957,1.08213716,0.08612440,0.05261911,0.12019231,0.10047847,0.18181818,0.00316300,0.78760620,0.82058971
price,full,prior_resid_5d,Prior 5-session beta-adjusted RS,209,0.58456418,0.53684644,0.63292108,0.34449761,0.26086957,1.32057416,0.10047847,0.05713916,0.14904961,0.11004785,0.22488038,0.01433988,0.00199900,0.00679660
price,full,prior_resid_20d,Prior 20-session beta-adjusted RS,209,0.56022467,0.51599535,0.60279020,0.33014354,0.26086957,1.26555024,0.09090909,0.05444874,0.13300493,0.11961722,0.21531100,-0.00890746,0.02248876,0.04778861
price,full,rs_accel_5v20,5-vs-20-session RS acceleration,209,0.56376118,0.51748502,0.61220513,0.35406699,0.26086957,1.35725678,0.07655502,0.04347826,0.11214953,0.09090909,0.21531100,0.00836375,0.02148926,0.04778861
price,full,prior_close_location,Prior-day close location,209,0.51341793,0.47256145,0.55248382,0.24880383,0.26086957,0.95374801,0.07177033,0.03619502,0.11225568,0.07655502,0.16267943,-0.00165951,0.65717141,0.74479427
price,full,pm_resid,Premarket beta-adjusted return,194,0.56633797,0.52479156,0.61046289,0.35051546,0.26086957,1.34364261,0.09278351,0.05524862,0.13398989,0.10309278,0.24742268,-0.01107331,0.01399300,0.03964684
price,full,pm_rvol20,Premarket volume / prior-20 median,111,0.56913435,0.50463768,0.63098854,0.36936937,0.26086957,1.41591592,0.11711712,0.05555556,0.18584071,0.12612613,0.27027027,-0.01750169,0.04197901,0.07136432
price,full,pm_range_pct,Premarket range / prior close,194,0.65172568,0.61169903,0.68665679,0.41752577,0.26086957,1.60051546,0.09278351,0.05235602,0.13917526,0.09793814,0.21134021,-0.00023417,0.00049975,0.00283192
price,full,gap_resid,Opening gap beta-adjusted versus QQQ,209,0.55731225,0.51826737,0.59484066,0.33492823,0.26086957,1.28389155,0.08133971,0.04455446,0.11848936,0.09090909,0.22966507,-0.01181988,0.03248376,0.06135821
price,full,first15_return,First-15-minute raw return,209,0.54171001,0.50042154,0.58216211,0.35406699,0.26086957,1.35725678,0.10047847,0.05962622,0.14564326,0.10047847,0.23444976,-0.00953434,0.14692654,0.20814593
price,full,first15_resid,First-15-minute beta-adjusted RS,209,0.54628667,0.50271103,0.59064895,0.35406699,0.26086957,1.35725678,0.11004785,0.06730769,0.15764195,0.11483254,0.21531100,-0.00784367,0.11894053,0.18381718
price,full,rvol15,First-15-minute time-of-day RVOL,209,0.62117745,0.57295116,0.66618603,0.43062201,0.26086957,1.65071770,0.12440191,0.08094279,0.16964490,0.13397129,0.24880383,-0.00938972,0.00049975,0.00283192
price,full,opening_dollar_share,Share of universe opening dollar volume,209,0.58477221,0.54347323,0.62862427,0.35885167,0.26086957,1.37559809,0.05741627,0.02712504,0.09268293,0.06220096,0.22966507,0.00640638,0.00099950,0.00424788
price,full,vwap_distance15,09:40 close distance above session VWAP,209,0.50364052,0.46082539,0.54399455,0.30143541,0.26086957,1.15550239,0.08612440,0.05365202,0.12206573,0.09090909,0.20095694,-0.01034476,0.82058971,0.82058971
price,full,opening_close_location,Opening-range close location,209,0.51799459,0.47847390,0.55871141,0.27272727,0.26086957,1.04545455,0.03827751,0.01463415,0.06250000,0.04784689,0.15789474,-0.00243644,0.57321339,0.69604483
price,full,first15_efficiency,First-15-minute trend efficiency,209,0.52600374,0.48757691,0.56877828,0.28229665,0.26086957,1.08213716,0.04306220,0.01886792,0.07043084,0.04306220,0.13397129,-0.01336557,0.39330335,0.51431976
price,full,range_expansion15,First-15-minute range expansion,209,0.61077595,0.57459243,0.64692505,0.36842105,0.26086957,1.41228070,0.11483254,0.07803931,0.15384615,0.12918660,0.20574163,-0.00748435,0.00049975,0.00283192
price,development,prior_resid_1d,Prior-session beta-adjusted RS,125,0.51895652,0.46914402,0.56665690,0.28800000,0.26086957,1.10400000,0.10400000,0.06250000,0.15037594,0.11200000,0.20800000,-0.00824506,0.55072464,0.64227886
price,development,prior_resid_5d,Prior 5-session beta-adjusted RS,125,0.55026087,0.49007690,0.61371483,0.31200000,0.26086957,1.19600000,0.08000000,0.02520483,0.14529915,0.08800000,0.17600000,-0.03095652,0.12893553,0.27398801
price,development,prior_resid_20d,Prior 20-session beta-adjusted RS,125,0.52800000,0.46779395,0.58802797,0.28000000,0.26086957,1.07333333,0.09600000,0.04464286,0.15254237,0.11200000,0.18400000,-0.05335178,0.42178911,0.55157037
price,development,rs_accel_5v20,5-vs-20-session RS acceleration,125,0.55165217,0.49551401,0.60968398,0.34400000,0.26086957,1.31866667,0.04800000,0.01626016,0.08398291,0.07200000,0.18400000,-0.00838735,0.11794103,0.27398801
price,development,prior_close_location,Prior-day close location,125,0.50608696,0.45706107,0.55221132,0.24800000,0.26086957,0.95066667,0.07200000,0.02343750,0.12698413,0.08000000,0.18400000,-0.01474308,0.74112944,0.78745002
price,development,pm_resid,Premarket beta-adjusted return,110,0.54980237,0.49398130,0.60688431,0.33636364,0.26086957,1.28939394,0.09090909,0.03999010,0.14529915,0.10000000,0.23636364,-0.02110133,0.16341829,0.30867899
price,development,pm_rvol20,Premarket volume / prior-20 median,27,0.53462158,0.39695011,0.67485822,0.33333333,0.26086957,1.27777778,0.11111111,0.03030303,0.22727273,0.11111111,0.25925926,-0.02302006,0.40329835,0.55157037
price,development,pm_range_pct,Premarket range / prior close,110,0.67075099,0.63674536,0.70575093,0.43636364,0.26086957,1.67272727,0.09090909,0.03808625,0.15094340,0.10000000,0.20000000,-0.00712338,0.00049975,0.00283192
price,development,gap_resid,Opening gap beta-adjusted versus QQQ,125,0.53217391,0.48241369,0.57862300,0.31200000,0.26086957,1.19600000,0.07200000,0.02608696,0.11812044,0.08000000,0.22400000,-0.02558103,0.33683158,0.55067921
price,development,first15_return,First-15-minute raw return,125,0.55165217,0.50237388,0.59986214,0.36000000,0.26086957,1.38000000,0.08000000,0.03968254,0.12500000,0.08000000,0.24000000,-0.00590189,0.12693653,0.27398801
price,development,first15_resid,First-15-minute beta-adjusted RS,125,0.55756522,0.50700629,0.61180852,0.36000000,0.26086957,1.38000000,0.08800000,0.04098361,0.14394091,0.09600000,0.20800000,-0.00055336,0.08945527,0.27398801
price,development,rvol15,First-15-minute time-of-day RVOL,125,0.60904348,0.54841818,0.66679160,0.41600000,0.26086957,1.59466667,0.12000000,0.06450323,0.17968750,0.12000000,0.24000000,-0.01635573,0.00049975,0.00283192
price,development,opening_dollar_share,Share of universe opening dollar volume,125,0.59200000,0.53474389,0.64220243,0.36800000,0.26086957,1.41066667,0.07200000,0.02499483,0.12213740,0.08000000,0.28000000,0.01962055,0.00249875,0.01061969
price,development,vwap_distance15,09:40 close distance above session VWAP,125,0.50121739,0.44754141,0.55427124,0.32000000,0.26086957,1.22666667,0.08000000,0.04032258,0.12295397,0.08800000,0.20000000,-0.01107510,0.78910545,0.78910545
price,development,opening_close_location,Opening-range close location,125,0.51582609,0.46942740,0.56522556,0.24800000,0.26086957,0.95066667,0.04000000,0.00840161,0.07693798,0.05600000,0.13600000,-0.00129787,0.56671664,0.64227886
price,development,first15_efficiency,First-15-minute trend efficiency,125,0.53147826,0.48675692,0.57723929,0.29600000,0.26086957,1.13466667,0.04000000,0.00854701,0.07518797,0.04000000,0.11200000,-0.00625951,0.35632184,0.55067921
price,development,range_expansion15,First-15-minute range expansion,125,0.60800000,0.56380258,0.65015282,0.36000000,0.26086957,1.38000000,0.11200000,0.06818182,0.15626937,0.12800000,0.19200000,0.00084585,0.00049975,0.00283192
price,holdout,prior_resid_1d,Prior-session beta-adjusted RS,84,0.48809524,0.39999214,0.57569758,0.27380952,0.26086957,1.04960317,0.05952381,0.02298851,0.10465116,0.08333333,0.14285714,0.02013928,0.85907046,0.85907046
price,holdout,prior_resid_5d,Prior 5-session beta-adjusted RS,84,0.63561077,0.56839503,0.70483437,0.39285714,0.26086957,1.50595238,0.13095238,0.07058824,0.19105523,0.14285714,0.29761905,0.08174525,0.00099950,0.00566383
price,holdout,prior_resid_20d,Prior 20-session beta-adjusted RS,84,0.60817805,0.56142607,0.65536419,0.40476190,0.26086957,1.55158730,0.08333333,0.03570378,0.13253012,0.13095238,0.26190476,0.05722991,0.00249875,0.01019490
price,holdout,rs_accel_5v20,5-vs-20-session RS acceleration,84,0.58178054,0.50706319,0.65933717,0.36904762,0.26086957,1.41468254,0.11904762,0.05813953,0.18604651,0.11904762,0.26190476,0.03329098,0.03048476,0.06478011
price,holdout,prior_close_location,Prior-day close location,84,0.52432712,0.45279692,0.58926794,0.25000000,0.26086957,0.95833333,0.07142857,0.02325581,0.13483146,0.07142857,0.13095238,0.01781009,0.49125437,0.60441208
price,holdout,pm_resid,Premarket beta-adjusted return,84,0.58799172,0.51857588,0.65978749,0.36904762,0.26086957,1.41468254,0.09523810,0.03702575,0.16049383,0.10714286,0.26190476,0.00205863,0.02148926,0.05218819
price,holdout,pm_rvol20,Premarket volume / prior-20 median,84,0.58022774,0.50778315,0.64552749,0.38095238,0.26086957,1.46031746,0.11904762,0.04761905,0.21252458,0.13095238,0.27380952,-0.01572793,0.03498251,0.06607807
price,holdout,pm_range_pct,Premarket range / prior close,84,0.62681159,0.55249205,0.69891304,0.39285714,0.26086957,1.50595238,0.09523810,0.03488372,0.16666667,0.09523810,0.22619048,0.00878741,0.00049975,0.00424788
price,holdout,gap_resid,Opening gap beta-adjusted versus QQQ,84,0.59472050,0.53145222,0.66237947,0.36904762,0.26086957,1.41468254,0.09523810,0.04424797,0.16470588,0.10714286,0.23809524,0.00865801,0.00799600,0.02265534
price,holdout,first15_return,First-15-minute raw return,84,0.52691511,0.45703904,0.59590793,0.34523810,0.26086957,1.32341270,0.13095238,0.05882353,0.21686747,0.13095238,0.22619048,-0.01493977,0.43778111,0.60441208
price,holdout,first15_resid,First-15-minute beta-adjusted RS,84,0.52950311,0.45574838,0.60172389,0.34523810,0.26086957,1.32341270,0.14285714,0.06816267,0.23172859,0.14285714,0.22619048,-0.01869236,0.40579710,0.60441208
price,holdout,rvol15,First-15-minute time-of-day RVOL,84,0.63923395,0.56726035,0.70603020,0.45238095,0.26086957,1.73412698,0.13095238,0.07058824,0.19767442,0.15476190,0.26190476,0.00097638,0.00049975,0.00424788
price,holdout,opening_dollar_share,Share of universe opening dollar volume,84,0.57401656,0.50353893,0.64222691,0.34523810,0.26086957,1.32341270,0.03571429,0.00000000,0.08237745,0.03571429,0.15476190,-0.01325758,0.04397801,0.07476262
price,holdout,vwap_distance15,09:40 close distance above session VWAP,84,0.50724638,0.43171355,0.57544757,0.27380952,0.26086957,1.04960317,0.09523810,0.03797468,0.15476190,0.09523810,0.20238095,-0.00925795,0.66666667,0.70833333
price,holdout,opening_close_location,Opening-range close location,84,0.52122153,0.45311471,0.58341759,0.30952381,0.26086957,1.18650794,0.03571429,0.00000000,0.07317073,0.03571429,0.19047619,-0.00413074,0.49775112,0.60441208
price,holdout,first15_efficiency,First-15-minute trend efficiency,84,0.51785714,0.45345084,0.58266064,0.26190476,0.26086957,1.00396825,0.04761905,0.01149425,0.08866513,0.04761905,0.16666667,-0.02394007,0.55122439,0.62472097
price,holdout,range_expansion15,First-15-minute range expansion,84,0.61490683,0.54987134,0.67835983,0.38095238,0.26086957,1.46031746,0.11904762,0.04876579,0.19767442,0.13095238,0.22619048,-0.01988048,0.00299850,0.01019490
options_magnitude,full,opt_premium_ratio20,Last-available gross options premium / prior-20 median (normally T-2),106,0.55824446,0.48796843,0.62440620,0.33962264,0.26086957,1.30188679,0.11320755,0.05607477,0.18018018,0.12264151,0.19811321,-0.02350101,0.11394303,0.28485757
options_magnitude,full,opt_volume_ratio20,Last-available option volume / prior-20 median (normally T-2),106,0.57424118,0.51848359,0.62576571,0.32075472,0.26086957,1.22955975,0.09433962,0.03883495,0.14814815,0.10377358,0.20754717,-0.04440115,0.03148426,0.15742129
options_magnitude,full,opt_call_volume_share,Last-available call share of call-plus-put volume (normally T-2),106,0.52645611,0.46799052,0.58463651,0.25471698,0.26086957,0.97641509,0.09433962,0.03669725,0.16037736,0.09433962,0.17924528,0.02002650,0.41979010,0.52473763
options_magnitude,full,opt_zerodte_share,Last-available 0DTE volume share (normally T-2),106,0.50840853,0.47181461,0.54665559,0.23584906,0.26086957,0.90408805,0.04716981,0.00989618,0.08737864,0.04716981,0.12264151,0.00795020,0.74712644,0.74712644
options_magnitude,full,opt_recurrence3,Last-available three-session unusual-premium recurrence,104,0.53637124,0.48126753,0.58779362,0.29807692,0.26086957,1.14262821,0.05769231,0.01980198,0.09708738,0.06730769,0.12500000,-0.03493955,0.28235882,0.47059803
options_magnitude,development,opt_premium_ratio20,Last-available gross options premium / prior-20 median (normally T-2),63,0.57073844,0.46843780,0.66560391,0.33333333,0.26086957,1.27777778,0.11111111,0.03174603,0.20000000,0.12698413,0.22222222,0.00952067,0.08995502,0.29360320
options_magnitude,development,opt_volume_ratio20,Last-available option volume / prior-20 median (normally T-2),63,0.56521739,0.48789855,0.64073833,0.30158730,0.26086957,1.15608466,0.09523810,0.03030303,0.17746148,0.11111111,0.22222222,-0.04906205,0.11744128,0.29360320
options_magnitude,development,opt_call_volume_share,Last-available call share of call-plus-put volume (normally T-2),63,0.52173913,0.43340612,0.60249374,0.23809524,0.26086957,0.91269841,0.07936508,0.01562500,0.16072869,0.07936508,0.15873016,0.02352826,0.49775112,0.62218891
options_magnitude,development,opt_zerodte_share,Last-available 0DTE volume share (normally T-2),63,0.50172533,0.45273963,0.55926313,0.25396825,0.26086957,0.97354497,0.04761905,0.00000000,0.09523810,0.04761905,0.14285714,0.01049924,0.78810595,0.78810595
options_magnitude,development,opt_recurrence3,Last-available three-session unusual-premium recurrence,61,0.52530292,0.44528555,0.60050004,0.24590164,0.26086957,0.94262295,0.06557377,0.01612903,0.12068966,0.08196721,0.09836066,-0.02493062,0.46126937,0.62218891
options_magnitude,holdout,opt_premium_ratio20,Last-available gross options premium / prior-20 median (normally T-2),43,0.53993933,0.46478649,0.61324397,0.34883721,0.26086957,1.33720930,0.11627907,0.04761905,0.18181818,0.11627907,0.16279070,-0.07188161,0.33583208,0.49600200
options_magnitude,holdout,opt_volume_ratio20,Last-available option volume / prior-20 median (normally T-2),43,0.58746208,0.51759038,0.66127534,0.34883721,0.26086957,1.33720930,0.09302326,0.02380952,0.17073171,0.09302326,0.18604651,-0.03757239,0.07346327,0.36731634
options_magnitude,holdout,opt_call_volume_share,Last-available call share of call-plus-put volume (normally T-2),43,0.53336704,0.47401191,0.60766218,0.27906977,0.26086957,1.06976744,0.11627907,0.02437573,0.21951220,0.11627907,0.20930233,0.01489602,0.39680160,0.49600200
options_magnitude,holdout,opt_zerodte_share,Last-available 0DTE volume share (normally T-2),43,0.51820020,0.46915880,0.56733828,0.20930233,0.26086957,0.80232558,0.04651163,0.00000000,0.12202744,0.04651163,0.09302326,0.00421557,0.52723638,0.52723638
options_magnitude,holdout,opt_recurrence3,Last-available three-session unusual-premium recurrence,43,0.55207280,0.48720969,0.60988427,0.37209302,0.26086957,1.42635659,0.04651163,0.00000000,0.10875604,0.04651163,0.16279070,-0.04913825,0.21539230,0.49600200
signed_sensitivity,full,signed_gross_ratio20,Prior-day quote-signed gross premium / prior-20 median,100,0.54875000,0.50474588,0.59500000,0.28000000,0.25000000,1.12000000,0.11000000,0.05434783,0.17000000,0.12000000,0.36000000,-0.06952381,0.69165417,0.82998501
signed_sensitivity,full,signed_net_share,Prior-day quote-signed net premium / gross premium,100,0.57000000,0.52393468,0.61650890,0.27000000,0.25000000,1.08000000,0.16000000,0.09000000,0.23301780,0.18000000,0.38000000,-0.05095238,0.40279860,0.62143928
signed_sensitivity,full,signed_abs_net_share,Prior-day absolute quote-signed net premium / gross,100,0.58625000,0.54043015,0.63221329,0.30000000,0.25000000,1.20000000,0.18000000,0.10309278,0.26042799,0.20000000,0.42000000,0.03833333,0.20239880,0.62143928
signed_sensitivity,full,signed_buy_share,Prior-day quote-signed buy-premium share,100,0.57000000,0.52352905,0.61375000,0.27000000,0.25000000,1.08000000,0.16000000,0.09000000,0.23529412,0.18000000,0.38000000,-0.05095238,0.41129435,0.62143928
signed_sensitivity,full,signed_delta_share,Prior-day net delta proxy / total delta-proxy magnitude,100,0.57125000,0.52124474,0.62500000,0.24000000,0.25000000,0.96000000,0.14000000,0.06603514,0.22118056,0.16000000,0.38000000,-0.06785714,0.41429285,0.62143928
signed_sensitivity,full,signed_quality,Prior-day non-excluded trade share,100,0.50875000,0.45618557,0.55899600,0.19000000,0.25000000,0.76000000,0.10000000,0.03883495,0.16822661,0.11000000,0.28000000,-0.02452381,0.96451774,0.96451774
signed_sensitivity,development,signed_gross_ratio20,Prior-day quote-signed gross premium / prior-20 median,60,0.51666667,0.45905084,0.57708333,0.23333333,0.25000000,0.93333333,0.11666667,0.05000000,0.18755388,0.13333333,0.30000000,-0.09603175,0.89705147,0.92603698
signed_sensitivity,development,signed_net_share,Prior-day quote-signed net premium / gross premium,60,0.56875000,0.50446429,0.63104839,0.28333333,0.25000000,1.13333333,0.16666667,0.07269481,0.26984127,0.20000000,0.36666667,-0.03531746,0.43178411,0.86131934
signed_sensitivity,development,signed_abs_net_share,Prior-day absolute quote-signed net premium / gross,60,0.59375000,0.53794643,0.65122042,0.31666667,0.25000000,1.26666667,0.20000000,0.09995902,0.30360926,0.23333333,0.40000000,0.04166667,0.20639680,0.86131934
signed_sensitivity,development,signed_buy_share,Prior-day quote-signed buy-premium share,60,0.56875000,0.50833333,0.63710173,0.28333333,0.25000000,1.13333333,0.16666667,0.06896552,0.26669643,0.20000000,0.36666667,-0.03531746,0.43778111,0.86131934
signed_sensitivity,development,signed_delta_share,Prior-day net delta proxy / total delta-proxy magnitude,60,0.55416667,0.48411872,0.62896985,0.20000000,0.25000000,0.80000000,0.10000000,0.01754386,0.19299660,0.13333333,0.33333333,-0.03214286,0.57421289,0.86131934
signed_sensitivity,development,signed_quality,Prior-day non-excluded trade share,60,0.51041667,0.45081967,0.56557638,0.21666667,0.25000000,0.86666667,0.13333333,0.05084746,0.22580645,0.13333333,0.26666667,0.00595238,0.92603698,0.92603698
signed_sensitivity,holdout,signed_gross_ratio20,Prior-day quote-signed gross premium / prior-20 median,40,0.59687500,0.53571429,0.65517241,0.35000000,0.25000000,1.40000000,0.10000000,0.02083333,0.20930233,0.10000000,0.45000000,-0.02976190,0.23638181,0.52953523
signed_sensitivity,holdout,signed_net_share,Prior-day quote-signed net premium / gross premium,40,0.57187500,0.50693109,0.63141026,0.25000000,0.25000000,1.00000000,0.15000000,0.05259784,0.26470588,0.15000000,0.40000000,-0.07440476,0.44127936,0.52953523
signed_sensitivity,holdout,signed_abs_net_share,Prior-day absolute quote-signed net premium / gross,40,0.57500000,0.49702199,0.65178571,0.27500000,0.25000000,1.10000000,0.15000000,0.04253103,0.28127003,0.15000000,0.45000000,0.03333333,0.41629185,0.52953523
signed_sensitivity,holdout,signed_buy_share,Prior-day quote-signed buy-premium share,40,0.57187500,0.50832031,0.63068182,0.25000000,0.25000000,1.00000000,0.15000000,0.04996951,0.27272727,0.15000000,0.40000000,-0.07440476,0.43528236,0.52953523
signed_sensitivity,holdout,signed_delta_share,Prior-day net delta proxy / total delta-proxy magnitude,40,0.59687500,0.53195858,0.67046147,0.30000000,0.25000000,1.20000000,0.20000000,0.06894592,0.34043762,0.20000000,0.45000000,-0.12142857,0.21789105,0.52953523
signed_sensitivity,holdout,signed_quality,Prior-day non-excluded trade share,40,0.50625000,0.41846038,0.59066201,0.15000000,0.25000000,0.60000000,0.05000000,0.00000000,0.13157895,0.07500000,0.30000000,-0.07023810,0.90554723,0.90554723
