cohort,segment,selector,n_sessions,n_called,coverage,exact_hit_called,exact_hit_all,exact_ci_low,exact_ci_high,economic_tie_hit_called,tie_ci_low,tie_ci_high,top3_recall_called,clear_sessions_called,clear_exact_hit_called,mean_selected_resid,selected_resid_ci_low,selected_resid_ci_high,median_selected_resid,mean_selected_raw_net10bp,positive_resid_rate,mean_oracle_regret,mean_mae,mean_mfe,mean_vwap_hold,mean_trend_efficiency,mean_rescue_fraction,forgiving_rate
price,full,ALWAYS_NVDA,209,209,1.00000000,0.03349282,0.03349282,0.00947867,0.06220096,0.04306220,0.01790315,0.07247256,0.03349282,143,0.01398601,-0.00056201,-0.00214081,0.00101779,0.00007425,-0.00165863,0.50239234,0.03422003,-0.01396976,0.01225887,0.50143541,-0.00090094,0.86786897,0.13397129
price,full,DEV_MODAL_WINNER,209,209,1.00000000,0.11004785,0.11004785,0.06634289,0.15736728,0.11961722,0.07034530,0.17307692,0.11004785,143,0.11188811,0.00098611,-0.00191696,0.00403617,0.00125263,-0.00018021,0.51196172,0.03267191,-0.02484609,0.02293117,0.53065391,0.01236734,0.88894001,0.24401914
price,full,PRIOR_DAY_WINNER,209,209,1.00000000,0.08612440,0.08612440,0.05444874,0.12135922,0.10047847,0.06665929,0.13526570,0.18181818,143,0.11888112,0.00003704,-0.00305176,0.00315811,-0.00062067,-0.00138317,0.48803828,0.03362098,-0.02091919,0.02016820,0.49779904,0.00042059,0.87403386,0.23923445
price,full,PRIOR_RS5,209,209,1.00000000,0.10047847,0.10047847,0.05851548,0.14814815,0.11004785,0.06403156,0.15920398,0.22488038,143,0.12587413,0.00230755,-0.00123957,0.00607863,0.00078767,0.00054524,0.52153110,0.03135047,-0.02077517,0.02218835,0.49779904,0.00788059,0.87440191,0.23923445
price,full,PREMARKET_RS,209,209,1.00000000,0.08612440,0.08612440,0.05153680,0.12255133,0.09569378,0.05612126,0.13333333,0.23444976,143,0.09090909,-0.00204867,-0.00467263,0.00070285,-0.00148250,-0.00395004,0.45933014,0.03570669,-0.02252976,0.01834404,0.47419458,-0.01757527,0.87403386,0.21052632
price,full,GAP_RS,209,209,1.00000000,0.08133971,0.08133971,0.04522048,0.12183051,0.09090909,0.05499316,0.12785659,0.22966507,143,0.08391608,-0.00214988,-0.00484444,0.00063177,-0.00075950,-0.00384323,0.46411483,0.03580789,-0.02260050,0.01847556,0.47228070,-0.01713717,0.87154950,0.21052632
price,full,FIRST15_RAW,209,209,1.00000000,0.10047847,0.10047847,0.06248512,0.14354190,0.10047847,0.06161137,0.14423077,0.23444976,143,0.09790210,0.00133122,-0.00167093,0.00432538,-0.00050014,0.00010246,0.47846890,0.03232679,-0.01957371,0.01888053,0.57665072,0.00326552,0.88148693,0.24401914
price,full,FIRST15_BETA_RS,209,209,1.00000000,0.11004785,0.11004785,0.06421285,0.15790776,0.11483254,0.07141173,0.16746470,0.21531100,143,0.11188811,0.00147779,-0.00170280,0.00460897,-0.00050014,0.00022446,0.47846890,0.03218023,-0.01985089,0.01947790,0.58583732,0.00591734,0.88332720,0.25837321
price,full,FIRST15_RVOL,209,209,1.00000000,0.12440191,0.12440191,0.08080582,0.16924528,0.13397129,0.08796296,0.18181818,0.24880383,143,0.16083916,0.00044462,-0.00255237,0.00339880,-0.00031749,-0.00055270,0.48803828,0.03321340,-0.01970978,0.02088141,0.51496013,-0.00077881,0.87154950,0.26794258
price,full,OPENING_DOLLAR_SHARE,209,209,1.00000000,0.05741627,0.05741627,0.02803738,0.09091947,0.06220096,0.03178803,0.09950249,0.22966507,143,0.03496503,-0.00005456,-0.00160581,0.00152366,-0.00041748,-0.00117290,0.47368421,0.03371258,-0.01950513,0.01773822,0.50743222,-0.00101017,0.87697828,0.19138756
price,full,PV_CONFIRM_RS,209,207,0.99043062,0.09661836,0.09569378,0.05909091,0.13775950,0.09661836,0.05852948,0.13809524,0.18357488,142,0.09859155,0.00087975,-0.00207359,0.00404033,-0.00047296,-0.00014678,0.47342995,0.03289730,-0.01971164,0.01905056,0.58518519,0.00474183,0.87959866,0.24637681
price,full,PV_CONFIRM_RVOL,209,207,0.99043062,0.06763285,0.06698565,0.03381236,0.10837729,0.07246377,0.03517588,0.11483254,0.17874396,142,0.07746479,-0.00058693,-0.00329397,0.00200646,-0.00120068,-0.00135539,0.44927536,0.03436399,-0.01849332,0.01781714,0.55896940,-0.00554031,0.87393162,0.21739130
price,development,ALWAYS_NVDA,125,125,1.00000000,0.03200000,0.03200000,0.00769231,0.06505398,0.04800000,0.01587302,0.08333333,0.03200000,81,0.00000000,-0.00057190,-0.00233504,0.00124612,0.00034345,-0.00224549,0.51200000,0.02921718,-0.01405484,0.01176887,0.48522667,-0.00539774,0.86338462,0.12000000
price,development,DEV_MODAL_WINNER,125,125,1.00000000,0.12800000,0.12800000,0.06716418,0.20168067,0.13600000,0.07141451,0.21138211,0.12800000,81,0.13580247,0.00058128,-0.00294825,0.00408410,0.00146606,-0.00141943,0.51200000,0.02806400,-0.02245237,0.01985147,0.52352000,0.00994479,0.88030769,0.23200000
price,development,PRIOR_DAY_WINNER,125,125,1.00000000,0.10400000,0.10400000,0.06059953,0.15200435,0.11200000,0.06722689,0.15625000,0.20800000,81,0.14814815,0.00220564,-0.00023736,0.00473309,0.00101364,0.00018197,0.54400000,0.02643964,-0.01726147,0.01805783,0.52608000,0.01232675,0.87953846,0.24800000
price,development,PRIOR_RS5,125,125,1.00000000,0.08000000,0.08000000,0.02499483,0.14285714,0.08800000,0.02499483,0.15967227,0.17600000,81,0.11111111,0.00023398,-0.00268502,0.00349935,0.00058367,-0.00237247,0.51200000,0.02841131,-0.01861896,0.01611327,0.46165333,-0.00724374,0.86584615,0.18400000
price,development,PREMARKET_RS,125,125,1.00000000,0.08000000,0.08000000,0.03333333,0.13116343,0.08800000,0.04166667,0.13868613,0.21600000,81,0.08641975,-0.00389913,-0.00692453,-0.00099363,-0.00366677,-0.00597765,0.42400000,0.03254442,-0.02145383,0.01528670,0.44949333,-0.02432485,0.86938462,0.13600000
price,development,GAP_RS,125,125,1.00000000,0.07200000,0.07200000,0.02585654,0.12121212,0.08000000,0.03305785,0.12857143,0.22400000,81,0.07407407,-0.00372838,-0.00676020,-0.00092377,-0.00240604,-0.00568821,0.44000000,0.03237366,-0.02130119,0.01540549,0.44469333,-0.02145883,0.86846154,0.13600000
price,development,FIRST15_RAW,125,125,1.00000000,0.08000000,0.08000000,0.04065041,0.12399277,0.08000000,0.03968254,0.12396854,0.24000000,81,0.07407407,-0.00018146,-0.00296057,0.00256673,-0.00161845,-0.00301312,0.46400000,0.02882675,-0.01875568,0.01492014,0.56469333,-0.01174714,0.87892308,0.20800000
price,development,FIRST15_BETA_RS,125,125,1.00000000,0.08800000,0.08800000,0.04444444,0.13953488,0.09600000,0.04580153,0.15324132,0.20800000,81,0.09876543,-0.00034641,-0.00377007,0.00309075,-0.00170711,-0.00312055,0.45600000,0.02899169,-0.01939361,0.01573518,0.56490667,-0.00949837,0.87646154,0.23200000
price,development,FIRST15_RVOL,125,125,1.00000000,0.12000000,0.12000000,0.06349206,0.18324780,0.12000000,0.06400000,0.18605637,0.24000000,81,0.14814815,-0.00157404,-0.00543518,0.00228252,-0.00284526,-0.00266664,0.44800000,0.03021933,-0.01925447,0.01721057,0.50304000,-0.01067009,0.86692308,0.23200000
price,development,OPENING_DOLLAR_SHARE,125,125,1.00000000,0.07200000,0.07200000,0.02419355,0.12195587,0.08000000,0.03305785,0.13385827,0.28000000,81,0.04938272,-0.00045633,-0.00214155,0.00130094,-0.00016558,-0.00236032,0.48800000,0.02910161,-0.01656733,0.01406098,0.50304000,-0.00533249,0.86892308,0.18400000
price,development,PV_CONFIRM_RS,125,123,0.98400000,0.08130081,0.08000000,0.03448276,0.13445378,0.08130081,0.03360644,0.13741774,0.17886179,80,0.08750000,-0.00043697,-0.00355215,0.00298736,-0.00161845,-0.00262960,0.44715447,0.02920108,-0.01898186,0.01615964,0.57560976,-0.00736942,0.87648530,0.22764228
price,development,PV_CONFIRM_RVOL,125,123,0.98400000,0.04878049,0.04800000,0.00869565,0.09375668,0.04878049,0.01538168,0.09836066,0.15447154,80,0.05000000,-0.00192336,-0.00498810,0.00132382,-0.00170711,-0.00371406,0.42276423,0.03068746,-0.01795878,0.01427355,0.54504065,-0.01910818,0.86819887,0.18699187
price,holdout,ALWAYS_NVDA,84,84,1.00000000,0.03571429,0.03571429,0.00000000,0.09411765,0.03571429,0.00000000,0.09302326,0.03571429,62,0.03225806,-0.00054731,-0.00332269,0.00282462,-0.00027335,-0.00078532,0.48809524,0.04166474,-0.01384315,0.01298803,0.52555556,0.00579073,0.87454212,0.15476190
price,holdout,DEV_MODAL_WINNER,84,84,1.00000000,0.08333333,0.08333333,0.03370787,0.15384615,0.09523810,0.03409091,0.18987342,0.08333333,62,0.08064516,0.00158852,-0.00301488,0.00621625,0.00025921,0.00166386,0.51190476,0.03952892,-0.02840819,0.02751406,0.54126984,0.01597233,0.90178571,0.26190476
price,holdout,PRIOR_DAY_WINNER,84,84,1.00000000,0.05952381,0.05952381,0.02298851,0.10714286,0.08333333,0.03571429,0.13253012,0.14285714,62,0.08064516,-0.00319004,-0.00913975,0.00301967,-0.00376131,-0.00371224,0.40476190,0.04430748,-0.02636223,0.02330864,0.45571429,-0.01729690,0.86584249,0.22619048
price,holdout,PRIOR_RS5,84,84,1.00000000,0.13095238,0.13095238,0.07056772,0.19767442,0.14285714,0.08333333,0.20930233,0.29761905,62,0.14516129,0.00539323,-0.00178174,0.01189933,0.00193703,0.00488706,0.53571429,0.03572421,-0.02398382,0.03122866,0.55158730,0.03038702,0.88713370,0.32142857
price,holdout,PREMARKET_RS,84,84,1.00000000,0.09523810,0.09523810,0.04425926,0.16456069,0.10714286,0.04705882,0.17569555,0.26190476,62,0.09677419,0.00070499,-0.00420336,0.00585049,0.00144022,-0.00093276,0.51190476,0.04041244,-0.02413085,0.02289365,0.51095238,-0.00753125,0.88095238,0.32142857
price,holdout,GAP_RS,84,84,1.00000000,0.09523810,0.09523810,0.04493134,0.16250000,0.10714286,0.04819277,0.17242444,0.23809524,62,0.09677419,0.00019908,-0.00453070,0.00552249,0.00005419,-0.00109772,0.50000000,0.04091836,-0.02453400,0.02304410,0.51333333,-0.01070612,0.87614469,0.32142857
price,holdout,FIRST15_RAW,84,84,1.00000000,0.13095238,0.13095238,0.05745494,0.21176471,0.13095238,0.05546537,0.21954765,0.22619048,62,0.12903226,0.00358225,-0.00248531,0.00899989,0.00002759,0.00473875,0.50000000,0.03753519,-0.02079103,0.02477397,0.59444444,0.02560580,0.88530220,0.29761905
price,holdout,FIRST15_BETA_RS,84,84,1.00000000,0.14285714,0.14285714,0.06408228,0.23529412,0.14285714,0.06172840,0.22988506,0.22619048,62,0.12903226,0.00419237,-0.00138670,0.00968335,0.00008820,0.00520214,0.51190476,0.03692507,-0.02053136,0.02504742,0.61698413,0.02885740,0.89354396,0.29761905
price,holdout,FIRST15_RVOL,84,84,1.00000000,0.13095238,0.13095238,0.06410256,0.19767442,0.15476190,0.08139535,0.23529412,0.26190476,62,0.17741935,0.00344858,-0.00117756,0.00781678,0.00172946,0.00259305,0.54761905,0.03766886,-0.02038732,0.02634397,0.53269841,0.01394035,0.87843407,0.32142857
price,holdout,OPENING_DOLLAR_SHARE,84,84,1.00000000,0.03571429,0.03571429,0.00000000,0.08235294,0.03571429,0.00000000,0.07500000,0.15476190,62,0.01612903,0.00054330,-0.00213641,0.00336594,-0.00187385,0.00059411,0.45238095,0.04057414,-0.02387686,0.02321030,0.51396825,0.00542185,0.88896520,0.20238095
price,holdout,PV_CONFIRM_RS,84,84,1.00000000,0.11904762,0.11904762,0.05000000,0.19277108,0.11904762,0.05681818,0.18988849,0.19047619,62,0.11290323,0.00280782,-0.00312145,0.00831182,0.00008820,0.00348879,0.51190476,0.03830962,-0.02078025,0.02328370,0.59920635,0.02247616,0.88415751,0.27380952
price,holdout,PV_CONFIRM_RVOL,84,84,1.00000000,0.09523810,0.09523810,0.03571429,0.16283858,0.10714286,0.03658537,0.18604651,0.21428571,62,0.11290323,0.00136997,-0.00293355,0.00584217,-0.00002391,0.00209837,0.48809524,0.03974747,-0.01927604,0.02300598,0.57936508,0.01432692,0.88232601,0.26190476
options_magnitude,full,ALWAYS_NVDA,106,106,1.00000000,0.01886792,0.01886792,0.00000000,0.04761905,0.02830189,0.00000000,0.06185567,0.01886792,77,0.01298701,-0.00124821,-0.00344031,0.00102406,-0.00094021,-0.00120588,0.47169811,0.03993392,-0.01386573,0.01299550,0.52943396,0.00404872,0.87028302,0.15094340
options_magnitude,full,DEV_MODAL_WINNER,106,106,1.00000000,0.10377358,0.10377358,0.06422018,0.14814815,0.11320755,0.06479995,0.16666667,0.10377358,77,0.06493506,0.00287165,-0.00059661,0.00647440,0.00204907,0.00329042,0.53773585,0.03581406,-0.02147111,0.02184337,0.54779874,0.03376517,0.89477504,0.29245283
options_magnitude,full,PRIOR_DAY_WINNER,106,106,1.00000000,0.08490566,0.08490566,0.03846154,0.13636364,0.10377358,0.05660377,0.15315315,0.16037736,77,0.11688312,-0.00083021,-0.00666491,0.00460980,-0.00212771,-0.00121351,0.46226415,0.03951591,-0.02417258,0.02397178,0.49345912,-0.00098397,0.87209724,0.26415094
options_magnitude,full,PRIOR_RS5,106,106,1.00000000,0.11320755,0.11320755,0.05940594,0.16666667,0.12264151,0.06796117,0.17759513,0.27358491,77,0.12987013,0.00365811,-0.00220287,0.00967043,0.00064103,0.00321416,0.51886792,0.03502759,-0.02329219,0.02778587,0.52981132,0.02358550,0.88534107,0.26415094
options_magnitude,full,PREMARKET_RS,106,106,1.00000000,0.09433962,0.09433962,0.04672897,0.14423325,0.10377358,0.04761905,0.15890654,0.26415094,77,0.10389610,0.00063155,-0.00374325,0.00506358,-0.00046897,-0.00039480,0.48113208,0.03805416,-0.02308947,0.02335820,0.52654088,-0.00134361,0.88098694,0.29245283
options_magnitude,full,GAP_RS,106,106,1.00000000,0.09433962,0.09433962,0.04629630,0.14705882,0.10377358,0.05504587,0.15740741,0.24528302,77,0.10389610,0.00027225,-0.00428033,0.00472336,-0.00049561,-0.00047205,0.47169811,0.03841345,-0.02337474,0.02343978,0.52767296,-0.00349396,0.87699565,0.29245283
options_magnitude,full,FIRST15_RAW,106,106,1.00000000,0.09433962,0.09433962,0.02912621,0.16984532,0.09433962,0.03703704,0.16822430,0.19811321,77,0.09090909,0.00201446,-0.00293497,0.00703458,-0.00034793,0.00284735,0.46226415,0.03667125,-0.02052100,0.02306147,0.59056604,0.01433833,0.88733672,0.24528302
options_magnitude,full,FIRST15_BETA_RS,106,106,1.00000000,0.10377358,0.10377358,0.03772703,0.18446602,0.10377358,0.03921569,0.18097403,0.18867925,77,0.09090909,0.00251783,-0.00243842,0.00775518,-0.00015561,0.00310905,0.47169811,0.03616788,-0.02031109,0.02337886,0.61584906,0.01740190,0.89423077,0.25471698
options_magnitude,full,FIRST15_RVOL,106,106,1.00000000,0.13207547,0.13207547,0.07547170,0.19047619,0.15094340,0.08653846,0.21568627,0.24528302,77,0.16883117,0.00303608,-0.00072409,0.00719362,0.00174571,0.00281081,0.54716981,0.03564962,-0.01972826,0.02603587,0.55295597,0.01637058,0.87826560,0.32075472
options_magnitude,full,OPENING_DOLLAR_SHARE,106,106,1.00000000,0.03773585,0.03773585,0.00900901,0.07619048,0.03773585,0.00900901,0.07694175,0.14150943,77,0.01298701,0.00036988,-0.00203857,0.00273336,-0.00120218,0.00037788,0.46226415,0.03831582,-0.02210363,0.02140141,0.53245283,0.00844775,0.88733672,0.18867925
options_magnitude,full,PV_CONFIRM_RS,106,106,1.00000000,0.08490566,0.08490566,0.02912621,0.14545896,0.08490566,0.02912621,0.14423077,0.15094340,77,0.07792208,0.00161070,-0.00345719,0.00661400,-0.00026498,0.00227598,0.46226415,0.03707501,-0.02018376,0.02268095,0.60603774,0.01460857,0.88316401,0.22641509
options_magnitude,full,PV_CONFIRM_RVOL,106,106,1.00000000,0.07547170,0.07547170,0.02777141,0.13515482,0.08490566,0.02830189,0.15458090,0.17924528,77,0.07792208,0.00035210,-0.00358022,0.00439980,-0.00133984,0.00111306,0.45283019,0.03833361,-0.01901316,0.02207316,0.58138365,0.00913014,0.88388970,0.21698113
options_magnitude,full,OPT_PREMIUM_ANOM,106,106,1.00000000,0.11320755,0.11320755,0.05607477,0.17592593,0.12264151,0.06542056,0.18522845,0.19811321,77,0.14285714,0.00374309,-0.00149246,0.00936915,0.00083721,0.00313066,0.56603774,0.03494262,-0.02017517,0.02469432,0.54930818,0.02196551,0.87173440,0.29245283
options_magnitude,full,PV_CONFIRM_RS_OPT_ATTN,106,83,0.78301887,0.07228916,0.05660377,0.02298851,0.13255020,0.07228916,0.02247191,0.13581650,0.08433735,64,0.07812500,0.00081681,-0.00553601,0.00693260,-0.00170711,0.00139088,0.43373494,0.03869160,-0.02104437,0.02261671,0.59839357,0.01039631,0.88206673,0.25301205
options_magnitude,development,ALWAYS_NVDA,63,63,1.00000000,0.01587302,0.01587302,0.00000000,0.04840693,0.03174603,0.00000000,0.08064516,0.01587302,45,0.02222222,-0.00148595,-0.00399174,0.00087599,-0.00013546,-0.00084371,0.49206349,0.03571518,-0.01284200,0.01257677,0.52380952,0.00944118,0.86111111,0.12698413
options_magnitude,development,DEV_MODAL_WINNER,63,63,1.00000000,0.12698413,0.12698413,0.06776836,0.17910448,0.14285714,0.07689394,0.20967742,0.12698413,45,0.11111111,0.00229365,-0.00172040,0.00657249,0.00061227,0.00366002,0.52380952,0.03193557,-0.01772920,0.02022306,0.55153439,0.03683907,0.88217338,0.31746032
options_magnitude,development,PRIOR_DAY_WINNER,63,63,1.00000000,0.09523810,0.09523810,0.03125000,0.16923077,0.11111111,0.04761905,0.18336538,0.14285714,45,0.13333333,0.00149680,-0.00460306,0.00699645,0.00271671,0.00169514,0.53968254,0.03273242,-0.01992716,0.02124567,0.50793651,0.00975876,0.88492063,0.31746032
options_magnitude,development,PRIOR_RS5,63,63,1.00000000,0.11111111,0.11111111,0.04685697,0.19049370,0.11111111,0.04543758,0.18333333,0.30158730,45,0.11111111,0.00207095,-0.00576211,0.00931089,0.00060286,0.00273610,0.52380952,0.03215828,-0.01987044,0.02110443,0.51597884,0.02050794,0.88522589,0.23809524
options_magnitude,development,PREMARKET_RS,63,63,1.00000000,0.11111111,0.11111111,0.04615385,0.19047619,0.12698413,0.06060606,0.20312500,0.30158730,45,0.13333333,0.00089879,-0.00400972,0.00570259,-0.00148250,-0.00010446,0.46031746,0.03333043,-0.02004195,0.02105248,0.50878307,0.00041641,0.86996337,0.23809524
options_magnitude,development,GAP_RS,63,63,1.00000000,0.11111111,0.11111111,0.04545455,0.18644068,0.12698413,0.06250000,0.20007812,0.26984127,45,0.13333333,0.00035585,-0.00452581,0.00560722,-0.00043702,-0.00038304,0.46031746,0.03387338,-0.02039173,0.02113321,0.51470899,-0.00201564,0.86477411,0.23809524
options_magnitude,development,FIRST15_RAW,63,63,1.00000000,0.03174603,0.03174603,0.00000000,0.07575758,0.03174603,0.00000000,0.07575758,0.12698413,45,0.04444444,-0.00010973,-0.00474010,0.00456608,-0.00102967,0.00094909,0.44444444,0.03433895,-0.01682451,0.01906164,0.58031746,0.00563341,0.88125763,0.19047619
options_magnitude,development,FIRST15_BETA_RS,63,63,1.00000000,0.04761905,0.04761905,0.00000000,0.11764706,0.04761905,0.00000000,0.11940299,0.09523810,45,0.04444444,0.00018615,-0.00521924,0.00567683,-0.00102967,0.00109284,0.44444444,0.03404307,-0.01727106,0.01943088,0.60550265,0.00828388,0.88705739,0.22222222
options_magnitude,development,FIRST15_RVOL,63,63,1.00000000,0.14285714,0.14285714,0.07352941,0.22580645,0.17460317,0.09087517,0.26868633,0.23809524,45,0.17777778,0.00393146,-0.00197573,0.01033183,0.00302883,0.00484407,0.58730159,0.03029776,-0.01677384,0.02321501,0.57142857,0.02778918,0.88308913,0.34920635
options_magnitude,development,OPENING_DOLLAR_SHARE,63,63,1.00000000,0.03174603,0.03174603,0.00000000,0.08064516,0.03174603,0.00000000,0.08064516,0.14285714,45,0.02222222,-0.00062294,-0.00259040,0.00136841,-0.00041748,0.00015725,0.46031746,0.03485217,-0.01489137,0.01569363,0.53312169,0.00741679,0.87179487,0.15873016
options_magnitude,development,PV_CONFIRM_RS,63,63,1.00000000,0.04761905,0.04761905,0.00000000,0.12121212,0.04761905,0.00000000,0.12307692,0.07936508,45,0.04444444,-0.00039983,-0.00524100,0.00505134,-0.00102967,0.00071092,0.42857143,0.03462905,-0.01665731,0.01987772,0.60148148,0.00642766,0.87240537,0.19047619
options_magnitude,development,PV_CONFIRM_RVOL,63,63,1.00000000,0.04761905,0.04761905,0.00000000,0.09836066,0.06349206,0.00000000,0.14285714,0.14285714,45,0.04444444,-0.00211868,-0.00682577,0.00241113,-0.00170711,-0.00115633,0.41269841,0.03634790,-0.01680253,0.01836767,0.56910053,-0.00071139,0.87851038,0.19047619
options_magnitude,development,OPT_PREMIUM_ANOM,63,63,1.00000000,0.11111111,0.11111111,0.03174603,0.20000000,0.12698413,0.04687500,0.21875000,0.22222222,45,0.13333333,0.00460336,-0.00066474,0.01087175,0.00224488,0.00525597,0.58730159,0.02962586,-0.01449903,0.02050945,0.58751323,0.03579879,0.87820513,0.34920635
options_magnitude,development,PV_CONFIRM_RS_OPT_ATTN,63,49,0.77777778,0.04081633,0.03174603,0.00000000,0.10000000,0.04081633,0.00000000,0.10416667,0.04081633,39,0.05128205,-0.00087303,-0.00538194,0.00325773,-0.00170711,0.00189604,0.40816327,0.03542906,-0.01581985,0.01927021,0.62557823,0.01460476,0.89638932,0.18367347
options_magnitude,holdout,ALWAYS_NVDA,43,43,1.00000000,0.02325581,0.02325581,0.00000000,0.07692308,0.02325581,0.00000000,0.07894737,0.02325581,32,0.00000000,-0.00089989,-0.00493431,0.00416157,-0.00253624,-0.00173651,0.44186047,0.04611487,-0.01536562,0.01360899,0.53767442,-0.00385187,0.88372093,0.18604651
options_magnitude,holdout,DEV_MODAL_WINNER,43,43,1.00000000,0.06976744,0.06976744,0.00000000,0.13636364,0.06976744,0.00000000,0.13636364,0.06976744,32,0.00000000,0.00371849,-0.00217485,0.01013706,0.00383108,0.00274891,0.55813953,0.04149648,-0.02695343,0.02421733,0.54232558,0.02926156,0.91323792,0.25581395
options_magnitude,holdout,PRIOR_DAY_WINNER,43,43,1.00000000,0.06976744,0.06976744,0.00000000,0.14583333,0.09302326,0.02222222,0.17073171,0.18604651,32,0.09375000,-0.00423954,-0.01380729,0.00602112,-0.00609727,-0.00547502,0.34883721,0.04945452,-0.03039262,0.02796586,0.47224806,-0.01672332,0.85330948,0.18604651
options_magnitude,holdout,PRIOR_RS5,43,43,1.00000000,0.11627907,0.11627907,0.04651163,0.18181818,0.13953488,0.06976744,0.20454545,0.23255814,32,0.15625000,0.00598350,-0.00161715,0.01300385,0.00184529,0.00391458,0.51162791,0.03923148,-0.02830546,0.03757496,0.55007752,0.02809449,0.88550984,0.30232558
options_magnitude,holdout,PREMARKET_RS,43,43,1.00000000,0.06976744,0.06976744,0.00000000,0.13953488,0.06976744,0.02031250,0.13953488,0.20930233,32,0.06250000,0.00024001,-0.00746262,0.00852683,0.00184529,-0.00082018,0.51162791,0.04497497,-0.02755443,0.02673634,0.55255814,-0.00392225,0.89713775,0.37209302
options_magnitude,holdout,GAP_RS,43,43,1.00000000,0.06976744,0.06976744,0.00000000,0.13636364,0.06976744,0.02031250,0.13333333,0.20930233,32,0.06250000,0.00014978,-0.00725382,0.00805052,-0.00062045,-0.00060245,0.48837209,0.04506519,-0.02774519,0.02681917,0.54666667,-0.00565987,0.89490161,0.37209302
options_magnitude,holdout,FIRST15_RAW,43,43,1.00000000,0.18604651,0.18604651,0.05263158,0.32608696,0.18604651,0.06818182,0.33333333,0.30232558,32,0.15625000,0.00512665,-0.00560691,0.01406370,-0.00000111,0.00562852,0.48837209,0.04008833,-0.02593678,0.02892167,0.60558140,0.02709205,0.89624329,0.32558140
options_magnitude,holdout,FIRST15_BETA_RS,43,43,1.00000000,0.18604651,0.18604651,0.06972780,0.31914894,0.18604651,0.06818182,0.32558140,0.32558140,32,0.15625000,0.00593402,-0.00351484,0.01403961,0.00005630,0.00606303,0.51162791,0.03928096,-0.02476508,0.02916311,0.63100775,0.03076087,0.90474061,0.30232558
options_magnitude,holdout,FIRST15_RVOL,43,43,1.00000000,0.11627907,0.11627907,0.02631579,0.20833333,0.11627907,0.02500000,0.21276596,0.25581395,32,0.15625000,0.00172425,-0.00496069,0.00803274,-0.00062045,-0.00016815,0.48837209,0.04349073,-0.02405683,0.03016875,0.52589147,-0.00035901,0.87119857,0.27906977
options_magnitude,holdout,OPENING_DOLLAR_SHARE,43,43,1.00000000,0.04651163,0.04651163,0.00000000,0.11627907,0.04651163,0.00000000,0.11627907,0.13953488,32,0.00000000,0.00182450,-0.00297374,0.00657630,-0.00314546,0.00070113,0.46511628,0.04339048,-0.03267042,0.02976398,0.53147287,0.00995823,0.91010733,0.23255814
options_magnitude,holdout,PV_CONFIRM_RS,43,43,1.00000000,0.13953488,0.13953488,0.04878049,0.23255814,0.13953488,0.04878049,0.22727273,0.25581395,32,0.12500000,0.00455636,-0.00529339,0.01289296,0.00005630,0.00456897,0.51162791,0.04065862,-0.02535042,0.02678801,0.61271318,0.02659456,0.89892665,0.27906977
options_magnitude,holdout,PV_CONFIRM_RVOL,43,43,1.00000000,0.11627907,0.11627907,0.00000000,0.22732008,0.11627907,0.00000000,0.22916667,0.23255814,32,0.12500000,0.00397208,-0.00206520,0.01032929,0.00021838,0.00443800,0.51162791,0.04124289,-0.02225199,0.02750214,0.59937984,0.02354912,0.89177102,0.25581395
options_magnitude,holdout,OPT_PREMIUM_ANOM,43,43,1.00000000,0.11627907,0.11627907,0.04761905,0.18367347,0.11627907,0.04761905,0.18604651,0.16279070,32,0.15625000,0.00248268,-0.00655335,0.01125060,0.00006360,0.00001682,0.53488372,0.04273229,-0.02849137,0.03082565,0.49333333,0.00169814,0.86225403,0.20930233
options_magnitude,holdout,PV_CONFIRM_RS_OPT_ATTN,43,34,0.79069767,0.11764706,0.09302326,0.02500000,0.22857143,0.11764706,0.00000000,0.22500000,0.14705882,25,0.12000000,0.00325217,-0.01086728,0.01624483,-0.00159538,0.00066285,0.47058824,0.04339351,-0.02857382,0.02743960,0.55921569,0.00433120,0.86142534,0.35294118
