date,winner,raw_winner,after_return,after_resid,runner_up_resid,leader_margin,clear_leader,forgiving,mae,mfe,vwap_hold,trend_efficiency,rescue_fraction,first15_resid,rvol15,first15_rs_pick,pv_confirm_pick
2025-07-31,LRCX,LRCX,0.03109034,0.05083200,0.02977287,0.02105913,True,True,-0.00358735,0.03956952,1.00000000,0.18578426,0.86538462,0.01756146,7.50986034,LRCX,LRCX
2025-08-01,LRCX,LRCX,0.03637831,0.03944828,0.02296634,0.01648194,True,True,-0.00505703,0.04002582,0.92000000,0.30053868,0.94230769,0.01629185,2.59955540,KLAC,KLAC
2025-08-04,KLAC,NVDA,0.01757661,0.01165819,0.01069792,0.00096027,False,True,-0.00109993,0.01968758,1.00000000,0.25198305,1.00000000,-0.00118774,0.67097029,GOOGL,GOOGL
2025-08-05,TSLA,AAPL,-0.00027594,0.01746077,0.00948982,0.00797095,False,False,-0.01018638,0.01193366,0.48000000,-0.00260345,0.96153846,-0.00107858,0.61841656,PLTR,PLTR
2025-08-06,AMZN,AMZN,0.03631025,0.02539201,0.01502856,0.01036345,True,True,-0.00372471,0.03780181,0.96000000,0.46947508,1.00000000,-0.00243194,0.72788988,AAPL,AAPL
2025-08-07,AMD,AMD,0.02126651,0.02807957,0.01817889,0.00990068,True,False,-0.00266572,0.04111131,0.65333333,0.13019511,0.88461538,0.01154981,1.54127920,AMZN,AMZN
2025-08-12,QCOM,LRCX,0.02739909,0.02005204,0.01930212,0.00074992,False,True,0.00000000,0.02846832,1.00000000,0.44142030,1.00000000,0.00530716,0.53788889,META,META
2025-08-14,MU,MU,0.01804291,0.01810413,0.01217477,0.00592937,True,True,-0.00438882,0.02194408,0.98666667,0.17714933,1.00000000,-0.00445156,0.74735549,AMD,AMD
2025-08-15,NOW,PANW,0.01107005,0.01338016,0.01324688,0.00013329,False,True,-0.00882572,0.01191531,0.90666667,0.15236368,0.98076923,0.00962834,1.32769931,AMAT,AMAT
2025-08-18,NOW,NOW,0.02261779,0.02176688,0.01420180,0.00756508,True,True,-0.00129605,0.02335184,1.00000000,0.37947889,1.00000000,0.00628063,1.48515571,MU,MU
2025-08-19,LRCX,LRCX,0.01215637,0.02513981,0.00920209,0.01593772,True,True,-0.00116015,0.01518285,0.85333333,0.13300514,0.90384615,0.00811844,1.21934700,ANET,CRM
2025-08-20,PLTR,PLTR,0.02759189,0.02740701,0.01521101,0.01219601,True,False,-0.06244237,0.03056251,0.76000000,0.10438419,1.00000000,0.00604571,2.98050442,PANW,PANW
2025-08-22,TSLA,TSLA,0.04689651,0.02861592,0.01673812,0.01187780,True,True,-0.00633600,0.04763547,1.00000000,0.39694867,1.00000000,0.00538653,0.80813435,ANET,ANET
2025-08-25,PLTR,PLTR,0.04332813,0.04213247,0.02510042,0.01703205,True,True,-0.00813440,0.05308941,0.97333333,0.28046904,1.00000000,-0.03382501,1.80897327,LRCX,LRCX
2025-08-28,NOW,NOW,0.03478586,0.03240225,0.01041044,0.02199181,True,True,-0.00587475,0.04316322,0.97333333,0.35856688,1.00000000,0.00530256,0.76972064,ANET,ANET
2025-08-29,ANET,ANET,0.00726482,0.02082381,0.01032293,0.01050088,True,False,-0.00814987,0.00792861,0.57333333,0.07173653,1.00000000,0.00537279,0.84176630,QCOM,QCOM
2025-09-02,MU,MRVL,0.03259259,0.02530002,0.02272199,0.00257803,False,True,-0.00165142,0.03315904,1.00000000,0.29455777,1.00000000,-0.01211048,1.15901293,PLTR,PLTR
2025-09-03,AAPL,AAPL,0.01701493,0.01482674,0.01237200,0.00245474,False,True,-0.00059701,0.01855011,0.82666667,0.23565683,1.00000000,-0.01044807,2.25372320,ANET,ANET
2025-09-04,MU,MU,0.04519061,0.03472773,0.02849663,0.00623110,True,True,-0.00193554,0.04695784,0.82666667,0.42309450,1.00000000,-0.00076964,0.75528325,AMZN,AMZN
2025-09-08,ADBE,ADBE,0.03676726,0.03757808,0.03439494,0.00318314,False,True,-0.00277489,0.03717193,0.98666667,0.40453126,1.00000000,-0.00939919,1.71726524,AVGO,AVGO
2025-09-11,TSLA,TSLA,0.05677946,0.05087724,0.02152134,0.02935590,True,True,-0.00192017,0.05733823,0.98666667,0.41186570,1.00000000,0.00025315,0.79536021,MU,MU
2025-09-12,TSLA,TSLA,0.04717580,0.04158196,0.03134179,0.01024017,True,True,-0.00126930,0.04900016,1.00000000,0.26886987,1.00000000,0.02023411,2.23065850,TSLA,TSLA
2025-09-17,TSLA,TSLA,0.03090861,0.03099695,0.02318798,0.00780898,True,True,-0.00256764,0.03750236,0.89333333,0.14825142,1.00000000,-0.00350460,1.40309951,MRVL,MRVL
2025-09-18,AMD,AMD,0.04074098,0.03602671,0.02170837,0.01431833,True,True,-0.00428440,0.04667348,1.00000000,0.30243711,1.00000000,0.00831126,2.49037932,MU,MU
2025-09-22,ORCL,ORCL,0.05421725,0.04592480,0.03594335,0.00998145,True,True,-0.01223743,0.05832852,0.93333333,0.28518138,1.00000000,0.00366666,1.55911210,AMD,AMD
2025-09-23,MRVL,MRVL,0.00282182,0.01570983,0.00766048,0.00804936,False,False,-0.00537490,0.02593389,0.54666667,0.02075960,0.69230769,-0.00797698,0.71690964,LRCX,LRCX
2025-09-24,MRVL,MRVL,0.02588085,0.03541863,0.02846701,0.00695162,True,False,-0.03818065,0.04702114,0.56000000,0.09877751,1.00000000,0.01868962,1.62389185,MRVL,MRVL
2025-09-30,NVDA,NVDA,0.01889471,0.01257270,0.00940429,0.00316841,False,True,-0.00524246,0.02309961,0.96000000,0.16236966,0.92307692,0.00716292,0.75513672,MU,MU
2025-10-03,GOOGL,GOOGL,0.01270784,0.01956740,0.01319095,0.00637645,True,True,-0.00255807,0.01621488,0.85333333,0.15207473,0.90384615,-0.00865064,1.02046877,IBM,IBM
2025-10-06,CRM,CRM,0.03630154,0.03539300,0.03282304,0.00256997,False,True,-0.00746269,0.05603339,0.84000000,0.29134492,0.98076923,-0.00785696,1.23910242,MU,MU
2025-10-08,AMD,AMD,0.08554300,0.07184595,0.02158286,0.05026309,True,True,-0.00198294,0.08771040,1.00000000,0.38885791,1.00000000,0.01512241,2.04545750,AVGO,AVGO
2025-10-09,ORCL,ORCL,0.03379037,0.03251964,0.02386762,0.00865203,True,True,-0.00034800,0.04736219,1.00000000,0.19134664,0.94230769,-0.01139927,0.56233240,MU,
2025-10-10,ANET,MSFT,-0.04581476,0.04483869,0.03664580,0.00819289,False,False,-0.04816741,0.00575780,0.17333333,-0.22352174,0.65384615,0.00582920,1.34851376,GOOGL,GOOGL
2025-10-15,AMD,AMD,0.06214111,0.06345856,0.03167960,0.03177896,True,True,-0.00084576,0.06494547,0.92000000,0.24239141,1.00000000,0.01340904,1.03728982,ANET,ANET
2025-10-16,MU,MU,0.02174461,0.04461914,0.03020483,0.01441431,True,False,-0.01518591,0.04101710,0.68000000,0.09281032,0.86538462,-0.01271487,1.76971574,GOOGL,GOOGL
2025-10-20,CRM,CRM,0.02388048,0.02141664,0.01699744,0.00441921,True,True,-0.00487274,0.02851160,1.00000000,0.30068554,0.90384615,0.01226122,0.80107808,CRM,CRM
2025-10-22,QCOM,QCOM,0.01444238,0.02545637,0.01304181,0.01241456,True,False,-0.00509379,0.01743872,0.64000000,0.11157717,0.96153846,-0.00353415,0.58860466,MRVL,MRVL
2025-10-24,IBM,IBM,0.04997780,0.04993727,0.02209221,0.02784506,True,True,-0.00334779,0.06155843,1.00000000,0.28139594,0.96153846,0.02935892,4.71187597,IBM,IBM
2025-10-29,AVGO,AVGO,0.02626053,0.02611801,0.02317228,0.00294573,False,False,-0.00457167,0.02724397,0.66666667,0.20219715,1.00000000,0.00735789,1.30727019,ANET,ANET
2025-10-30,NOW,NOW,0.01440184,0.01761039,0.01388488,0.00372551,True,True,0.00000000,0.04712343,0.89333333,0.06679620,0.88461538,-0.00072789,6.12925541,KLAC,KLAC
2025-10-31,CRM,CRM,0.02869443,0.03109075,0.02807200,0.00301875,False,True,-0.00053321,0.03410550,0.98666667,0.35338353,1.00000000,-0.00470886,0.62446585,MRVL,MRVL
2025-11-03,PLTR,PLTR,0.01402805,0.01762091,0.01658329,0.00103762,False,False,-0.01378030,0.01407349,0.64000000,0.11003362,1.00000000,0.00287960,1.37513103,TSLA,TSLA
2025-11-04,PLTR,MSFT,0.00521686,0.01889503,0.01114934,0.00774569,True,False,-0.01343926,0.03135651,0.56000000,0.02072147,0.76923077,-0.01384836,4.27170074,MRVL,MRVL
2025-11-05,TSLA,TSLA,0.03890389,0.02154975,0.02061902,0.00093073,False,True,-0.00950712,0.04807344,0.82666667,0.24994260,1.00000000,-0.01445277,1.03391526,AMAT,AMAT
2025-11-06,IBM,IBM,0.02323297,0.03165913,0.02570343,0.00595570,True,True,-0.01406421,0.03292565,0.86666667,0.22284411,1.00000000,-0.00296118,0.56681483,MU,MU
2025-11-07,NVDA,PLTR,0.02756400,0.01554951,0.01468572,0.00086379,False,False,-0.02347033,0.02789149,0.58666667,0.16427679,1.00000000,-0.00093496,1.52451721,MU,MU
2025-11-10,NVDA,PLTR,0.02134757,0.01614200,0.01590444,0.00023756,False,True,-0.00554216,0.02601734,0.78666667,0.20602015,1.00000000,-0.00675651,1.23409382,MU,MU
2025-11-11,AAPL,AAPL,0.00790774,0.00695539,0.00642231,0.00053308,False,True,-0.00501556,0.01010434,0.81333333,0.12637195,1.00000000,0.01229702,0.87439542,IBM,IBM
2025-11-12,AMD,AMD,0.01921184,0.02138373,0.00834232,0.01304141,True,False,-0.01499941,0.03740010,0.42666667,0.07967633,0.92307692,0.01663782,2.63896979,AMD,CRM
2025-11-13,MRVL,MRVL,0.03131622,0.04619137,0.01285194,0.03333943,True,False,-0.00023546,0.04132329,0.62666667,0.14520760,0.92307692,-0.01635846,1.39381957,QCOM,AAPL
2025-11-14,ORCL,AMAT,0.04881608,0.03617740,0.03090258,0.00527482,True,True,-0.00061197,0.06882267,1.00000000,0.20972713,0.94230769,0.00206027,2.61420555,AMAT,AMAT
2025-11-17,TSLA,AMZN,-0.00009757,0.02389195,0.01873841,0.00515354,False,False,-0.01012324,0.03670401,0.49333333,-0.00053182,0.69230769,0.01132572,0.90608751,MU,MU
2025-11-18,ORCL,ORCL,0.01728509,0.02061531,0.01531044,0.00530487,True,True,-0.01129292,0.03111316,0.72000000,0.09704165,0.96153846,0.00600443,0.78571206,MRVL,MRVL
2025-11-19,AVGO,AVGO,0.02721394,0.02851923,0.01791404,0.01060518,True,False,-0.00060891,0.04245854,0.38666667,0.14764760,0.86538462,0.00523730,0.81744001,GOOGL,GOOGL
2025-11-20,TSLA,IBM,-0.06518704,0.02482240,0.02059754,0.00422486,False,False,-0.06599153,0.01493032,0.18666667,-0.28959579,0.61538462,0.01924645,1.18365021,TSLA,TSLA
2025-11-21,LRCX,LRCX,0.04363104,0.03206257,0.02870323,0.00335934,False,True,-0.00805271,0.05717423,0.85333333,0.18340719,1.00000000,-0.02179644,1.17660490,AAPL,AAPL
2025-11-24,MRVL,MRVL,0.05291604,0.02702862,0.01968779,0.00734082,True,True,-0.00110985,0.06309703,1.00000000,0.43123758,1.00000000,0.00568048,0.95726359,AVGO,AVGO
2025-11-25,ORCL,ORCL,0.05647324,0.04141307,0.01342118,0.02799189,True,True,-0.00445136,0.06945189,0.97333333,0.25645522,0.90384615,-0.03403983,2.61287369,AAPL,AAPL
2025-11-26,AVGO,AVGO,0.02898513,0.02459458,0.01848166,0.00611292,True,True,-0.00046625,0.03577164,0.98666667,0.21921147,1.00000000,0.00058379,1.93947805,MRVL,MRVL
2025-12-01,AAPL,MU,0.02473958,0.02111469,0.01977628,0.00133842,False,True,-0.00122975,0.02510127,0.93333333,0.43686530,1.00000000,-0.00530279,0.67430440,ADBE,ADBE
2025-12-02,AMAT,AMAT,0.01900265,0.01869092,0.01560542,0.00308550,False,True,-0.01320588,0.02518292,0.78666667,0.15717779,1.00000000,0.01123207,0.95409612,PLTR,PLTR
2025-12-03,ORCL,PLTR,0.03492949,0.02724041,0.02280357,0.00443684,True,True,-0.00075988,0.03602571,0.93333333,0.28115800,1.00000000,0.00259883,0.99190783,TSLA,TSLA
2025-12-05,MU,MU,0.02976617,0.02808641,0.02146989,0.00661652,True,True,-0.00240995,0.04461669,0.94666667,0.18287803,0.88461538,0.00292276,0.81847660,ADBE,ADBE
2025-12-08,MRVL,MRVL,0.01288404,0.02331943,0.01461298,0.00870646,True,False,-0.02081269,0.02180266,0.58666667,0.05991765,1.00000000,0.00304957,4.45836183,MU,MU
2025-12-09,ADBE,MU,0.01714539,0.01537143,0.01135592,0.00401550,True,True,-0.00025105,0.02717271,0.96000000,0.23166439,0.75000000,-0.00806160,1.79228383,LRCX,LRCX
2025-12-10,MU,MU,0.03862661,0.02331955,0.02131066,0.00200889,False,True,-0.01334803,0.04244596,0.86666667,0.27654992,1.00000000,-0.00396884,0.68593438,ANET,ANET
2025-12-11,ORCL,ORCL,0.03417070,0.02835437,0.02331798,0.00503639,True,True,-0.01487492,0.05055391,0.97333333,0.14935009,1.00000000,0.01127443,6.60157937,ADBE,ADBE
2025-12-12,TSLA,TSLA,0.00219372,0.02875245,0.02858391,0.00016854,False,False,-0.03591814,0.01066303,0.37333333,0.01401709,0.96153846,0.02290323,1.39615647,TSLA,TSLA
2025-12-15,ANET,ANET,0.01369201,0.02452422,0.01785968,0.00666455,True,True,-0.00314111,0.02577320,0.93333333,0.10795022,0.98076923,-0.00507988,1.07014875,TSLA,TSLA
2025-12-16,TSLA,TSLA,0.03529909,0.02721767,0.01989021,0.00732747,True,True,-0.00830670,0.03889241,0.96000000,0.26868572,1.00000000,-0.00073649,1.46301078,AVGO,AVGO
2025-12-17,ADBE,ADBE,0.01067788,0.01903892,0.01058340,0.00845552,True,False,-0.00246632,0.02017250,0.54666667,0.11673722,0.96153846,0.00945965,0.61526933,CRM,CRM
2025-12-18,AAPL,AAPL,0.01472727,0.01354095,0.00959837,0.00394257,True,True,-0.00052198,0.01864211,0.90666667,0.17051145,0.88461538,-0.01814100,1.90210476,MU,MU
2025-12-19,ANET,ANET,0.03161869,0.02971215,0.01682921,0.01288294,True,True,-0.00306748,0.04231556,1.00000000,0.30816405,1.00000000,0.00629372,2.75502067,MU,MU
2025-12-22,ORCL,ORCL,0.02758424,0.02779540,0.02076520,0.00703020,True,True,-0.00023311,0.02981170,0.92000000,0.24471282,1.00000000,-0.01457460,1.12667871,PLTR,PLTR
2025-12-23,NVDA,NVDA,0.02425030,0.01939993,0.01682090,0.00257903,False,True,-0.00671214,0.02484573,0.97333333,0.33697385,1.00000000,0.00478325,0.72951578,MRVL,MRVL
2025-12-26,NOW,NOW,0.00947976,0.01103301,0.01098232,0.00005069,False,True,-0.00052483,0.01344880,0.89333333,0.17693155,0.76923077,-0.00099938,0.41260831,NVDA,NVDA
2025-12-29,MU,MU,0.02575182,0.03093529,0.00739098,0.02354432,True,True,-0.01449629,0.02623968,0.96000000,0.23940651,1.00000000,0.01521834,1.04457705,ANET,ANET
2025-12-30,AMZN,AMZN,0.00601428,0.00670628,0.00537243,0.00133384,False,False,-0.00082215,0.00722631,0.48000000,0.16517523,1.00000000,-0.00027251,0.56869123,MU,MU
2025-12-31,MU,CRM,-0.00581679,0.01015623,0.00990546,0.00025077,False,False,-0.01017067,0.00550331,0.53333333,-0.06467353,0.82692308,-0.01505345,0.97648614,AMD,
2026-01-02,MU,MU,0.03256111,0.06110167,0.04483555,0.01626612,True,True,-0.00188281,0.03341574,1.00000000,0.23995560,1.00000000,0.03431539,2.30941709,MU,MU
2026-01-05,AMAT,AMAT,0.02012917,0.02097961,0.01790103,0.00307857,False,False,-0.00186581,0.03243631,0.98666667,0.21007617,0.73076923,0.01212952,4.00503805,KLAC,KLAC
2026-01-06,MU,MU,0.06099935,0.04660187,0.01917368,0.02742818,True,True,-0.00105065,0.06470752,1.00000000,0.30841148,1.00000000,0.01447189,2.19435870,AMAT,AMAT
2026-01-07,PANW,PANW,0.02543897,0.02620217,0.01392179,0.01228038,True,True,-0.00111011,0.03760313,1.00000000,0.27497027,0.92307692,0.00226784,1.63137428,GOOGL,GOOGL
2026-01-08,QCOM,QCOM,0.02499930,0.02199722,0.01867495,0.00332228,False,True,-0.00679237,0.03892224,0.94666667,0.20564396,1.00000000,0.00080164,1.67501251,IBM,IBM
2026-01-09,ORCL,ORCL,0.04536842,0.03587174,0.02118756,0.01468418,True,True,-0.00300000,0.05357895,0.96000000,0.32285370,1.00000000,-0.01084651,0.37678836,LRCX,LRCX
2026-01-12,IBM,IBM,0.03559581,0.03354984,0.02244723,0.01110260,True,True,-0.00490977,0.03612659,0.86666667,0.42973287,1.00000000,-0.00632824,1.14686789,AVGO,AVGO
2026-01-13,ANET,ANET,0.02658503,0.03158273,0.01537008,0.01621264,True,True,-0.01394430,0.03251037,0.90666667,0.16908018,1.00000000,0.02086931,1.57117884,AMD,AMD
2026-01-14,AMD,AMD,0.03738253,0.03731341,0.01925432,0.01805908,True,True,-0.00169393,0.03998144,0.93333333,0.17628444,0.96153846,-0.00064822,1.19237098,CRM,CRM
2026-01-15,ANET,ANET,0.00973951,0.02221195,0.01070505,0.01150689,True,True,0.00000000,0.03068718,0.82666667,0.07293271,0.80769231,0.01359107,0.97477241,AMD,AMD
2026-01-16,ORCL,ORCL,0.02288054,0.03167984,0.01982066,0.01185918,True,True,-0.00165917,0.02692143,0.81333333,0.24046845,1.00000000,-0.01313598,1.87813079,MU,MU
2026-01-20,LRCX,AMD,0.00847650,0.02703406,0.02649852,0.00053554,False,True,-0.00435157,0.02510086,0.70666667,0.05724291,0.92307692,0.00202573,0.86306107,MU,MU
2026-01-21,AMD,AMD,0.04157280,0.02111464,0.00819438,0.01292026,True,False,-0.00112641,0.05506884,0.65333333,0.18061305,0.92307692,0.01520533,1.86056372,AMD,AMD
2026-01-22,MU,MU,0.04681288,0.04512031,0.03291423,0.01220609,True,True,-0.00726679,0.04731313,0.96000000,0.29875825,1.00000000,-0.03455334,1.68354320,ANET,ANET
2026-01-23,KLAC,KLAC,0.03572138,0.02760049,0.02241012,0.00519037,True,True,-0.00054082,0.03574876,1.00000000,0.31325417,1.00000000,-0.01712816,1.14566622,CRM,CRM
2026-01-26,NOW,NOW,0.01959465,0.01907450,0.01423972,0.00483478,True,True,-0.00329070,0.02183831,0.92000000,0.19621647,0.98076923,-0.00767936,1.66900903,ANET,ANET
2026-01-27,AMZN,LRCX,0.02124463,0.01559968,0.01303991,0.00255977,False,True,-0.00371468,0.02207939,0.98666667,0.26140099,1.00000000,0.00085464,0.81871696,AMAT,AMAT
2026-01-28,MU,QCOM,0.00027582,0.01324201,0.01038527,0.00285674,False,True,-0.02691521,0.00889512,0.88000000,0.00149914,1.00000000,0.02665991,1.37629902,MU,MU
2026-01-29,META,META,0.02216410,0.02071010,0.01962993,0.00108017,False,False,-0.01386034,0.02569319,0.69333333,0.16082062,1.00000000,-0.01424631,9.26688497,LRCX,LRCX
2026-01-30,TSLA,AAPL,0.01511044,0.02780942,0.02747355,0.00033588,False,True,-0.00355956,0.03693925,0.77333333,0.09081610,0.80769231,-0.00492238,1.13970250,LRCX,LRCX
2026-02-02,MU,MU,0.04479072,0.03172861,0.03115868,0.00056993,False,True,-0.00288741,0.05576767,1.00000000,0.24926760,0.80769231,-0.00038830,1.05139994,AMD,AMD
2026-02-03,PLTR,PLTR,0.01256333,0.03839975,0.02887115,0.00952860,True,False,-0.01802091,0.02488296,0.36000000,0.04179842,0.90384615,-0.04043241,5.25382529,META,ADBE
2026-02-04,CRM,ADBE,0.05197341,0.06437075,0.06270895,0.00166179,False,True,-0.01181933,0.05885395,0.94666667,0.26698832,1.00000000,-0.01806195,2.24807012,QCOM,QCOM
2026-02-05,MRVL,GOOGL,0.01518053,0.03653035,0.03223896,0.00429139,True,False,-0.03330142,0.02283917,0.77333333,0.07046009,1.00000000,-0.00751436,1.14409664,GOOGL,GOOGL
2026-02-06,AMZN,LRCX,0.03052724,0.01936571,0.01754068,0.00182503,False,False,-0.01347511,0.03606429,0.96000000,0.15318115,1.00000000,-0.00159860,7.31638583,AMD,AMD
2026-02-09,PANW,PANW,0.04362859,0.03530736,0.02602216,0.00928520,True,True,-0.00540580,0.04828000,0.96000000,0.30001470,1.00000000,-0.00799023,1.58749355,ORCL,ORCL
2026-02-10,LRCX,LRCX,0.01642213,0.02546564,0.01946920,0.00599644,True,True,-0.01175573,0.02416207,0.82666667,0.11090640,0.90384615,-0.02170060,0.60753123,TSLA,NOW
2026-02-11,MU,MU,0.02249907,0.03362389,0.01140400,0.02221989,True,False,-0.03682571,0.03191728,0.68000000,0.09674744,1.00000000,0.01810230,1.22631899,KLAC,KLAC
2026-02-12,ORCL,ADBE,-0.00407332,0.03792304,0.03037532,0.00754772,False,False,-0.02940428,0.01221996,0.68000000,-0.02167948,1.00000000,-0.00212429,0.54991809,MU,MU
2026-02-13,MU,MU,0.03603150,0.02752782,0.01521040,0.01231742,True,True,-0.00712075,0.05900410,0.96000000,0.16701461,0.90384615,-0.01587487,0.80736242,AMD,CRM
2026-02-17,AVGO,AVGO,0.03224205,0.02556227,0.01929533,0.00626694,True,True,-0.01843289,0.04189294,0.96000000,0.18774236,1.00000000,0.00370433,0.70660587,AMAT,AMAT
2026-02-18,MU,MU,0.03850993,0.02773228,0.01946531,0.00826697,True,True,-0.00826446,0.05550759,0.93333333,0.21394933,0.75000000,0.01051627,0.50372429,PLTR,PLTR
2026-02-19,AMD,AMD,0.01806807,0.01644022,0.01628378,0.00015644,False,False,-0.00753804,0.02152152,0.58666667,0.13385838,0.98076923,-0.00283179,0.45466966,PLTR,PLTR
2026-02-20,AAPL,AAPL,0.01812375,0.01511623,0.01071629,0.00439994,True,True,-0.00531014,0.01873942,0.98666667,0.17875713,0.98076923,-0.00054560,0.93618139,PANW,PANW
2026-02-23,PLTR,PLTR,0.02206205,0.03110458,0.01258585,0.01851873,True,True,-0.00278613,0.02515339,0.88000000,0.12997372,0.94230769,-0.02465466,1.39777432,AMAT,QCOM
2026-02-24,AMD,AMD,0.02996146,0.01933568,0.01198544,0.00735025,True,True,-0.00385356,0.04388247,0.94666667,0.16561846,0.88461538,-0.02803297,3.20669881,CRM,CRM
2026-02-25,CRM,CRM,0.03773789,0.03330917,0.02987771,0.00343145,False,True,0.00000000,0.04130623,1.00000000,0.25227153,1.00000000,0.00640676,1.15291873,AMAT,AMAT
2026-02-26,CRM,CRM,0.02098904,0.02894173,0.02397011,0.00497162,True,True,-0.00675745,0.02915430,0.81333333,0.10980711,1.00000000,-0.00162171,3.01716512,IBM,IBM
2026-02-27,ANET,ANET,0.04273437,0.03097634,0.03093180,0.00004454,False,True,-0.00218750,0.04359375,0.98666667,0.33293162,1.00000000,0.00116684,0.69383371,GOOGL,GOOGL
2026-03-02,ORCL,ORCL,0.02967769,0.01507457,0.01445054,0.00062403,False,True,-0.00559045,0.03644144,1.00000000,0.20847070,1.00000000,0.00793833,0.81628352,NOW,NOW
2026-03-03,NOW,NOW,0.03920308,0.03399989,0.02002020,0.01397969,True,True,-0.01028278,0.05508630,0.89333333,0.21077260,0.92307692,0.00883623,0.48082127,PANW,PANW
2026-03-04,ANET,AMD,0.04666874,0.02606615,0.02235631,0.00370984,True,True,-0.00163069,0.05264793,1.00000000,0.40698304,1.00000000,0.00802701,0.81994351,PLTR,PLTR
2026-03-05,ANET,ANET,0.03604608,0.03695712,0.02316667,0.01379045,True,False,-0.00408770,0.03664065,0.52000000,0.17886779,1.00000000,-0.00984153,0.77164723,NOW,NOW
2026-03-06,PLTR,PLTR,0.03394514,0.03521719,0.02920248,0.00601471,True,True,-0.00256562,0.06210118,0.98666667,0.15169332,1.00000000,0.01123594,0.69573590,MRVL,MRVL
2026-03-09,MRVL,MRVL,0.09235575,0.06517987,0.02417367,0.04100620,True,True,-0.00748512,0.09536158,0.96000000,0.40091491,1.00000000,-0.03279512,6.13236774,NOW,AVGO
2026-03-10,PANW,PANW,0.02443097,0.02551692,0.02045224,0.00506469,True,True,-0.00524740,0.02702870,0.80000000,0.18232677,0.96153846,-0.02320014,0.53458736,MU,MU
2026-03-11,MU,MU,0.02328310,0.03168777,0.01984526,0.01184251,True,True,-0.00057444,0.03337856,1.00000000,0.16161380,1.00000000,-0.00747160,0.74620338,ORCL,ORCL
2026-03-12,AVGO,PANW,-0.00092188,0.01535959,0.01423200,0.00112759,False,False,-0.01210337,0.01058673,0.66666667,-0.00750584,0.88461538,-0.00346634,0.63206820,CRM,CRM
2026-03-13,MU,MU,0.00705265,0.04467127,0.04022503,0.00444624,True,False,-0.01695799,0.01466233,0.53333333,0.04186206,0.94230769,0.01019961,1.51659948,ADBE,ADBE
2026-03-16,ADBE,ADBE,0.02732463,0.02736627,0.02026631,0.00709997,True,True,-0.00265090,0.04555465,0.90666667,0.19313701,0.92307692,-0.01223040,2.04983584,MRVL,MRVL
2026-03-17,MU,MU,0.02952457,0.03469285,0.02766691,0.00702595,True,True,-0.00735862,0.03186580,0.93333333,0.29510228,1.00000000,-0.01539530,1.23134418,NOW,NOW
2026-03-18,AMD,AMD,0.01130774,0.04110794,0.03859689,0.00251105,False,True,-0.00126718,0.02864966,0.84000000,0.08826440,0.98076923,0.00341893,0.62673561,NOW,NOW
2026-03-19,LRCX,LRCX,0.05993205,0.04560054,0.04072583,0.00487471,True,True,-0.00122310,0.06518686,1.00000000,0.32387732,1.00000000,0.01209595,1.31401897,MU,MU
2026-03-20,AMAT,ADBE,-0.00081094,0.03274387,0.03120283,0.00154104,False,False,-0.03061995,0.00262856,0.12000000,-0.00479615,1.00000000,-0.00273686,2.48896431,MRVL,MRVL
2026-03-23,PLTR,PLTR,0.01926856,0.02467192,0.01828080,0.00639112,True,False,-0.01071180,0.02097991,0.65333333,0.13981254,1.00000000,0.02944958,1.66208200,PLTR,PLTR
2026-03-24,KLAC,KLAC,0.03594577,0.03191149,0.02989964,0.00201185,False,True,-0.00275794,0.04659392,1.00000000,0.26553385,0.86538462,0.02468818,0.91052202,KLAC,KLAC
2026-03-25,ANET,ANET,0.01905876,0.02508157,0.02428873,0.00079284,False,True,-0.01007661,0.01958712,0.85333333,0.13792840,1.00000000,-0.00682028,0.74493973,MRVL,MRVL
2026-03-26,CRM,CRM,0.01498988,0.02562628,0.01903878,0.00658750,True,False,-0.00065649,0.02560315,0.54666667,0.11943786,0.86538462,0.00894150,1.22458067,PANW,PANW
2026-03-27,AMD,PANW,0.00114008,0.02905998,0.01793176,0.01112822,False,True,-0.02007534,0.00758352,0.73333333,0.00894698,0.86538462,0.00619901,0.65915554,LRCX,LRCX
2026-03-30,NOW,NOW,0.03842730,0.04398030,0.02333118,0.02064912,True,True,-0.00029674,0.04836795,0.97333333,0.24322294,0.88461538,0.01207494,0.69777940,PANW,PANW
2026-03-31,MRVL,MU,0.05159783,0.02712253,0.02172791,0.00539462,True,True,-0.01199703,0.05701242,0.81333333,0.21336377,0.96153846,-0.02447334,5.49632194,META,META
2026-04-01,MU,MU,0.04732751,0.03759206,0.02916621,0.00842585,True,True,-0.00595153,0.07608822,0.96000000,0.21970236,0.76923077,0.00630449,1.64633386,KLAC,KLAC
2026-04-02,AMD,AMD,0.08018470,0.03418928,0.01952722,0.01466206,True,True,-0.00163845,0.08127700,0.98666667,0.46133894,1.00000000,-0.00822783,0.97601788,MU,TSLA
2026-04-06,GOOGL,LRCX,0.00826360,0.00697886,0.00654419,0.00043467,False,True,-0.00366300,0.01024969,0.90666667,0.12793432,1.00000000,0.00326802,0.53337077,AMD,AMD
2026-04-07,PANW,PANW,0.05306224,0.04887773,0.01719770,0.03168003,True,True,-0.00663278,0.05988098,0.78666667,0.33568364,1.00000000,0.00134196,0.39844073,LRCX,LRCX
2026-04-08,MRVL,MRVL,0.02251608,0.02346326,0.02122229,0.00224098,False,True,-0.00160829,0.03341673,0.93333333,0.15326416,0.88461538,-0.01129106,2.83799960,LRCX,LRCX
2026-04-09,AMZN,AMZN,0.03766043,0.03122141,0.01130214,0.01991927,True,True,-0.00413021,0.03832660,0.93333333,0.33550409,1.00000000,-0.00119336,1.49947054,LRCX,LRCX
2026-04-10,PLTR,PLTR,0.02480198,0.02655071,0.02398090,0.00256981,False,True,-0.01848148,0.03368269,0.74666667,0.09988079,0.92307692,-0.02753626,3.26875414,AVGO,AVGO
2026-04-13,ORCL,ORCL,0.09320129,0.07528962,0.04362466,0.03166496,True,True,-0.00463548,0.09502739,1.00000000,0.52829377,1.00000000,0.02071467,1.56706851,ORCL,ORCL
2026-04-14,MU,MU,0.08132173,0.05952922,0.01182060,0.04770862,True,True,-0.00559918,0.08215232,0.96000000,0.38336427,1.00000000,-0.01702117,0.90166052,PLTR,PLTR
2026-04-15,TSLA,TSLA,0.06759075,0.04957987,0.02101908,0.02856080,True,True,-0.00088669,0.07472563,1.00000000,0.35305330,1.00000000,0.00253212,0.92965126,NOW,NOW
2026-04-16,AMD,AMD,0.04813922,0.04047427,0.03308206,0.00739221,True,True,-0.01495405,0.05220732,0.89333333,0.24296855,0.96153846,0.00512047,2.49600833,ORCL,ORCL
2026-04-17,MRVL,MRVL,0.04175054,0.03439378,0.01004700,0.02434679,True,True,-0.00413778,0.04309252,1.00000000,0.34185947,1.00000000,-0.00663202,0.60945423,CRM,CRM
2026-04-20,ORCL,ORCL,0.01660274,0.01680279,0.01610874,0.00069405,False,False,-0.00664109,0.01769050,0.56000000,0.14996380,1.00000000,-0.00927084,1.44640192,ANET,ANET
2026-04-21,ANET,ANET,0.03113815,0.04110480,0.03100467,0.01010014,True,True,-0.00202816,0.03704366,0.77333333,0.18731027,0.98076923,-0.01096808,1.55829505,MRVL,MRVL
2026-04-22,AMD,AMD,0.04942035,0.03071956,0.02497586,0.00574370,True,True,-0.01041016,0.05222167,0.93333333,0.38342282,1.00000000,-0.00492857,1.07651972,NOW,NOW
2026-04-23,IBM,IBM,0.02393511,0.02792194,0.02415721,0.00376473,True,True,-0.00935242,0.03231195,0.88000000,0.13462574,1.00000000,-0.02996650,15.85275077,MRVL,MRVL
2026-04-24,NOW,NOW,0.04375506,0.03972391,0.02042561,0.01929829,True,True,-0.01180692,0.04630166,0.81333333,0.35518304,1.00000000,0.00704295,2.09654886,AMD,AMD
2026-04-27,NVDA,NVDA,0.03260452,0.02947210,0.02333442,0.00613768,True,True,-0.01148721,0.03353403,0.77333333,0.30980538,1.00000000,0.00185165,1.26812062,MU,MU
2026-04-28,QCOM,QCOM,0.01999048,0.02177737,0.01743336,0.00434401,True,True,-0.00489563,0.03012171,0.98666667,0.15866505,0.96153846,0.01127922,2.97507616,MRVL,MRVL
2026-04-29,AMD,AMD,0.04973683,0.03641669,0.01575994,0.02065675,True,True,-0.00417328,0.05942259,0.94666667,0.27394957,1.00000000,-0.01429770,0.91381998,MRVL,AMZN
2026-04-30,QCOM,QCOM,0.07931262,0.07072760,0.03128305,0.03944455,True,True,-0.00408580,0.12293397,1.00000000,0.23502851,0.75000000,-0.02753664,11.20150971,ORCL,ORCL
2026-05-01,TSLA,TSLA,0.02448937,0.02184912,0.01980901,0.00204011,False,True,-0.00464092,0.04308215,0.94666667,0.16670772,0.98076923,-0.01076467,0.86456403,MU,MU
2026-05-04,ADBE,ADBE,0.02130910,0.02259872,0.01620262,0.00639610,True,True,-0.00345770,0.02878739,0.93333333,0.15207947,0.96153846,-0.00555504,0.72583162,MU,MU
2026-05-05,QCOM,QCOM,0.10386670,0.10185732,0.03210232,0.06975500,True,True,-0.00557882,0.10818770,1.00000000,0.36634147,1.00000000,0.00466043,2.95653774,MU,MU
2026-05-06,ORCL,ORCL,0.04284486,0.03278954,0.02156166,0.01122788,True,True,-0.01800882,0.04445759,0.97333333,0.25574381,1.00000000,-0.00490098,0.80281617,AMD,AMD
2026-05-07,QCOM,QCOM,0.06568844,0.06808444,0.02219422,0.04589022,True,False,-0.01020301,0.17629115,0.50666667,0.13302971,0.78846154,-0.00196773,1.11527459,PANW,PANW
2026-05-08,PANW,MU,0.07028836,0.06435470,0.04708216,0.01727254,True,True,-0.00399073,0.07152420,0.96000000,0.43679161,1.00000000,-0.00559988,0.96104458,MU,MU
2026-05-11,TSLA,TSLA,0.05710214,0.05567891,0.02419342,0.03148549,True,True,-0.00997625,0.06688836,0.86666667,0.32153825,1.00000000,-0.00693815,0.93723905,QCOM,QCOM
2026-05-12,ANET,ANET,0.02365908,0.02929280,0.01429275,0.01500005,True,False,-0.01235011,0.02635169,0.64000000,0.15311623,1.00000000,0.01464655,2.25015314,NVDA,NVDA
2026-05-13,PANW,PANW,0.04995852,0.04550331,0.02568156,0.01982176,True,True,-0.00580699,0.05470550,0.97333333,0.33491108,1.00000000,0.02006226,1.15136786,MRVL,MRVL
2026-05-14,NOW,NOW,0.05243576,0.05141246,0.04484268,0.00656978,True,True,-0.00395303,0.06964306,0.98666667,0.27101411,0.86538462,-0.01783890,0.74959551,AVGO,AVGO
2026-05-15,PANW,PANW,0.05057322,0.04932401,0.02939058,0.01993343,True,True,-0.00123297,0.06337876,0.98666667,0.30111482,0.96153846,-0.02654591,2.74595709,MRVL,MRVL
2026-05-18,NOW,NOW,0.03907977,0.04028838,0.03137946,0.00890893,True,True,-0.00512357,0.05163753,0.88000000,0.15578195,0.94230769,0.00957124,2.09900408,CRM,CRM
2026-05-19,MRVL,MRVL,0.03596826,0.03537298,0.02049682,0.01487616,True,True,-0.03179547,0.06752865,0.84000000,0.12203536,0.94230769,0.02938280,0.94603321,MRVL,MU
2026-05-20,NOW,NOW,0.04481991,0.04052712,0.03205988,0.00846724,True,True,-0.00060704,0.04562930,1.00000000,0.24426016,1.00000000,-0.02013464,1.53636179,MRVL,MRVL
2026-05-21,IBM,IBM,0.08558424,0.08170527,0.02708847,0.05461680,True,True,-0.00179958,0.08802945,1.00000000,0.41517613,1.00000000,0.00194119,5.79059526,ANET,ANET
2026-05-22,QCOM,QCOM,0.06611163,0.07027836,0.02426491,0.04601345,True,True,0.00000000,0.08768632,1.00000000,0.20952673,0.92307692,0.03843497,1.42104948,QCOM,QCOM
2026-05-26,MU,MU,0.05070183,0.03876497,0.03822761,0.00053736,False,True,-0.00790894,0.07511701,1.00000000,0.21171896,1.00000000,0.03688503,1.48648963,MU,MU
2026-05-27,META,META,0.03964617,0.03680025,0.01702330,0.01977696,True,False,-0.00297858,0.04495671,0.64000000,0.27804623,1.00000000,0.01166360,0.66553000,NOW,NOW
2026-05-28,PLTR,PLTR,0.05816786,0.05014211,0.02718310,0.02295901,True,True,-0.00029527,0.07034768,0.98666667,0.33679244,1.00000000,0.01992889,0.92197015,MRVL,MRVL
2026-05-29,IBM,IBM,0.07024853,0.07128936,0.05339417,0.01789519,True,True,-0.00265766,0.08102248,1.00000000,0.27204526,1.00000000,0.00265217,3.89156542,PANW,PANW
2026-06-01,ORCL,ORCL,0.07915453,0.07194831,0.04843286,0.02351545,True,True,-0.00043448,0.08837472,1.00000000,0.40533980,1.00000000,-0.00566220,3.09714702,ANET,ANET
2026-06-02,MRVL,MRVL,0.05564930,0.04469399,0.02513604,0.01955795,True,True,-0.03579918,0.05710087,1.00000000,0.16160988,1.00000000,0.09058427,5.81897113,MRVL,MRVL
2026-06-03,QCOM,QCOM,0.04228700,0.04210918,0.03942967,0.00267951,False,True,-0.01455440,0.06380583,0.97333333,0.14695567,0.94230769,0.02543635,0.57590158,QCOM,META
2026-06-04,MRVL,MRVL,0.12856287,0.11139481,0.03983343,0.07156138,True,True,-0.00974027,0.14702588,0.96000000,0.25831266,1.00000000,-0.00645582,2.83019549,PANW,PANW
2026-06-05,GOOGL,GOOGL,-0.00571567,0.03018715,0.02283763,0.00734952,False,False,-0.01830444,0.00315440,0.40000000,-0.04844740,0.82692308,0.01648225,1.16816502,GOOGL,GOOGL
2026-06-08,TSLA,TSLA,0.02459735,0.02774188,0.02403418,0.00370770,True,True,-0.00508479,0.03434111,0.97333333,0.22389115,1.00000000,0.00801163,0.86961611,KLAC,KLAC
2026-06-09,AMD,NVDA,-0.02806451,0.02668657,0.01881565,0.00787092,False,False,-0.10628948,0.01137502,0.08000000,-0.06980741,0.80769231,-0.02955120,0.67887088,AMAT,AMAT
2026-06-10,ANET,PANW,0.00799017,0.03303824,0.02288652,0.01015172,True,False,-0.00302205,0.02929065,0.44000000,0.04202503,0.90384615,-0.01175609,0.64855417,ORCL,ORCL
2026-06-11,PANW,MU,0.06471641,0.04597897,0.03523009,0.01074888,True,True,-0.00123795,0.06635432,1.00000000,0.31436300,1.00000000,0.00555348,0.51385872,QCOM,QCOM
2026-06-12,KLAC,KLAC,0.05675261,0.03216147,0.02824723,0.00391424,True,True,-0.00282310,0.05837174,0.98666667,0.22624884,1.00000000,0.02727635,1.14495142,QCOM,QCOM
2026-06-15,MRVL,MRVL,0.05122532,0.03716519,0.02232303,0.01484216,True,True,-0.01943499,0.06528216,0.89333333,0.25123447,1.00000000,-0.01461955,1.30363624,AMD,AMD
2026-06-16,GOOGL,GOOGL,0.01324719,0.02767311,0.02161933,0.00605378,True,True,-0.00358326,0.02068516,0.70666667,0.15033980,0.86538462,-0.00363768,0.57748782,MRVL,MRVL
2026-06-17,MU,PANW,-0.00363563,0.03911540,0.03029319,0.00882220,False,True,-0.02972608,0.04636389,0.84000000,-0.01014174,1.00000000,-0.01474070,0.66864637,AMAT,AMAT
2026-06-18,AMZN,QCOM,0.03327696,0.02535513,0.02204359,0.00331154,False,True,-0.00016913,0.03902748,0.97333333,0.30296964,0.92307692,-0.01022162,3.07960302,MRVL,AMAT
2026-06-22,LRCX,LRCX,0.03806772,0.04811197,0.04199193,0.00612004,True,False,-0.00629815,0.03849858,0.52000000,0.21202351,1.00000000,-0.00733937,1.18943383,TSLA,TSLA
2026-06-23,AMD,AMAT,0.01449530,0.02457791,0.02257355,0.00200437,False,False,-0.00238012,0.03103711,0.56000000,0.07497613,0.80769231,0.00379262,0.83928890,GOOGL,GOOGL
2026-06-24,LRCX,LRCX,0.02369409,0.03522093,0.03483352,0.00038740,False,False,-0.01287812,0.02964834,0.24000000,0.11647453,0.96153846,0.00107405,1.00688613,CRM,CRM
2026-06-25,AMAT,AMAT,0.06952625,0.07024710,0.04436199,0.02588512,True,True,-0.02416757,0.07109475,0.90666667,0.27304303,1.00000000,0.00569740,2.14867266,ADBE,ADBE
2026-06-26,NOW,NOW,0.03656866,0.03719125,0.02818083,0.00901042,True,True,-0.00706081,0.04247023,1.00000000,0.21449412,1.00000000,0.04961144,1.06746368,NOW,NOW
2026-06-29,KLAC,KLAC,0.07099852,0.05022491,0.04406441,0.00616050,True,True,-0.03402774,0.07465328,0.93333333,0.28045152,1.00000000,0.02924311,0.94143993,KLAC,KLAC
2026-06-30,AMD,AMD,0.05219108,0.02620199,0.02306591,0.00313607,False,True,-0.01088748,0.05927429,0.97333333,0.29174152,1.00000000,-0.00270812,1.37031260,PANW,PANW
2026-07-01,AMZN,AMZN,0.02306976,0.02461893,0.02258774,0.00203118,False,True,-0.00567220,0.03665764,0.97333333,0.20679502,0.96153846,-0.01246262,0.93990545,PLTR,PLTR
2026-07-02,AAPL,AAPL,0.02610027,0.03573233,0.02050549,0.01522684,True,True,0.00000000,0.03009521,1.00000000,0.25100852,0.88461538,0.02038247,1.17174912,PLTR,PLTR
2026-07-06,TSLA,TSLA,0.05451303,0.05278639,0.03469090,0.01809549,True,True,-0.00075364,0.05509081,1.00000000,0.41757108,1.00000000,-0.00237019,1.21226936,PANW,PANW
2026-07-07,NVDA,NVDA,0.02261457,0.03006255,0.02676250,0.00330005,False,True,-0.00745164,0.03029988,0.88000000,0.20527154,0.88461538,0.00106103,0.90350763,QCOM,QCOM
2026-07-08,ANET,ANET,0.05709949,0.05240932,0.02617337,0.02623594,True,True,-0.00595516,0.05832555,0.89333333,0.27164856,1.00000000,0.02605328,1.02500404,AMAT,AMAT
2026-07-09,META,META,0.07683385,0.07532904,0.03310004,0.04222901,True,True,-0.00251593,0.08017705,1.00000000,0.48571903,1.00000000,0.00172355,1.76569666,NOW,NOW
2026-07-10,NVDA,AMAT,0.03088350,0.02449574,0.01955788,0.00493786,True,True,-0.00127052,0.03107897,0.97333333,0.26797729,1.00000000,0.01217681,0.90798422,NVDA,NVDA
