fund,fund_name,action,n_positions,n_priced,count_coverage_pct,buy_final_book_pct,buy_incremental_book_pct,priced_final_book_pct,priced_incremental_book_pct,incremental_book_coverage_pct,equal_mean_return_10d,median_return_10d,hit_rate_10d,decision_weighted_return_10d,decision_weighted_excess_10d,final_position_weighted_return_10d,estimated_book_contribution_10d_pp,equal_mean_return_20d,median_return_20d,hit_rate_20d,decision_weighted_return_20d,decision_weighted_excess_20d,final_position_weighted_return_20d,estimated_book_contribution_20d_pp,equal_mean_return_30d,median_return_30d,hit_rate_30d,decision_weighted_return_30d,decision_weighted_excess_30d,final_position_weighted_return_30d,estimated_book_contribution_30d_pp,equal_mean_return_40d,median_return_40d,hit_rate_40d,decision_weighted_return_40d,decision_weighted_excess_40d,final_position_weighted_return_40d,estimated_book_contribution_40d_pp,equal_mean_return_50d,median_return_50d,hit_rate_50d,decision_weighted_return_50d,decision_weighted_excess_50d,final_position_weighted_return_50d,estimated_book_contribution_50d_pp,equal_mean_return_60d,median_return_60d,hit_rate_60d,decision_weighted_return_60d,decision_weighted_excess_60d,final_position_weighted_return_60d,estimated_book_contribution_60d_pp,investable_decision_weighted_return_to_60d_date
bakerbros,Baker Bros. Advisors,new,7,7,100.0,0.6789492548503905,0.6789492548503905,0.6789492548503905,0.6789492548503905,100.00000000000001,-0.027377239563436944,0.009259250061012025,0.5714285714285714,-0.017897203953890602,-0.0333470070159857,-0.017897203953890602,-0.012151293288399487,-0.052280153731734016,-0.09487693816565412,0.2857142857142857,-0.046163047001311845,-0.07040646817921065,-0.046163047001311845,-0.03134236636316423,-0.06118209159712335,-0.07407411086706317,0.2857142857142857,-0.03459642408613641,-0.05578233648175857,-0.03459642408613641,-0.02348921635377042,0.06665086573153223,0.027923184446687177,0.7142857142857143,0.12784839735249903,0.1333153717375741,0.12784839735249903,0.08680257411629586,0.04669801485253766,0.05750000476837158,0.7142857142857143,0.07644578185341663,0.057444076311058044,0.07644578185341663,0.05190280662583273,0.033093744980063663,0.18305037214811382,0.5714285714285714,0.03978629722484837,0.020038613515617382,0.03978629722484837,0.027012876854066958,0.11607371330319777
bakerbros,Baker Bros. Advisors,add,11,11,100.0,13.616413335719994,3.0510340679299257,13.616413335719994,3.0510340679299257,100.0,-0.0018328490884366873,0.014718186039315295,0.6363636363636364,0.03797053618651449,0.022520733124419396,0.017351046208775797,0.11584939948262175,-0.07988268937480501,-0.1004431063891319,0.2727272727272727,-0.08828070465471774,-0.11252412583261653,-0.07339834099358165,-0.2693474374424038,-0.07544317941484784,-0.044873579149780074,0.36363636363636365,-0.11764660986725668,-0.13883252226287884,-0.11455441241117593,-0.3589438146814611,0.014356220797050144,-0.016045693370757563,0.45454545454545453,-0.026092634880149096,-0.020625660495074048,-0.03817137796688126,-0.07960951794139157,0.0947100818813161,0.12057115106416338,0.8181818181818182,0.02917462962435787,0.01017292408199929,0.026180339492767702,0.08901278890315352,0.15580842998771313,0.013850468750092881,0.6363636363636364,0.0959248596468004,0.07617717593756945,0.050554633655261264,0.2926700147437846,0.13611580653483724
casdin,Casdin Capital,new,9,9,100.0,5.859770734342658,5.859770734342658,5.859770734342658,5.859770734342658,100.0,0.05177053592295154,0.03874645781977115,0.6666666666666666,0.0927545780604617,0.0773047749983666,0.0927545780604617,0.543520561994995,0.15105826816425091,0.07900511468020799,0.8888888888888888,0.19809259700237053,0.1738491758244718,0.19809259700237053,1.160777202604425,0.08298879659883222,0.06300978986339123,0.7777777777777778,0.09668469624192788,0.0754987838463057,0.09668469624192788,0.5665501534972586,0.17961686111310288,0.1396011891422626,0.8888888888888888,0.2194046869352325,0.22487166132030753,0.2194046869352325,1.2856611634806883,0.32090925327351655,0.18708324181294178,0.8888888888888888,0.341170761376086,0.32216905583372735,0.341170761376086,1.9991824429249911,0.2516715382345996,0.14123220323983499,0.7777777777777778,0.3147175569272477,0.29496987321801676,0.3147175569272477,1.8441727296661055,0.30816263255561677
casdin,Casdin Capital,add,6,6,100.0,18.256095233923876,4.021475235071253,18.256095233923876,4.021475235071253,100.0,0.052405303535617453,0.050810149580007735,0.6666666666666666,0.08969586592984392,0.07424606286774882,0.12563704327789543,0.36070970352513865,0.1255709365200895,0.05320936033860191,0.5,0.2585545398107107,0.2343111186328119,0.23041696942655732,1.0397706787640173,0.14682559039827478,0.10303453401364493,0.6666666666666666,0.2614626409072676,0.24027672851164542,0.24619842411323897,1.0514655353049045,0.29801480945774483,0.23490941206025795,1.0,0.41921528985006096,0.424682264235136,0.44501817875130706,1.6858639062952372,0.4062268696691109,0.4045677364234651,1.0,0.5502577261349063,0.5312560205925476,0.5527950447345953,2.2128478185581453,0.4109564212097765,0.3478778383098742,0.8333333333333334,0.6152069690924583,0.5954592853832272,0.599743978162802,2.474039590648567,0.648635591306326
himalaya,Himalaya Capital (Li Lu),new,5,5,100.0,7.061530325460685,7.061530325460685,7.061530325460685,7.061530325460685,100.0,0.0500071525698492,0.04771069256195104,1.0,0.051897759755525665,0.03644795669343058,0.051897759755525665,0.3664776043371176,0.06168889618291038,0.04721380342310599,1.0,0.05589253240162912,0.03164911122373033,0.05589253240162912,0.394686812520898,0.05465427417417077,0.05866170207543009,0.8,0.05001015961279018,0.028824247217168013,0.05001015961279018,0.35314825868684707,0.005712272895120507,0.00033884016095586666,0.6,-5.323261531216596e-05,0.005413741769762873,-5.323261531216596e-05,-0.00037590372733044275,0.10624778520197227,0.09314250881756592,1.0,0.10560900557434466,0.08660730003198608,0.10560900557434466,0.7457611955049814,0.10861390317623094,0.1111569541584827,1.0,0.1092209811482063,0.08947329743897536,0.1092209811482063,0.7712672705546286,0.061912713689503955
himalaya,Himalaya Capital (Li Lu),add,1,1,100.0,2.300569877105183,0.6712710972856484,2.300569877105183,0.6712710972856484,99.99999999999999,0.22214025485102185,0.22214025485102185,1.0,0.22214025485102182,0.20669045178892675,0.22214025485102185,0.149116332625159,0.27996622622865885,0.27996622622865885,1.0,0.27996622622865885,0.25572280505076006,0.27996622622865885,0.1879332358834339,0.32999782384665477,0.32999782384665477,1.0,0.32999782384665477,0.3088119114510326,0.32999782384665477,0.22151800131542004,0.2787023215088167,0.2787023215088167,1.0,0.2787023215088167,0.2841692958938917,0.2787023215088167,0.18708481317528095,0.32483669206690857,0.32483669206690857,1.0,0.32483669206690857,0.30583498652455,0.32483669206690857,0.218053482722394,0.3816093827246212,0.3816093827246212,1.0,0.3816093827246212,0.3618616990153902,0.3816093827246212,0.2561633490760554,0.352268022360261
whalerock,Whale Rock Capital,new,11,11,100.0,17.93636439267196,17.93636439267196,17.93636439267196,17.93636439267196,100.0,0.11089370890600908,0.05310601945225413,0.9090909090909091,0.1004458699010651,0.08499606683897001,0.1004458699010651,1.8016337242844243,0.1410654092115976,0.03663857575018015,0.7272727272727273,0.10275586384134097,0.07851244266344218,0.10275586384134097,1.8430666173420762,0.21304261446129302,0.14627633445241783,0.7272727272727273,0.22886244297411162,0.20767653057848945,0.22886244297411162,4.104960172980772,0.14571526717147942,0.11210384656728767,0.6363636363636364,0.18761377938740287,0.19308075377247794,0.18761377938740287,3.3651091121788252,0.08229876426871553,0.04140156620234503,0.5454545454545454,0.07367670321077627,0.054674997668417706,0.07367670321077627,1.3214921960392272,0.06394567049656152,0.04872922036398486,0.5454545454545454,0.06527202868229795,0.045524344973066955,0.06527202868229795,1.1707428910946316,0.06527202868229795
whalerock,Whale Rock Capital,add,6,6,100.0,25.129179552186102,6.168559731030065,25.129179552186102,6.168559731030065,100.0,0.049247637656267905,0.055222686582850566,0.8333333333333334,0.0295776843615506,0.014127881299455507,0.03356501396809374,0.18245171268977872,0.08548400422341446,0.07661851876700354,0.8333333333333334,0.03956549967425147,0.015322078496352675,0.049334812947587445,0.24406214802867077,0.03890466260289971,0.009579802747777866,0.5,0.006657886475390267,-0.01452802592023192,0.018422412354855124,0.041069570405862094,0.045887953574673214,0.04303129902622693,0.5,-0.00673819357217647,-0.0012712191871014184,0.003758384370778041,-0.0415649495292134,0.10842831989024491,0.09457801068952054,0.6666666666666666,0.038208091595083454,0.019206386052724865,0.06049936009365114,0.2356888952129401,0.03830856284412661,-0.025643301144779307,0.5,-0.01152880015678455,-0.0312764838660155,-0.0010873472286867182,-0.07111609239423428,-0.01152880015678455
baupost,Baupost Group (Klarman),add,3,3,100.0,21.018340768427763,6.418712822316635,21.018340768427763,6.418712822316635,100.00000000000001,0.020659209574503512,0.015548188784115569,1.0,0.012454207961928265,-0.0029955951001668256,0.010985295167141388,0.07993998433702688,0.01363265673902192,0.030292192643330385,0.6666666666666666,-0.010721540486569283,-0.034964961664468074,-0.010063479236162024,-0.0688184893961292,0.0013964764760908317,0.020336631202093836,0.6666666666666666,-0.028939875884634664,-0.05012578828025685,-0.02334255511934954,-0.1857567524169565,-0.021347429184458495,-0.008415101590206753,0.3333333333333333,-0.06030997576364857,-0.054843001378573536,-0.05103531006081972,-0.3871124147477366,0.03131735202038188,0.022786125805718926,0.6666666666666666,-0.020831871317377,-0.03983357685973558,-0.026391658126580616,-0.1337137995376979,0.03888088199885512,0.048521066018155645,0.6666666666666666,-0.009619933599132342,-0.02936761730836331,-0.012020075514189085,-0.06174759114258538,-0.009619933599132342
baupost,Baupost Group (Klarman),new,6,6,100.0,15.805609749422329,15.805609749422329,15.805609749422329,15.805609749422329,100.0,0.014794730861931707,0.004404273731452246,0.8333333333333334,0.01334348755257831,-0.002106315509516782,0.01334348755257831,0.21090195695232725,0.03509550419664744,0.018479933722537423,0.6666666666666666,0.022370100918404218,-0.0018733202594945762,0.022370100918404218,0.3535730851714911,0.05410331319678265,0.022132148664330553,0.6666666666666666,0.03580600533991194,0.014620092944289767,0.03580600533991194,0.5659357470883801,0.06699383624507106,0.02296566567818281,0.6666666666666666,0.03910292541212742,0.04456989979720246,0.03910292541212742,0.6180455791248552,0.09385512532036067,0.09196515296186303,0.8333333333333334,0.09668890594128275,0.07768720039892416,0.09668890594128275,1.5282271144065172,0.09260082999069236,0.08291933058037038,0.8333333333333334,0.0915465819408334,0.07179889823160243,0.0915465819408334,1.4469495480503265,0.0915465819408334
duquesne,Duquesne Family Office (Druckenmiller),add,9,9,100.0,34.77387654923496,10.757725857922889,34.77387654923496,10.757725857922889,100.0,0.050443582808126726,0.028946976813886804,0.6666666666666666,0.08849011343483566,0.07304031037274056,0.06597823413665656,0.9519523814684612,0.14463973570109592,0.10567013458605978,0.8888888888888888,0.20465842116105445,0.18041499998315566,0.17077235274058708,2.2016591893659485,0.14794772830260083,0.16001089317230766,0.8888888888888888,0.18650459628429125,0.16531868388866902,0.16191135106328827,2.006365318068989,0.10941846304933016,0.05199508194679625,0.8888888888888888,0.17940302720268014,0.1848700015877552,0.24979202338337758,1.9299685847279158,0.15263349281349176,0.14660822194525558,0.8888888888888888,0.23045659085654197,0.2114548853141834,0.33161737437345085,2.479188826586177,0.15850237089903677,0.14304143157515004,0.8888888888888888,0.23717764972940766,0.21742996602017672,0.3100558892442181,2.5514921354154265,0.23717764972940766
duquesne,Duquesne Family Office (Druckenmiller),new,30,30,100.0,15.671038027403231,15.671038027403231,15.671038027403231,15.671038027403231,100.0,0.0578425297653876,0.031109967180579234,0.6,0.05620111876333927,0.040751315701244184,0.05620111876333927,0.8807298693228949,0.10947721637501867,0.06368661702990708,0.6333333333333333,0.10776239386687146,0.08351897268897268,0.10776239386687146,1.6887485722117475,0.12672789694655404,0.05785160244293375,0.6666666666666666,0.12607334267443301,0.10488743027881087,0.12607334267443301,1.9757001472928784,0.10036570967069092,0.024253989522436403,0.6666666666666666,0.10542953157158312,0.11089650595665819,0.10542953157158312,1.6521901984695886,0.07783212728214153,0.06289088956335886,0.5333333333333333,0.09392576582879067,0.07492406028643209,0.09392576582879067,1.4719142480559495,0.0743534445342287,0.008224308057796725,0.5,0.0903626746453762,0.07061499093614525,0.0903626746453762,1.4160769106255562,0.0903626746453762
elliott,Elliott Investment Management,add,4,4,100.0,6.678608023072458,2.039262974676088,6.678608023072458,2.039262974676088,100.0,0.050149403846471374,0.02084370862757512,1.0,0.08526829719778624,0.06981849413569116,0.08138504431143397,0.17388448138912233,0.15392084751679186,0.005403478692775687,0.75,0.3199898551503612,0.2957464339724624,0.3057566905230905,0.6525434638800962,0.12316814364596665,0.012158169760874693,0.75,0.246491347492787,0.2253054350971648,0.23552823371207304,0.5026606785200581,0.1408302070915156,0.03807504026258479,1.0,0.2546886634861857,0.2601556378712607,0.2421791716719854,0.5193771615171162,0.09266559055212725,0.06782140817040938,0.75,0.14902286660906391,0.13002116106670533,0.14133468982465172,0.30389681425595755,0.12520815119064518,0.03737077298086,0.75,0.24501917894724795,0.225271495238017,0.23369184804336043,0.4996585397126576,0.24684553213471372
elliott,Elliott Investment Management,new,7,7,100.0,5.098210898067918,5.098210898067918,5.098210898067918,5.098210898067918,100.0,0.025646168716409696,0.027247887122631154,0.7142857142857143,0.03619315414266915,0.020743351080574055,0.03619315414266915,0.18452033288560787,0.03991507570436131,0.04683240556632895,0.7142857142857143,0.05728772243609678,0.03304430125819798,0.05728772243609678,0.29206489084919857,0.040976825099519686,0.026566717581515853,0.7142857142857143,0.07312243982768232,0.05193652743206014,0.07312243982768232,0.37279361962280555,0.01272712125432047,0.029452080226750388,0.5714285714285714,0.06135817106761579,0.06682514545269085,0.06135817106761579,0.31281689642243443,0.009771980125719877,0.06396087419498575,0.7142857142857143,0.04763394510156581,0.028632239559207222,0.04763394510156581,0.2428478980347717,-0.005921890122011751,0.022848502190189635,0.5714285714285714,0.04224303591969067,0.02249535221045971,0.04224303591969067,0.21536390609324146,0.04356942005353722
fairholme,Fairholme Capital (Berkowitz),add,2,2,100.0,0.9641718806803491,0.5816184199931236,0.9641718806803491,0.5816184199931236,100.0,-0.001909150420147443,-0.001909150420147443,0.5,-0.00429203162022602,-0.01974183468232111,-0.004196161672763714,-0.0024963246495163837,-0.014620593765702294,-0.014620593765702294,0.0,-0.020611888449477155,-0.044855309627375946,-0.020370841977439127,-0.011988253993059417,0.022027177658665797,0.022027177658665797,1.0,0.01938948012952514,-0.001796432266097037,0.01949560204761817,0.011277278797422477,0.06517457576779151,0.06517457576779151,1.0,0.0976600556969534,0.10312703008202842,0.09635307436108409,0.05680088729090248,0.103134830139748,0.103134830139748,1.0,0.15108670931790333,0.13208500377554475,0.14915747166334592,0.08787481315543928,0.07657140828674813,0.07657140828674813,1.0,0.12541687513404054,0.10566919142480956,0.12345168595873994,0.07294476475593553,0.1028954304325838
fairholme,Fairholme Capital (Berkowitz),new,2,2,100.0,0.1779199424926925,0.1779199424926925,0.1779199424926925,0.1779199424926925,100.00000000000001,0.041900117389588876,0.041900117389588876,1.0,0.04089624515520603,0.025446442093110942,0.04089624515520603,0.007276257586181311,0.012768899862634076,0.012768899862634076,0.5,-0.011795200683913641,-0.036038621861812434,-0.011795200683913641,-0.002098601427371682,0.07468854075995213,0.07468854075995213,1.0,0.06783977656888904,0.04665386417326686,0.06783977656888904,0.012070049145853846,0.06889100825268923,0.06889100825268923,1.0,0.031078453049051578,0.036545427434126615,0.031078453049051578,0.0055294765792491,0.1108412255924518,0.1108412255924518,1.0,0.104535677011916,0.08553397146955742,0.104535677011916,0.018598981642394773,0.12167824097653379,0.12167824097653379,1.0,0.11591275575618891,0.09616507204695796,0.11591275575618891,0.020623190838310643,0.09573159825754772
basswood,Basswood Capital Management,new,15,15,100.0,5.79332306892252,5.79332306892252,5.79332306892252,5.79332306892252,100.00000000000001,0.03763752080118028,0.04349490029827696,0.9333333333333333,0.03587120239300028,0.020421399330905192,0.03587120239300028,0.20781346433335726,0.05484286685769791,0.05224060218283322,0.9333333333333333,0.04128363997482781,0.017040218796929008,0.04128363997482781,0.2391694638352619,0.08769813011601753,0.08410476752164442,0.9333333333333333,0.0657762059860534,0.04459029359043122,0.0657762059860534,0.3810628115252027,0.1053946436424809,0.10903425082608353,0.9333333333333333,0.0824258935471224,0.08789286793219744,0.0824258935471224,0.4775198305630961,0.1402478192474639,0.14641746171522074,1.0,0.11970784516248847,0.10070613962012988,0.11970784516248847,0.6935062209108496,0.1355973487445006,0.14259522787877255,1.0,0.11981207897355971,0.10006439526432874,0.11981207897355971,0.6941100810530902,0.11981207897355971
basswood,Basswood Capital Management,add,18,18,100.0,21.722938022091753,5.207476231603104,21.722938022091753,5.207476231603104,100.0,0.03608072647094873,0.04303594722083637,0.7777777777777778,0.03884469323719625,0.023394890175101157,0.03951645144085171,0.20228281675661328,0.03499892522586134,0.036291882538274756,0.7222222222222222,0.03793957562125207,0.013696154443353273,0.04335292206952333,0.1975694382847787,0.07236511110272176,0.07286607578277937,0.9444444444444444,0.06384047364452686,0.04265456124890467,0.0770591802452123,0.33244774911815794,0.08430234218755192,0.09674667615608745,0.9444444444444444,0.07837526805279593,0.08384224243787097,0.0996233705893023,0.4081373455304569,0.1291371335151204,0.1260583401761508,0.9444444444444444,0.11732619011043044,0.09832448456807184,0.1348490304900526,0.6109733463446136,0.1336823278532154,0.12085182581925613,0.9444444444444444,0.11605097621052077,0.0963032925012898,0.13526548179582107,0.6043327002706241,0.11605097621052077
sachem,Sachem Head Capital,new,7,7,100.0,30.227707382416238,30.227707382416238,30.227707382416238,30.227707382416238,100.0,0.04486481549876131,0.03408111731466601,0.7142857142857143,0.03676232200729178,0.02131251894519669,0.03676232200729178,1.1112407123345767,0.1403931074946046,0.05368498530350507,0.7142857142857143,0.10229439473383539,0.0780509735559366,0.10229439473383539,3.092125030875757,0.10463682020256453,0.10202484820507007,0.7142857142857143,0.1037297502274189,0.08254383783179672,0.1037297502274189,3.1355125367255425,0.040670318605621945,0.02325167747525647,0.5714285714285714,0.050970377900324104,0.05643735228539914,0.050970377900324104,1.5407176683421724,-0.013074844163046146,-0.07900812049028894,0.42857142857142855,0.03696941719809864,0.01796771165574004,0.03696941719809864,1.1175007251625921,-0.03553103941241636,-0.08380959229311502,0.2857142857142857,0.007389397249569905,-0.012358286459661045,0.007389397249569905,0.22336453779243048,0.010498620552622668
sachem,Sachem Head Capital,add,4,4,100.0,26.458328666753435,7.5036904098266355,26.458328666753435,7.5036904098266355,100.0,0.07881918456981463,0.060638797160180835,1.0,0.11904461308387179,0.1035948100217767,0.10704325923700878,0.8932739215389712,0.04193462482753843,0.025582526942557027,0.75,0.07370693770908547,0.04946351653118669,0.058773652838552244,0.5530740416253539,0.06488871333680685,0.040958785648930185,1.0,0.09851830281509424,0.07733239041947207,0.08410539391183602,0.7392508440260191,0.0934485185280492,0.07420508388320501,1.0,0.14814630698543793,0.15361328137051297,0.12970286567086464,1.1116440229778632,0.0781901872167085,0.06733795751112004,1.0,0.09866959361793264,0.07966788807557405,0.09034746076887933,0.7403860833723725,0.07009389110296912,0.05544015008138392,0.75,0.1105320660219787,0.09078438231274773,0.09210817774701006,0.829398403787446,0.1409275828548263
lightstreet,Light Street Capital,add,7,7,100.0,46.30396221987539,13.729751722498362,46.30396221987539,13.729751722498362,99.99999999999999,0.0569107544687431,0.04420744815294464,0.8571428571428571,0.05454252823503963,0.03909272517294454,0.04889444393327594,0.748855370984451,0.12977464247635723,0.10033388091265572,0.8571428571428571,0.09272076134514531,0.06847734016724653,0.12366155447629222,1.2730330327898685,0.1281974372062425,0.19653422014027955,0.8571428571428571,0.13369156534388757,0.11250565294826538,0.12302927643856147,1.8355519995637428,0.10690557756288419,0.15870615808344457,0.7142857142857143,0.12525069664995322,0.13071767103502827,0.10992817003228093,1.719660968073815,0.20064854367120732,0.214954899776161,0.7142857142857143,0.15005751568880282,0.13105581014644424,0.17364605403094235,2.0602524345021656,0.16852791998575078,0.18316654544575384,0.7142857142857143,0.10927458829399198,0.08952690458476101,0.12383683812982077,1.5003129668547357,0.10927458829399198
lightstreet,Light Street Capital,new,5,5,100.0,8.543832278742588,8.543832278742588,8.543832278742588,8.543832278742588,100.0,0.024660248668454045,0.054127212800296975,0.6,0.016336690134302053,0.0008868870722069563,0.016336690134302053,0.13957794049726546,0.08346474407051255,0.055879623946482715,0.8,0.08696643644800464,0.06272301527010586,0.08696643644800464,0.743026646891678,0.059781656557656174,0.06265497946346477,0.6,0.0742430376374322,0.05305712524181003,0.0742430376374322,0.6343200614385941,0.05582586589350125,0.0705356210708048,0.8,0.08819901307799637,0.09366598746307142,0.08819901307799637,0.753557574889025,0.10146115834884888,0.1879651750341329,0.8,0.17648320822998306,0.1574815026876245,0.17648320822998306,1.5078429311313788,0.0743909208138704,0.10049620642338675,0.6,0.11626624730768782,0.09651856359845686,0.11626624730768782,0.9933593166756918,0.11626624730768782
racapital,RA Capital Management,new,24,23,95.83333333333333,9.212223191397221,9.212223191397221,9.077657134470194,9.077657134470194,98.53926621043342,0.01872326127866179,0.03654187501375894,0.5652173913043478,-0.033581412831200176,-0.04903121589329527,-0.033581412831200176,-0.30484055177273317,0.00872744446912261,-0.038337436090157495,0.391304347826087,-0.06658710229066515,-0.09083052346856395,-0.06658710229066515,-0.6044548841725531,0.006424111937411721,-0.028235267190372282,0.34782608695652173,-0.07102209607619002,-0.0922080084718122,-0.07102209607619002,-0.6447142371510539,0.09205397147798441,0.059734509306605954,0.5652173913043478,0.0028715477202632227,0.008338522105338265,0.0028715477202632227,0.026066925649819064,0.1531396224379207,0.21138206402255943,0.7391304347826086,0.06208616038387887,0.04308445484152026,0.06208616038387887,0.5635968767605787,0.11940972516657286,0.20132740071949673,0.6521739130434783,0.04686777081778741,0.027120087108556443,0.04686777081778741,0.4254495541408018,0.09177060146331008
racapital,RA Capital Management,add,12,12,100.0,11.068491813419683,3.6205530553281458,11.068491813419683,3.6205530553281458,100.0,0.021801118667027525,0.022174305845168663,0.6666666666666666,-0.00011308122304379697,-0.015562884285138889,0.0012958362273757416,-0.00040941656759146267,0.03637334065004849,0.04983796211181457,0.6666666666666666,-0.021887232555395524,-0.04613065373329432,-0.02894252959001134,-0.07924388670111493,0.06992333543674129,0.041444347399106296,0.75,0.03274743600981074,0.01156152361418856,0.03784259910255581,0.11856382949948321,0.13067224783070988,0.06694763788688063,0.8333333333333334,0.08925968631547308,0.09472666070054811,0.08288276942844909,0.32316943000711795,0.27047825877100007,0.1949505483733791,0.9166666666666666,0.17200894455687823,0.15300723901451965,0.15401688788119341,0.6227675097591752,0.22099560654974412,0.19337201555482542,0.8333333333333334,0.15829025153798446,0.13854256782875346,0.14201576365332905,0.5730982538345103,0.20205880220227335
corvex,Corvex Management,new,3,3,100.0,2.033999309833075,2.033999309833075,2.033999309833075,2.033999309833075,100.0,0.06898597459663251,0.046505846509725446,0.6666666666666666,0.04813026231752467,0.03268045925542958,0.04813026231752467,0.09789692033593003,0.04997831777868086,0.051909261851700306,1.0,0.04209218969456964,0.017848768516670842,0.04209218969456964,0.08561548478811751,0.0603968785536253,0.06390741145605605,0.6666666666666666,0.030024952195658493,0.008839039800036322,0.030024952195658493,0.061070732043740444,0.06569863565305774,0.07130965520402843,0.6666666666666666,0.007716416352716627,0.013183390737791666,0.007716416352716627,0.01569518553581027,0.0319840014940315,0.07928965171304858,0.6666666666666666,-0.03776144790470537,-0.05676315344706395,-0.03776144790470537,-0.07680675897646834,-0.012712258357981584,0.051424019056585335,0.6666666666666666,-0.08557681980163313,-0.10532450351086411,-0.08557681980163313,-0.1740631924142312,-0.09229742562306459
soros,Soros Fund Management,new,102,88,86.27450980392157,21.011726686728817,21.011726686728817,16.94134504046586,16.94134504046586,80.62804781848868,0.038828461018248044,0.021744449616523776,0.7159090909090909,0.025612105896524295,0.010162302834429203,0.025612105896524295,0.43390352320596826,0.05618471085521181,0.013191050833370133,0.6363636363636364,0.028975016016360818,0.004731594838462026,0.028975016016360818,0.49087574388619315,0.05073697742284308,0.03025171517484726,0.6818181818181818,0.033220576294376,0.012034663898753831,0.033220576294376,0.5628012454461445,0.03391634174772796,0.00572412264955835,0.5340909090909091,0.012524031642157013,0.017991006027232054,0.012524031642157013,0.2121739413474942,0.05865684669304045,0.045245679029831676,0.6818181818181818,0.042201131259057736,0.023199425716699154,0.042201131259057736,0.7149439257576865,0.04317966733583386,0.035164194222546796,0.6590909090909091,0.04074206939456903,0.02099438568533807,0.04074206939456903,0.6902254552759979,0.03312753757647371
soros,Soros Fund Management,add,39,33,84.61538461538461,45.06730481788971,24.630848089278395,40.36266588466855,22.49320897608293,91.32129309779648,0.014467166925318764,0.0026048879796589652,0.6060606060606061,0.01351991721368749,-0.001929885848407597,0.008034790216004848,0.3041063232268136,0.03371246001614538,0.011881157903387951,0.7272727272727273,0.027765281070722778,0.003521859892823989,0.02442495625467768,0.624530269403447,0.02878656165744753,0.018551252654377626,0.696969696969697,0.025166859795662213,0.003980947400040037,0.014610616753626838,0.5660834366556099,0.010389013425726111,0.006753467804507585,0.5757575757575758,0.010050051055517192,0.01551702544059223,-0.00415472758020032,0.22605789861205103,0.031910437712092385,0.023744281392594102,0.6666666666666666,0.016459280433303233,-0.002542425109055342,-0.00024256304085758877,0.37022203438224244,0.010072283417397227,0.018522784856393137,0.6363636363636364,0.004122057119293105,-0.015625626589937863,-0.005820904576466278,0.09271829219561022,0.006067329413776896
altimeter,Altimeter Capital,new,2,2,100.0,5.663595924871748,5.663595924871748,5.663595924871748,5.663595924871748,100.0,0.25948558860315635,0.25948558860315635,0.5,0.4274495774839637,0.41199977442186864,0.4274495774839637,2.4209016851263274,0.5953162809021915,0.5953162809021915,1.0,0.7690286246839677,0.7447852035060689,0.7690286246839677,4.355467384869844,0.5516986546350061,0.5516986546350061,1.0,0.8074747533854799,0.7862888409898579,0.8074747533854799,4.573210722710824,0.44112805024830326,0.44112805024830326,1.0,0.6087073356943519,0.6141743100794269,0.6087073356943519,3.4474723858780703,0.5643761489920692,0.5643761489920692,1.0,0.5499448037519836,0.5309430982096252,0.5499448037519836,3.1146651494341278,0.3703904329436898,0.3703904329436898,1.0,0.3545176080963377,0.3347699243871068,0.3545176080963377,2.0078444805096978,0.3194403810605028
altimeter,Altimeter Capital,add,5,5,100.0,53.20760039698568,9.601405035950084,53.20760039698568,9.601405035950084,100.0,-0.02270383922486636,-0.013140760689720032,0.2,-0.03980673560822928,-0.05525653867032437,-0.03600277211902518,-0.3822005917335861,0.005117284922116871,-0.014769877093815387,0.4,-0.013217417940432368,-0.03746083911833116,-0.006564258200885529,-0.1269057831755243,-0.014132208985995497,-0.029830842629023024,0.2,-0.025399719523429395,-0.046585631919051566,-0.022519980509153808,-0.24387299494397463,-0.039869503387777505,-0.05983229837601267,0.2,-0.05536663475567667,-0.04989966037060164,-0.0587313037462242,-0.5315974857667629,-0.07203737733916227,-0.11923668336615001,0.2,-0.08976286433364658,-0.10876456987600516,-0.08200629222096621,-0.8618496176543784,-0.0790567422021063,-0.058908027468540736,0.2,-0.0800552097582282,-0.09980289346745916,-0.0626797159702863,-0.7686424941266925,-0.06819817844198864
starboard,Starboard Value,new,4,4,100.0,13.22983688749763,13.22983688749763,13.22983688749763,13.22983688749763,100.0,0.026767781341479058,0.025320870835174092,0.75,0.029950504062948358,0.014500701000853261,0.029950504062948358,0.3962402834511418,0.05786387582317967,-0.0003496876259286852,0.5,0.09742834802623566,0.07318492684833688,0.09742834802623566,1.2889611526054494,0.16537722412941075,0.11764886954999754,1.0,0.21855232953563955,0.1973664171400174,0.21855232953563955,2.8914116711391418,0.1499324913096467,0.10718664203505623,1.0,0.20099769047514088,0.20646466486021592,0.20099769047514088,2.65916665974985,0.20649206741634635,0.20283635636417674,1.0,0.23051569302050143,0.21151398747814287,0.23051569302050143,3.0496850186697095,0.19701703035857254,0.1332115062293282,1.0,0.2705662234393497,0.25081853973011875,0.2705662234393497,3.579547003368835,0.2735257939768019
starboard,Starboard Value,add,4,4,100.0,15.39190754225709,2.0903504073718198,15.39190754225709,2.0903504073718198,100.0,0.06293086720947227,0.05390831021930431,1.0,0.07140097237892726,0.05595116931683216,0.05919009927328632,0.14925305169903463,0.1323548740276303,0.1106715228163705,1.0,0.12774888338338125,0.10350546220548248,0.11462268974573502,0.2670399304217461,0.15359714500568789,0.11475488553968849,1.0,0.13946001144178238,0.11827409904616021,0.13102718065616556,0.29152029172940847,0.1655846578447434,0.11930745304835122,1.0,0.14370264133274924,0.14916961571782425,0.13565930076257196,0.30038887485031884,0.14522953784442685,0.0700409331553179,0.75,0.07367120433375432,0.05466949879139574,0.10328548466650385,0.1539986319906359,0.11296536067320287,0.056215648522663475,0.75,0.01948738011863703,-0.00026030359059394195,0.06745122382145968,0.04073545296960242,0.023775639272070572
