ticker,as_of,close,return_1d,return_5d,return_10d,return_20d,return_63d,return_126d,distance_50d,distance_200d,drawdown_252d,source
AAPL,2026-07-13,317.30999755859375,0.0063110179758711915,0.014872365643255225,0.11815490493878689,0.07333488589690074,0.219296463979346,0.22722172794229611,0.062393164242821264,0.1648053008508794,0.0,Yahoo Finance auto-adjusted close snapshot through 2026-07-13
AMZN,2026-07-13,247.30999755859375,0.008029678202122081,0.01290135095526801,0.06283035353385658,0.02401558189590225,0.03746116491679419,0.004141476715523451,-0.02526407907906536,0.05929679555113032,-0.10065818269308457,Yahoo Finance auto-adjusted close snapshot through 2026-07-13
BMY,2026-07-13,59.34000015258789,0.030566138686435096,0.04656083516975906,0.04328664139718463,0.05465460957753332,0.023709421144044507,0.0845903989821506,0.05321674617243266,0.11446738870127948,-0.02792034303815838,Yahoo Finance auto-adjusted close snapshot through 2026-07-13
CB,2026-07-13,354.739990234375,0.019866037802562353,-0.0050206393600835675,0.03895263501016144,0.08513042201373078,0.08519657408546721,0.14024696725296315,0.07780478562860282,0.13585393467872509,-0.017803314102226686,Yahoo Finance auto-adjusted close snapshot through 2026-07-13
CME,2026-07-13,245.1000061035156,0.02010239208044262,0.044045032538023055,0.10904980137337383,-0.06514603344804892,-0.16569310188004382,-0.05392855670406704,-0.06769139641320354,-0.10625905014224446,-0.22728511666243822,Yahoo Finance auto-adjusted close snapshot through 2026-07-13
EWY,2026-07-13,168.02000427246094,-0.08445945749319039,-0.11498552082822622,-0.14831708580640246,-0.15542373474159465,0.21112960028086825,0.576320574585977,-0.11786075079284508,0.2842245419282883,-0.23348537129708968,Yahoo Finance auto-adjusted close snapshot through 2026-07-13
GILD,2026-07-13,131.39999389648438,0.012092675370001915,0.013810610891933361,0.0275257797831423,0.05079500002257409,-0.04839505490710683,0.10230134717641715,0.015670573283653733,0.017782772705181138,-0.146247085230247,Yahoo Finance auto-adjusted close snapshot through 2026-07-13
GOOGL,2026-07-13,352.510009765625,-0.013074592658932294,-0.03806686136203541,0.044814589824013096,-0.014702125414565947,0.11184138398699028,0.08458966090164877,-0.054114533664606834,0.1047504041763152,-0.1239368269383111,Yahoo Finance auto-adjusted close snapshot through 2026-07-13
IBB,2026-07-13,189.5500030517578,-0.013068804221296415,-0.02949154973548096,0.011688740575747314,0.11195174003653174,0.11930488992384491,0.10133016768171732,0.07971709814818739,0.12436512417677159,-0.043787483543669126,Yahoo Finance auto-adjusted close snapshot through 2026-07-13
ICE,2026-07-13,137.6699981689453,0.017817564394382535,0.020458041893976375,0.11149683102326402,-0.005746769239924232,-0.13959336403800215,-0.14416783617437945,-0.035743049269739924,-0.11173435908745999,-0.2601231452319601,Yahoo Finance auto-adjusted close snapshot through 2026-07-13
IGV,2026-07-13,92.6999969482422,0.003138115730339841,-0.02204878095895013,0.05102040992859358,0.019768805804395884,0.24169523073921728,-0.11224268068447107,0.005218280741010828,-0.0377040183328895,-0.21285868164560195,Yahoo Finance auto-adjusted close snapshot through 2026-07-13
JNJ,2026-07-13,257.7699890136719,0.0030740835612532713,-0.00601549238178456,0.012212303882980224,0.08156751996501743,0.08719463381994208,0.2667346629042282,0.09097263438858905,0.17373356611483026,-0.035436317792100436,Yahoo Finance auto-adjusted close snapshot through 2026-07-13
KO,2026-07-13,84.25,0.00910291239281813,0.015549673695316901,0.019605504059423406,0.027431759270114098,0.09453910740498817,0.23074796908712591,0.04812659516411322,0.1384439327508058,0.0,Yahoo Finance auto-adjusted close snapshot through 2026-07-13
MAGS,2026-07-13,66.98999786376953,-0.010195071487809737,0.01071211674032857,0.08749999225913685,0.0320442779896859,0.09568201721492908,0.01684882599617854,-0.0017137674498182154,0.0362003707762657,-0.05568091967433009,Yahoo Finance auto-adjusted close snapshot through 2026-07-13
MCK,2026-07-13,812.280029296875,0.00784158910109456,0.03576763134120298,0.06387607091912395,0.031872898255381976,-0.06056122102512673,-0.0009525500362770334,0.0568723257996786,-0.019733293865342172,-0.18330185506101215,Yahoo Finance auto-adjusted close snapshot through 2026-07-13
META,2026-07-13,656.72998046875,-0.018648916026568707,0.0940212305840551,0.193512004486597,0.1564109665686606,0.04362666790817138,0.01832872918634232,0.09482458461143417,0.02423686077581566,-0.1659715825253646,Yahoo Finance auto-adjusted close snapshot through 2026-07-13
MSFT,2026-07-13,390.989990234375,0.015294687191659273,0.01098929541117366,0.04831484825775201,0.0016651993200351711,0.05653415472550649,-0.17857565779708973,-0.029025005359439526,-0.11165384124567512,-0.2741413346187168,Yahoo Finance auto-adjusted close snapshot through 2026-07-13
MU,2026-07-13,937.0,-0.04319410632108711,-0.048489464331048504,-0.17237545340127647,-0.05896943236794561,1.2281654256448618,1.8669128497641938,0.032738541416055256,1.0014761791747149,-0.22777276154670723,Yahoo Finance auto-adjusted close snapshot through 2026-07-13
NVDA,2026-07-13,203.52999877929688,-0.03521998340020871,0.04080795501407852,0.057133953512406466,-0.00654071542845569,0.08024812788490765,0.10126585936321542,-0.026005480508279444,0.0622925248177395,-0.13562737242435463,Yahoo Finance auto-adjusted close snapshot through 2026-07-13
PGR,2026-07-13,234.47999572753903,0.01629678609111629,0.012129311437834689,0.04566339271983444,0.15981476029114305,0.20838671064713532,0.10112839484375269,0.13391155552130352,0.1262779831019254,-0.011736865169304056,Yahoo Finance auto-adjusted close snapshot through 2026-07-13
QQQ,2026-07-13,711.739990234375,-0.01897977883957569,-0.015328874377537605,0.007388284208263762,-0.006411508268807542,0.1660237335464101,0.14980674597974541,-0.00540726960255844,0.11696165152748339,-0.04508123994557667,Yahoo Finance auto-adjusted close snapshot through 2026-07-13
REGN,2026-07-13,663.0900268554688,-0.0021519181269963328,0.020436788210045354,0.04770106063648227,0.0844018578452157,-0.11322338698908219,-0.16994886552864896,0.02264488547402399,-0.05378422598947907,-0.181455392570111,Yahoo Finance auto-adjusted close snapshot through 2026-07-13
RSP,2026-07-13,214.22999572753903,-0.0003266790630976901,-0.0035814152207487293,0.018639143238319722,0.025314272214308486,0.09361645778701955,0.09936051281754099,0.031105098331371872,0.0904413708364662,-0.0035814152207487293,Yahoo Finance auto-adjusted close snapshot through 2026-07-13
RSPH,2026-07-13,34.099998474121094,0.003531457725171716,-0.006120748783571939,0.01821429576238298,0.06609403527786872,0.1184391041236601,0.03670882919681273,0.07538521568180312,0.08782932323472803,-0.012166917093656027,Yahoo Finance auto-adjusted close snapshot through 2026-07-13
SMH,2026-07-13,585.6199951171875,-0.041585573476523474,-0.030911787279699454,-0.04249438507684855,-0.03910085587421175,0.3404595966214399,0.5452529899744871,-0.010650024537530167,0.34861246866560514,-0.12451597579835649,Yahoo Finance auto-adjusted close snapshot through 2026-07-13
SPY,2026-07-13,749.1699829101562,-0.007656174850540931,-0.0028086017256355733,0.027682125881170583,0.018081765701204233,0.10543669942551404,0.09229930123249419,0.011443116974079182,0.08331789254194155,-0.011151054591395315,Yahoo Finance auto-adjusted close snapshot through 2026-07-13
UNH,2026-07-13,429.0899963378906,0.010527062484350314,0.026555674448786704,0.0028044162012965668,0.06408764065913042,0.41800266891173665,0.25384354855279034,0.08046736151301803,0.27639229829828427,-0.00599980629594743,Yahoo Finance auto-adjusted close snapshot through 2026-07-13
VEEV,2026-07-13,196.80999755859375,0.03518831587010407,0.02499871459340608,0.1485177220914693,0.2182605623073819,0.2996764648861421,-0.18390282563461324,0.16245963709604538,-0.06629226773257968,-0.35729215343857923,Yahoo Finance auto-adjusted close snapshot through 2026-07-13
WDC,2026-07-13,555.5499877929688,-0.04641349459490185,-0.03794207970422059,-0.05268995442215807,0.0496136538679528,0.6180730577380849,1.962280447961175,0.011804900926539297,0.8268289607981927,-0.25552443303873185,Yahoo Finance auto-adjusted close snapshot through 2026-07-13
WM,2026-07-13,236.7100067138672,0.014485942040405986,0.03375845545706979,0.049572154458755735,0.08190508696756815,0.03611163003058082,0.09557101375418409,0.07149042838016073,0.07380672085181383,-0.031758974376578486,Yahoo Finance auto-adjusted close snapshot through 2026-07-13
XBI,2026-07-13,155.33999633789062,-0.023203184743321725,-0.03401530566350541,-0.0002574883747239465,0.1714063210887753,0.20127070569548455,0.25691123812157723,0.10918438760513127,0.23957028910134337,-0.05441929941463386,Yahoo Finance auto-adjusted close snapshot through 2026-07-13
XLE,2026-07-13,56.7400016784668,0.030137977346184286,0.06794655632932067,0.05386332685104045,0.0005111508785013985,0.0036739848109301754,0.23571626476671304,0.005711779624895552,0.11251466688936618,-0.08648984280788252,Yahoo Finance auto-adjusted close snapshot through 2026-07-13
XLF,2026-07-13,56.06999969482422,0.006462046603262328,-0.0012468773705959224,0.04666791141015336,0.06929705265568575,0.10826103977261758,0.011728785027661726,0.06481105893178385,0.07345990648358547,-0.0012468773705959224,Yahoo Finance auto-adjusted close snapshot through 2026-07-13
XLP,2026-07-13,84.58999633789062,0.005587179932987851,0.0058263718508901885,-0.0014166302429347022,-0.0010914011035098037,0.03407711524103929,0.09199853604131536,0.010361162420345238,0.045779872283292056,-0.048368304120320116,Yahoo Finance auto-adjusted close snapshot through 2026-07-13
XLV,2026-07-13,161.41000366210938,0.0035439401715806618,-0.0033959189241669074,0.006673365028422973,0.05212450123586376,0.1005489341239516,0.029524144045082634,0.06706030654823936,0.07754730140428312,-0.018426165983404963,Yahoo Finance auto-adjusted close snapshot through 2026-07-13
